document_id	sentence	named entity mention 	named entity QID	named entity type	property	property value QID	in_web	in_corpus	Verified	Source
TheMusicalTimes__1875-388.txt_1671	The artists engaged were the Misses Agnes Drummond, Josephine Pulham, Marian Haigh, Florence Wydford, and Messrs. Henry Guy, Theodore Distin, E. Stone, and Thurley Beale.	Agnes Drummond	NIL	person	given name	Q394431	no	yes	yes	
TheMusicalTimes__1875-388.txt_1671	The artists engaged were the Misses Agnes Drummond, Josephine Pulham, Marian Haigh, Florence Wydford, and Messrs. Henry Guy, Theodore Distin, E. Stone, and Thurley Beale.	Agnes Drummond	NIL	person	sex or gender	Q6581072	no	yes	yes	
TheMusicalTimes__1875-388.txt_1671	The artists engaged were the Misses Agnes Drummond, Josephine Pulham, Marian Haigh, Florence Wydford, and Messrs. Henry Guy, Theodore Distin, E. Stone, and Thurley Beale.	Agnes Drummond	NIL	person	country of citizenship	Q145	no	yes	yes	
TheMusicalTimes__1875-388.txt_1671	The artists engaged were the Misses Agnes Drummond, Josephine Pulham, Marian Haigh, Florence Wydford, and Messrs. Henry Guy, Theodore Distin, E. Stone, and Thurley Beale.	Agnes Drummond	NIL	person	occupation	Q177220	no	yes	yes	
TheMusicalTimes__1875-388.txt_1671	The artists engaged were the Misses Agnes Drummond, Josephine Pulham, Marian Haigh, Florence Wydford, and Messrs. Henry Guy, Theodore Distin, E. Stone, and Thurley Beale.	Agnes Drummond	NIL	person	date of birth	NIL	no	no	yes	
TheMusicalTimes__1876-402.txt_1172	Highly commended — Annie Albu, Amy Aylward, Jessie Jones, Agnes Larkcom, and Marian Williams.	Agnes Larkcom	NIL	person	given name	Q394431	yes	yes	yes	https://shigovoicelessons.com/voicetalk//2016/04/the-garcia-lineage-agnes-larkcom.html
TheMusicalTimes__1876-402.txt_1172	Highly commended — Annie Albu, Amy Aylward, Jessie Jones, Agnes Larkcom, and Marian Williams.	Agnes Larkcom	NIL	person	sex or gender	Q6581072	yes	yes	yes	https://shigovoicelessons.com/voicetalk//2016/04/the-garcia-lineage-agnes-larkcom.html
TheMusicalTimes__1876-402.txt_1172	Highly commended — Annie Albu, Amy Aylward, Jessie Jones, Agnes Larkcom, and Marian Williams.	Agnes Larkcom	NIL	person	country of citizenship	Q145	yes	yes	yes	https://shigovoicelessons.com/voicetalk//2016/04/the-garcia-lineage-agnes-larkcom.html
TheMusicalTimes__1876-402.txt_1172	Highly commended — Annie Albu, Amy Aylward, Jessie Jones, Agnes Larkcom, and Marian Williams.	Agnes Larkcom	NIL	person	occupation	Q98834068, Q7939609	yes	yes	yes	https://shigovoicelessons.com/voicetalk//2016/04/the-garcia-lineage-agnes-larkcom.html
TheMusicalTimes__1876-402.txt_1172	Highly commended — Annie Albu, Amy Aylward, Jessie Jones, Agnes Larkcom, and Marian Williams.	Agnes Larkcom	NIL	person	date of birth	1865	yes	yes	yes	https://shigovoicelessons.com/voicetalk//2016/04/the-garcia-lineage-agnes-larkcom.html
TheMusicalTimes__1876-397.txt_2399	Agnes Robinson, Mrs. Carmichael, and Messrs. Hobart, Peake, C. J. Lenton, and C. Wilson.	Agnes Robinson	NIL	person	given name	Q16010167	no	yes	yes	Corpus
TheMusicalTimes__1876-397.txt_2399	Agnes Robinson, Mrs. Carmichael, and Messrs. Hobart, Peake, C. J. Lenton, and C. Wilson.	Agnes Robinson	NIL	person	sex or gender	Q6581072	no	yes	yes	Corpus
TheMusicalTimes__1876-397.txt_2399	Agnes Robinson, Mrs. Carmichael, and Messrs. Hobart, Peake, C. J. Lenton, and C. Wilson.	Agnes Robinson	NIL	person	country of citizenship	NIL				
TheMusicalTimes__1876-397.txt_2399	Agnes Robinson, Mrs. Carmichael, and Messrs. Hobart, Peake, C. J. Lenton, and C. Wilson.	Agnes Robinson	NIL	person	occupation	Q29448653	no	yes	yes	Corpus
TheMusicalTimes__1876-397.txt_2399	Agnes Robinson, Mrs. Carmichael, and Messrs. Hobart, Peake, C. J. Lenton, and C. Wilson.	Agnes Robinson	NIL	person	date of birth	NIL				
TheMusicalTimes__1873-366.txt_1404	Beasley, Llewellyn Bagnall, Alice Mary Curtis, nia Sheehan, Johanna Ludovici, Beata Francis.	Alice Mary Curtis	NIL	person	given name	Q112679131	no	yes	yes	
TheMusicalTimes__1873-366.txt_1404	Beasley, Llewellyn Bagnall, Alice Mary Curtis, nia Sheehan, Johanna Ludovici, Beata Francis.	Alice Mary Curtis	NIL	person	sex or gender	Q6581072	no	yes	yes	
TheMusicalTimes__1873-366.txt_1404	Beasley, Llewellyn Bagnall, Alice Mary Curtis, nia Sheehan, Johanna Ludovici, Beata Francis.	Alice Mary Curtis	NIL	person	country of citizenship	Q145	no	yes	yes	
TheMusicalTimes__1873-366.txt_1404	Beasley, Llewellyn Bagnall, Alice Mary Curtis, nia Sheehan, Johanna Ludovici, Beata Francis.	Alice Mary Curtis	NIL	person	occupation	Q29448653	no	yes	yes	
TheMusicalTimes__1873-366.txt_1404	Beasley, Llewellyn Bagnall, Alice Mary Curtis, nia Sheehan, Johanna Ludovici, Beata Francis.	Alice Mary Curtis	NIL	person	date of birth	NIL	no	no	yes	
TheMusicalTimes__1876-402.txt_1172	Highly commended — Annie Albu, Amy Aylward, Jessie Jones, Agnes Larkcom, and Marian Williams.	Amy Aylward	NIL	person	given name	Q481809				https://thewomenwhomademe.wordpress.com/2017/10/08/amy-as-story/
TheMusicalTimes__1876-402.txt_1172	Highly commended — Annie Albu, Amy Aylward, Jessie Jones, Agnes Larkcom, and Marian Williams.	Amy Aylward	NIL	person	sex or gender	Q6581072				https://thewomenwhomademe.wordpress.com/2017/10/08/amy-as-story/
TheMusicalTimes__1876-402.txt_1172	Highly commended — Annie Albu, Amy Aylward, Jessie Jones, Agnes Larkcom, and Marian Williams.	Amy Aylward	NIL	person	country of citizenship	Q145				https://thewomenwhomademe.wordpress.com/2017/10/08/amy-as-story/
TheMusicalTimes__1876-402.txt_1172	Highly commended — Annie Albu, Amy Aylward, Jessie Jones, Agnes Larkcom, and Marian Williams.	Amy Aylward	NIL	person	occupation	Q98834068				https://thewomenwhomademe.wordpress.com/2017/10/08/amy-as-story/
TheMusicalTimes__1876-402.txt_1172	Highly commended — Annie Albu, Amy Aylward, Jessie Jones, Agnes Larkcom, and Marian Williams.	Amy Aylward	NIL	person	date of birth	NIL				https://thewomenwhomademe.wordpress.com/2017/10/08/amy-as-story/
Dwight's Journal of Music_1859-004_ms_4	The suceess of our charming comic prima donna, Angele Cordier, in’ a grand réle, has been an incident worthy. of note, and the revival of Auber’s sparkling and effective work,” has brought out our favorite tenore (it was given for his benefit,) Lagraye, an opportunity of displaying his best powers.	Angele Cordier	NIL	person	given name	Q533686				https://thewomenwhomademe.wordpress.com/2017/10/08/amy-as-story/
Dwight's Journal of Music_1859-004_ms_4	The suceess of our charming comic prima donna, Angele Cordier, in’ a grand réle, has been an incident worthy. of note, and the revival of Auber’s sparkling and effective work,” has brought out our favorite tenore (it was given for his benefit,) Lagraye, an opportunity of displaying his best powers.	Angele Cordier	NIL	person	sex or gender	Q6581072				
Dwight's Journal of Music_1859-004_ms_4	The suceess of our charming comic prima donna, Angele Cordier, in’ a grand réle, has been an incident worthy. of note, and the revival of Auber’s sparkling and effective work,” has brought out our favorite tenore (it was given for his benefit,) Lagraye, an opportunity of displaying his best powers.	Angele Cordier	NIL	person	country of citizenship	Q142				
Dwight's Journal of Music_1859-004_ms_4	The suceess of our charming comic prima donna, Angele Cordier, in’ a grand réle, has been an incident worthy. of note, and the revival of Auber’s sparkling and effective work,” has brought out our favorite tenore (it was given for his benefit,) Lagraye, an opportunity of displaying his best powers.	Angele Cordier	NIL	person	occupation	Q33999, Q693249, Q2865819				
Dwight's Journal of Music_1859-004_ms_4	The suceess of our charming comic prima donna, Angele Cordier, in’ a grand réle, has been an incident worthy. of note, and the revival of Auber’s sparkling and effective work,” has brought out our favorite tenore (it was given for his benefit,) Lagraye, an opportunity of displaying his best powers.	Angele Cordier	NIL	person	date of birth	NIL				
TheMusicalTimes__1876-402.txt_1172	Highly commended — Annie Albu, Amy Aylward, Jessie Jones, Agnes Larkcom, and Marian Williams.	Annie Albu	NIL	person	given name	Q566893	yes	yes	yes	https://kurtofgerolstein.blogspot.com/2019/05/when-girl-isnt-pretty-but-she-can-sing.html
TheMusicalTimes__1876-402.txt_1172	Highly commended — Annie Albu, Amy Aylward, Jessie Jones, Agnes Larkcom, and Marian Williams.	Annie Albu	NIL	person	sex or gender	Q6581072	yes	yes	yes	https://kurtofgerolstein.blogspot.com/2019/05/when-girl-isnt-pretty-but-she-can-sing.html
TheMusicalTimes__1876-402.txt_1172	Highly commended — Annie Albu, Amy Aylward, Jessie Jones, Agnes Larkcom, and Marian Williams.	Annie Albu	NIL	person	country of citizenship	Q145	yes	yes	yes	https://kurtofgerolstein.blogspot.com/2019/05/when-girl-isnt-pretty-but-she-can-sing.html
TheMusicalTimes__1876-402.txt_1172	Highly commended — Annie Albu, Amy Aylward, Jessie Jones, Agnes Larkcom, and Marian Williams.	Annie Albu	NIL	person	occupation	Q177220, Q639669	yes	yes	yes	https://kurtofgerolstein.blogspot.com/2019/05/when-girl-isnt-pretty-but-she-can-sing.html
TheMusicalTimes__1876-402.txt_1172	Highly commended — Annie Albu, Amy Aylward, Jessie Jones, Agnes Larkcom, and Marian Williams.	Annie Albu	NIL	person	date of birth	1858	yes	yes	yes	https://kurtofgerolstein.blogspot.com/2019/05/when-girl-isnt-pretty-but-she-can-sing.html
TheMusicalTimes__1873-366.txt_1406	Letters of Commenstion: Misses Louisa A. Turner, Jane Whitaker, Constance Sarper, Annie Bradley, Elizabeth L. Rothwell, Marion ‘Greon, Fanny Boxell.	Annie Bradley	NIL	person	given name	Q566893				
TheMusicalTimes__1873-366.txt_1406	Letters of Commenstion: Misses Louisa A. Turner, Jane Whitaker, Constance Sarper, Annie Bradley, Elizabeth L. Rothwell, Marion ‘Greon, Fanny Boxell.	Annie Bradley	NIL	person	sex or gender	Q6581072				
TheMusicalTimes__1873-366.txt_1406	Letters of Commenstion: Misses Louisa A. Turner, Jane Whitaker, Constance Sarper, Annie Bradley, Elizabeth L. Rothwell, Marion ‘Greon, Fanny Boxell.	Annie Bradley	NIL	person	country of citizenship	Q145				
TheMusicalTimes__1873-366.txt_1406	Letters of Commenstion: Misses Louisa A. Turner, Jane Whitaker, Constance Sarper, Annie Bradley, Elizabeth L. Rothwell, Marion ‘Greon, Fanny Boxell.	Annie Bradley	NIL	person	occupation	NIL				
TheMusicalTimes__1873-366.txt_1406	Letters of Commenstion: Misses Louisa A. Turner, Jane Whitaker, Constance Sarper, Annie Bradley, Elizabeth L. Rothwell, Marion ‘Greon, Fanny Boxell.	Annie Bradley	NIL	person	date of birth	NIL				
TheMusicalTimes__1876-402.txt_1191	Annie Butterworth, Hannah Edouard, Marietta Phillips, Marie Duval, Mary Jane Williams.	Annie Butterworth	NIL	person	given name	Q566893	no	yes	yes	Corpus
TheMusicalTimes__1876-402.txt_1191	Annie Butterworth, Hannah Edouard, Marietta Phillips, Marie Duval, Mary Jane Williams.	Annie Butterworth	NIL	person	sex or gender	Q6581072	no	yes	yes	Corpus
TheMusicalTimes__1876-402.txt_1191	Annie Butterworth, Hannah Edouard, Marietta Phillips, Marie Duval, Mary Jane Williams.	Annie Butterworth	NIL	person	country of citizenship	Q145	no	yes	yes	Corpus
TheMusicalTimes__1876-402.txt_1191	Annie Butterworth, Hannah Edouard, Marietta Phillips, Marie Duval, Mary Jane Williams.	Annie Butterworth	NIL	person	occupation	Q177220,Q639669,Q2643890	no	yes	yes	Corpus
TheMusicalTimes__1876-402.txt_1191	Annie Butterworth, Hannah Edouard, Marietta Phillips, Marie Duval, Mary Jane Williams.	Annie Butterworth	NIL	person	date of birth	NIL				
TheQuarterlyMusicalMagazineAndReview__1825-025.txt_1886	Antoine Law rent -Baudron was born at Amiens, i in 117 43.	Antoine Law	NIL	person	given name	Q15235674	no	yes	yes	Corpus
TheQuarterlyMusicalMagazineAndReview__1825-025.txt_1886	Antoine Law rent -Baudron was born at Amiens, i in 117 43.	Antoine Law	NIL	person	sex or gender	Q6581097	no	yes	yes	Corpus
TheQuarterlyMusicalMagazineAndReview__1825-025.txt_1886	Antoine Law rent -Baudron was born at Amiens, i in 117 43.	Antoine Law	NIL	person	country of citizenship	Q142	no	yes	yes	Corpus
TheQuarterlyMusicalMagazineAndReview__1825-025.txt_1886	Antoine Law rent -Baudron was born at Amiens, i in 117 43.	Antoine Law	NIL	person	occupation	Q1259917	no	yes	yes	Corpus
TheQuarterlyMusicalMagazineAndReview__1825-025.txt_1886	Antoine Law rent -Baudron was born at Amiens, i in 117 43.	Antoine Law	NIL	person	date of birth	1743	no	yes	yes	Corpus
TheMusicalTimes__1873-366.txt_1404	Beasley, Llewellyn Bagnall, Alice Mary Curtis, nia Sheehan, Johanna Ludovici, Beata Francis.	Beata Francis	NIL	person	given name	Q338015				
TheMusicalTimes__1873-366.txt_1404	Beasley, Llewellyn Bagnall, Alice Mary Curtis, nia Sheehan, Johanna Ludovici, Beata Francis.	Beata Francis	NIL	person	sex or gender	Q6581072				
TheMusicalTimes__1873-366.txt_1404	Beasley, Llewellyn Bagnall, Alice Mary Curtis, nia Sheehan, Johanna Ludovici, Beata Francis.	Beata Francis	NIL	person	country of citizenship	Q145				
TheMusicalTimes__1873-366.txt_1404	Beasley, Llewellyn Bagnall, Alice Mary Curtis, nia Sheehan, Johanna Ludovici, Beata Francis.	Beata Francis	NIL	person	occupation	Q98834068				
TheMusicalTimes__1873-366.txt_1404	Beasley, Llewellyn Bagnall, Alice Mary Curtis, nia Sheehan, Johanna Ludovici, Beata Francis.	Beata Francis	NIL	person	date of birth	NIL				
The Musical Times_1881-455_ms_2	"With my wife to the King’s House to see. ‘The Virgin Martyr,’ * the first time it hath been acted a great while, and itis mighty pleasant; not that the play is worth much, but it is finely acted by Beck Marshall."	Beck Marshall	NIL	person	given name	Q60185145	no	yes	yes	
The Musical Times_1881-455_ms_2	"With my wife to the King’s House to see. ‘The Virgin Martyr,’ * the first time it hath been acted a great while, and itis mighty pleasant; not that the play is worth much, but it is finely acted by Beck Marshall."	Beck Marshall	NIL	person	sex or gender	Q6581072	no	no	yes	
The Musical Times_1881-455_ms_2	"With my wife to the King’s House to see. ‘The Virgin Martyr,’ * the first time it hath been acted a great while, and itis mighty pleasant; not that the play is worth much, but it is finely acted by Beck Marshall."	Beck Marshall	NIL	person	country of citizenship	Q145	no	yes	yes	
The Musical Times_1881-455_ms_2	"With my wife to the King’s House to see. ‘The Virgin Martyr,’ * the first time it hath been acted a great while, and itis mighty pleasant; not that the play is worth much, but it is finely acted by Beck Marshall."	Beck Marshall	NIL	person	occupation	Q33999	no	yes	yes	
The Musical Times_1881-455_ms_2	"With my wife to the King’s House to see. ‘The Virgin Martyr,’ * the first time it hath been acted a great while, and itis mighty pleasant; not that the play is worth much, but it is finely acted by Beck Marshall."	Beck Marshall	NIL	person	date of birth	NIL	no	no	yes	
TheMusicalTimes__1876-397.txt_2399	Agnes Robinson, Mrs. Carmichael, and Messrs. Hobart, Peake, C. J. Lenton, and C. Wilson.	C. J. Lenton	NIL	person	given name	NIL				Corpus
TheMusicalTimes__1876-397.txt_2399	Agnes Robinson, Mrs. Carmichael, and Messrs. Hobart, Peake, C. J. Lenton, and C. Wilson.	C. J. Lenton	NIL	person	sex or gender	NIL				Corpus
TheMusicalTimes__1876-397.txt_2399	Agnes Robinson, Mrs. Carmichael, and Messrs. Hobart, Peake, C. J. Lenton, and C. Wilson.	C. J. Lenton	NIL	person	country of citizenship	NIL				
TheMusicalTimes__1876-397.txt_2399	Agnes Robinson, Mrs. Carmichael, and Messrs. Hobart, Peake, C. J. Lenton, and C. Wilson.	C. J. Lenton	NIL	person	occupation	Q29448653	no	yes	yes	Corpus
TheMusicalTimes__1876-397.txt_2399	Agnes Robinson, Mrs. Carmichael, and Messrs. Hobart, Peake, C. J. Lenton, and C. Wilson.	C. J. Lenton	NIL	person	date of birth	NIL				
TheMusicalTimes__1876-397.txt_2399	Agnes Robinson, Mrs. Carmichael, and Messrs. Hobart, Peake, C. J. Lenton, and C. Wilson.	C. Wilson	NIL	person	given name	NIL				
TheMusicalTimes__1876-397.txt_2399	Agnes Robinson, Mrs. Carmichael, and Messrs. Hobart, Peake, C. J. Lenton, and C. Wilson.	C. Wilson	NIL	person	sex or gender	NIL				
TheMusicalTimes__1876-397.txt_2399	Agnes Robinson, Mrs. Carmichael, and Messrs. Hobart, Peake, C. J. Lenton, and C. Wilson.	C. Wilson	NIL	person	country of citizenship	NIL				
TheMusicalTimes__1876-397.txt_2399	Agnes Robinson, Mrs. Carmichael, and Messrs. Hobart, Peake, C. J. Lenton, and C. Wilson.	C. Wilson	NIL	person	occupation	Q29448653	no	yes	yes	Corpus
TheMusicalTimes__1876-397.txt_2399	Agnes Robinson, Mrs. Carmichael, and Messrs. Hobart, Peake, C. J. Lenton, and C. Wilson.	C. Wilson	NIL	person	date of birth	NIL				
TheHarmonicon__1832-012.txt_1146	only that the name of the author had been misprinted Caffiat, instead of Caffiaux.	Caffiaux	NIL	person	given name	Q827311				https://www.musicologie.org/Biographies/c/caffiaux_philippe_joseph.html
TheHarmonicon__1832-012.txt_1146	only that the name of the author had been misprinted Caffiat, instead of Caffiaux.	Caffiaux	NIL	person	sex or gender	Q6581097				https://www.musicologie.org/Biographies/c/caffiaux_philippe_joseph.html
TheHarmonicon__1832-012.txt_1146	only that the name of the author had been misprinted Caffiat, instead of Caffiaux.	Caffiaux	NIL	person	country of citizenship	Q142	no	yes	yes	https://www.musicologie.org/Biographies/c/caffiaux_philippe_joseph.html
TheHarmonicon__1832-012.txt_1146	only that the name of the author had been misprinted Caffiat, instead of Caffiaux.	Caffiaux	NIL	person	occupation	Q482980, Q36180	no	yes	yes	https://www.musicologie.org/Biographies/c/caffiaux_philippe_joseph.html
TheHarmonicon__1832-012.txt_1146	only that the name of the author had been misprinted Caffiat, instead of Caffiaux.	Caffiaux	NIL	person	date of birth	1712	no	yes	yes	
TheHarmonicon__1832-012.txt_1863	A young composer, Catl August Weber, professor of music at the Lyceum, at Rastadt near Baden, is much talked of here.	Catl August Weber	NIL	person	given name	Q2529610,Q370731	no	yes	yes	Corpus
TheHarmonicon__1832-012.txt_1863	A young composer, Catl August Weber, professor of music at the Lyceum, at Rastadt near Baden, is much talked of here.	Catl August Weber	NIL	person	sex or gender	Q6581097	no	yes	yes	Corpus
TheHarmonicon__1832-012.txt_1863	A young composer, Catl August Weber, professor of music at the Lyceum, at Rastadt near Baden, is much talked of here.	Catl August Weber	NIL	person	country of citizenship	Q183	no	yes	yes	Corpus
TheHarmonicon__1832-012.txt_1863	A young composer, Catl August Weber, professor of music at the Lyceum, at Rastadt near Baden, is much talked of here.	Catl August Weber	NIL	person	occupation	Q36834	no	yes	yes	Corpus
TheHarmonicon__1832-012.txt_1863	A young composer, Catl August Weber, professor of music at the Lyceum, at Rastadt near Baden, is much talked of here.	Catl August Weber	NIL	person	date of birth	NIL				
Dwight's Journal of Music_1858-11_BIS_ms_2	"then, instead of stepping forw: urd as a reformer, he ought, as a true disciple of honored and to effect nothing but what Gluck and Mozart; Cimarosa and Pacsicllé, Méhul and Boieldieu, Chert ahint and Spontini, Beethoven and= Weber, Spohr.and Weigl, Meyerbeer and Lortzing, also tried to effect, and which they succeeded more or less in doing. metadata={sent_text:then instead of stepping forw: urd as a reformer he ought as a true disciple of honored and to effect nothing but what Gluck and Mozart; Cimarosa and Pacsicllé Méhul and Boieldieu Chert ahint and Spontini Beethoven and: ""Weber Spohr.and Weigl Meyerbeer and Lortzing also tried to effect and which they succeeded more or less in doing.""}"	Chert	NIL	person	given name	NIL	no	no	yes	
Dwight's Journal of Music_1858-11_BIS_ms_2	"then, instead of stepping forw: urd as a reformer, he ought, as a true disciple of honored and to effect nothing but what Gluck and Mozart; Cimarosa and Pacsicllé, Méhul and Boieldieu, Chert ahint and Spontini, Beethoven and= Weber, Spohr.and Weigl, Meyerbeer and Lortzing, also tried to effect, and which they succeeded more or less in doing. metadata={sent_text:then instead of stepping forw: urd as a reformer he ought as a true disciple of honored and to effect nothing but what Gluck and Mozart; Cimarosa and Pacsicllé Méhul and Boieldieu Chert ahint and Spontini Beethoven and: ""Weber Spohr.and Weigl Meyerbeer and Lortzing also tried to effect and which they succeeded more or less in doing.""}"	Chert	NIL	person	sex or gender	NIL	no	no	yes	
Dwight's Journal of Music_1858-11_BIS_ms_2	"then, instead of stepping forw: urd as a reformer, he ought, as a true disciple of honored and to effect nothing but what Gluck and Mozart; Cimarosa and Pacsicllé, Méhul and Boieldieu, Chert ahint and Spontini, Beethoven and= Weber, Spohr.and Weigl, Meyerbeer and Lortzing, also tried to effect, and which they succeeded more or less in doing. metadata={sent_text:then instead of stepping forw: urd as a reformer he ought as a true disciple of honored and to effect nothing but what Gluck and Mozart; Cimarosa and Pacsicllé Méhul and Boieldieu Chert ahint and Spontini Beethoven and: ""Weber Spohr.and Weigl Meyerbeer and Lortzing also tried to effect and which they succeeded more or less in doing.""}"	Chert	NIL	person	country of citizenship	NIL	no	no	yes	
Dwight's Journal of Music_1858-11_BIS_ms_2	"then, instead of stepping forw: urd as a reformer, he ought, as a true disciple of honored and to effect nothing but what Gluck and Mozart; Cimarosa and Pacsicllé, Méhul and Boieldieu, Chert ahint and Spontini, Beethoven and= Weber, Spohr.and Weigl, Meyerbeer and Lortzing, also tried to effect, and which they succeeded more or less in doing. metadata={sent_text:then instead of stepping forw: urd as a reformer he ought as a true disciple of honored and to effect nothing but what Gluck and Mozart; Cimarosa and Pacsicllé Méhul and Boieldieu Chert ahint and Spontini Beethoven and: ""Weber Spohr.and Weigl Meyerbeer and Lortzing also tried to effect and which they succeeded more or less in doing.""}"	Chert	NIL	person	occupation	NIL	no	no	yes	
Dwight's Journal of Music_1858-11_BIS_ms_2	"then, instead of stepping forw: urd as a reformer, he ought, as a true disciple of honored and to effect nothing but what Gluck and Mozart; Cimarosa and Pacsicllé, Méhul and Boieldieu, Chert ahint and Spontini, Beethoven and= Weber, Spohr.and Weigl, Meyerbeer and Lortzing, also tried to effect, and which they succeeded more or less in doing. metadata={sent_text:then instead of stepping forw: urd as a reformer he ought as a true disciple of honored and to effect nothing but what Gluck and Mozart; Cimarosa and Pacsicllé Méhul and Boieldieu Chert ahint and Spontini Beethoven and: ""Weber Spohr.and Weigl Meyerbeer and Lortzing also tried to effect and which they succeeded more or less in doing.""}"	Chert	NIL	person	date of birth	NIL	no	no	yes	
TheHarmonicon__1828-001.txt_1179	"The work is also graced with several of the elegant songs of Thomas Campbell, and Lord Byron; and it contains the best songs of the olden time, and of Ramsay, Hamilton; Thomson, Smollett, Skinner, Macneill, Hogg, Cunningham, and many others."	Cunningham	NIL	person	given name	NIL	no	no	yes	
TheHarmonicon__1828-001.txt_1179	"The work is also graced with several of the elegant songs of Thomas Campbell, and Lord Byron; and it contains the best songs of the olden time, and of Ramsay, Hamilton; Thomson, Smollett, Skinner, Macneill, Hogg, Cunningham, and many others."	Cunningham	NIL	person	sex or gender	NIL	no	no	yes	
TheHarmonicon__1828-001.txt_1179	"The work is also graced with several of the elegant songs of Thomas Campbell, and Lord Byron; and it contains the best songs of the olden time, and of Ramsay, Hamilton; Thomson, Smollett, Skinner, Macneill, Hogg, Cunningham, and many others."	Cunningham	NIL	person	country of citizenship	NIL	no	no	yes	
TheHarmonicon__1828-001.txt_1179	"The work is also graced with several of the elegant songs of Thomas Campbell, and Lord Byron; and it contains the best songs of the olden time, and of Ramsay, Hamilton; Thomson, Smollett, Skinner, Macneill, Hogg, Cunningham, and many others."	Cunningham	NIL	person	occupation	NIL	no	no	yes	
TheHarmonicon__1828-001.txt_1179	"The work is also graced with several of the elegant songs of Thomas Campbell, and Lord Byron; and it contains the best songs of the olden time, and of Ramsay, Hamilton; Thomson, Smollett, Skinner, Macneill, Hogg, Cunningham, and many others."	Cunningham	NIL	person	date of birth	NIL	no	no	yes	
the_Musical_Times_ms_1896-635_8_	At Bradford, too, there has. been more than ordinary musical activity. On November 22 the second of the Subscription Concerts took place, a miscellaneous programme of much more than average interest being sustained by Miss Esther Palliser, Madame Marian McKenzie, Messrs. Ben Davies and Douglas Powell, with Herr Rosenthal as pianist and Mr. W. H. Squire as violoncellist.	Douglas Powell	NIL	person	given name	Q463035	no	yes	yes	Corpus
the_Musical_Times_ms_1896-635_8_	At Bradford, too, there has. been more than ordinary musical activity. On November 22 the second of the Subscription Concerts took place, a miscellaneous programme of much more than average interest being sustained by Miss Esther Palliser, Madame Marian McKenzie, Messrs. Ben Davies and Douglas Powell, with Herr Rosenthal as pianist and Mr. W. H. Squire as violoncellist.	Douglas Powell	NIL	person	sex or gender	Q6581097	no	yes	yes	Corpus
the_Musical_Times_ms_1896-635_8_	At Bradford, too, there has. been more than ordinary musical activity. On November 22 the second of the Subscription Concerts took place, a miscellaneous programme of much more than average interest being sustained by Miss Esther Palliser, Madame Marian McKenzie, Messrs. Ben Davies and Douglas Powell, with Herr Rosenthal as pianist and Mr. W. H. Squire as violoncellist.	Douglas Powell	NIL	person	country of citizenship	Q145	no	yes	yes	Corpus
the_Musical_Times_ms_1896-635_8_	At Bradford, too, there has. been more than ordinary musical activity. On November 22 the second of the Subscription Concerts took place, a miscellaneous programme of much more than average interest being sustained by Miss Esther Palliser, Madame Marian McKenzie, Messrs. Ben Davies and Douglas Powell, with Herr Rosenthal as pianist and Mr. W. H. Squire as violoncellist.	Douglas Powell	NIL	person	occupation	Q3153559	no	yes	yes	Corpus
the_Musical_Times_ms_1896-635_8_	At Bradford, too, there has. been more than ordinary musical activity. On November 22 the second of the Subscription Concerts took place, a miscellaneous programme of much more than average interest being sustained by Miss Esther Palliser, Madame Marian McKenzie, Messrs. Ben Davies and Douglas Powell, with Herr Rosenthal as pianist and Mr. W. H. Squire as violoncellist.	Douglas Powell	NIL	person	date of birth	NIL				
TheHarmonicon__1824-016.txt_1268	"himself, abridged and continued to his death, by Dr. Kitchiner; from which we learn, that _"	Dr. Kitchiner	NIL	person	given name	Q12344159				https://www.wikidata.org/wiki/Q8014067
TheHarmonicon__1824-016.txt_1268	"himself, abridged and continued to his death, by Dr. Kitchiner; from which we learn, that _"	Dr. Kitchiner	NIL	person	sex or gender	Q6581097				https://www.wikidata.org/wiki/Q8014067
TheHarmonicon__1824-016.txt_1268	"himself, abridged and continued to his death, by Dr. Kitchiner; from which we learn, that _"	Dr. Kitchiner	NIL	person	country of citizenship	Q145				https://www.wikidata.org/wiki/Q8014067
TheHarmonicon__1824-016.txt_1268	"himself, abridged and continued to his death, by Dr. Kitchiner; from which we learn, that _"	Dr. Kitchiner	NIL	person	occupation	Q483501, Q205375				https://www.wikidata.org/wiki/Q8014067
TheHarmonicon__1824-016.txt_1268	"himself, abridged and continued to his death, by Dr. Kitchiner; from which we learn, that _"	Dr. Kitchiner	NIL	person	date of birth	1774				https://www.wikidata.org/wiki/Q8014067
The Harmonicon_1827-002_ms_3	After this, we had: Les Néces de Gamache, a comic opera, in three acts, by Mercadante, translated and arranged by Messrs. Sauvage and Dupin, and adapted to the stage by M. Guénée: we suppose it would be unpardonable to omit any of these important particulars, as the authors always show such marked anxiety te bring them befere the world.	Dupin	NIL	person	given name	NIL				
The Harmonicon_1827-002_ms_3	After this, we had: Les Néces de Gamache, a comic opera, in three acts, by Mercadante, translated and arranged by Messrs. Sauvage and Dupin, and adapted to the stage by M. Guénée: we suppose it would be unpardonable to omit any of these important particulars, as the authors always show such marked anxiety te bring them befere the world.	Dupin	NIL	person	sex or gender	NIL				
The Harmonicon_1827-002_ms_3	After this, we had: Les Néces de Gamache, a comic opera, in three acts, by Mercadante, translated and arranged by Messrs. Sauvage and Dupin, and adapted to the stage by M. Guénée: we suppose it would be unpardonable to omit any of these important particulars, as the authors always show such marked anxiety te bring them befere the world.	Dupin	NIL	person	country of citizenship	NIL				
The Harmonicon_1827-002_ms_3	After this, we had: Les Néces de Gamache, a comic opera, in three acts, by Mercadante, translated and arranged by Messrs. Sauvage and Dupin, and adapted to the stage by M. Guénée: we suppose it would be unpardonable to omit any of these important particulars, as the authors always show such marked anxiety te bring them befere the world.	Dupin	NIL	person	occupation	Q333634,Q1643514	no	yes	yes	https://books.google.it/books/about/Les_Noces_de_Gamache_op%C3%A9ra_bouffon_en_t.html?id=FsE3ALsS3tgC&redir_esc=y
The Harmonicon_1827-002_ms_3	After this, we had: Les Néces de Gamache, a comic opera, in three acts, by Mercadante, translated and arranged by Messrs. Sauvage and Dupin, and adapted to the stage by M. Guénée: we suppose it would be unpardonable to omit any of these important particulars, as the authors always show such marked anxiety te bring them befere the world.	Dupin	NIL	person	date of birth	NIL				
TheMusicalTimes__1876-397.txt_2568	, Bow, E. — E. Carper is prepared to send Specifications for building Organs of very superior materials and workmanship.	E. Carper	NIL	person	given name	NIL				
TheMusicalTimes__1876-397.txt_2568	, Bow, E. — E. Carper is prepared to send Specifications for building Organs of very superior materials and workmanship.	E. Carper	NIL	person	sex or gender	Q6581097	no	yes	no	Corpus
TheMusicalTimes__1876-397.txt_2568	, Bow, E. — E. Carper is prepared to send Specifications for building Organs of very superior materials and workmanship.	E. Carper	NIL	person	country of citizenship	Q145	no	yes	yes	Corpus
TheMusicalTimes__1876-397.txt_2568	, Bow, E. — E. Carper is prepared to send Specifications for building Organs of very superior materials and workmanship.	E. Carper	NIL	person	occupation	Q1937431, Q131524, Q43845, Q1955150, Q1294787				Corpus
TheMusicalTimes__1876-397.txt_2568	, Bow, E. — E. Carper is prepared to send Specifications for building Organs of very superior materials and workmanship.	E. Carper	NIL	person	date of birth	NIL				
TheMusicalTimes__1876-402.txt_343	, E. — E. Carper is prepared to send Specifications for building Organs of very superior materials and workmanship.	E. Carper	NIL	person	given name	NIL				
TheMusicalTimes__1876-402.txt_343	, E. — E. Carper is prepared to send Specifications for building Organs of very superior materials and workmanship.	E. Carper	NIL	person	sex or gender	Q6581097				
TheMusicalTimes__1876-402.txt_343	, E. — E. Carper is prepared to send Specifications for building Organs of very superior materials and workmanship.	E. Carper	NIL	person	country of citizenship	Q145	no	yes	yes	
TheMusicalTimes__1876-402.txt_343	, E. — E. Carper is prepared to send Specifications for building Organs of very superior materials and workmanship.	E. Carper	NIL	person	occupation	Q1937431, Q131524, Q43845, Q1955150, Q1294787				
TheMusicalTimes__1876-402.txt_343	, E. — E. Carper is prepared to send Specifications for building Organs of very superior materials and workmanship.	E. Carper	NIL	person	date of birth	NIL				
The_Musical_Times_ms_1905-754_1_	Among the documents preserved in the archives of Magdalen College, Oxford, is the will of one Edward Ascough, of Wynthorp (now Winthorpe), a village on the Lincolnshire coast, two miles north of Skegness	Edward Ascough	NIL	person	given name	Q278835	no	yes	yes	Corpus
The_Musical_Times_ms_1905-754_1_	Among the documents preserved in the archives of Magdalen College, Oxford, is the will of one Edward Ascough, of Wynthorp (now Winthorpe), a village on the Lincolnshire coast, two miles north of Skegness	Edward Ascough	NIL	person	sex or gender	Q6581097	no	yes	yes	Corpus
The_Musical_Times_ms_1905-754_1_	Among the documents preserved in the archives of Magdalen College, Oxford, is the will of one Edward Ascough, of Wynthorp (now Winthorpe), a village on the Lincolnshire coast, two miles north of Skegness	Edward Ascough	NIL	person	country of citizenship	Q145	no	yes	yes	Corpus
The_Musical_Times_ms_1905-754_1_	Among the documents preserved in the archives of Magdalen College, Oxford, is the will of one Edward Ascough, of Wynthorp (now Winthorpe), a village on the Lincolnshire coast, two miles north of Skegness	Edward Ascough	NIL	person	occupation	NIL				
The_Musical_Times_ms_1905-754_1_	Among the documents preserved in the archives of Magdalen College, Oxford, is the will of one Edward Ascough, of Wynthorp (now Winthorpe), a village on the Lincolnshire coast, two miles north of Skegness	Edward Ascough	NIL	person	date of birth	NIL				
TheQuarterlyMusicalMagazineAndReview__1828-037.txt_1763	When Fenzi is absent, Guida is considered as the best.	Fenzi	NIL	person	given name	NIL	no	no	yes	
TheQuarterlyMusicalMagazineAndReview__1828-037.txt_1763	When Fenzi is absent, Guida is considered as the best.	Fenzi	NIL	person	sex or gender	Q6581097	no	yes	yes	
TheQuarterlyMusicalMagazineAndReview__1828-037.txt_1763	When Fenzi is absent, Guida is considered as the best.	Fenzi	NIL	person	country of citizenship	Q38	no	yes	yes	
TheQuarterlyMusicalMagazineAndReview__1828-037.txt_1763	When Fenzi is absent, Guida is considered as the best.	Fenzi	NIL	person	occupation	Q13219637	no	yes	yes	
TheQuarterlyMusicalMagazineAndReview__1828-037.txt_1763	When Fenzi is absent, Guida is considered as the best.	Fenzi	NIL	person	date of birth	NIL	no	no	yes	
TheMusicalTimes__1875-388.txt_1671	The artists engaged were the Misses Agnes Drummond, Josephine Pulham, Marian Haigh, Florence Wydford, and Messrs. Henry Guy, Theodore Distin, E. Stone, and Thurley Beale.	Florence Wydford	NIL	person	given name	Q950780				
TheMusicalTimes__1875-388.txt_1671	The artists engaged were the Misses Agnes Drummond, Josephine Pulham, Marian Haigh, Florence Wydford, and Messrs. Henry Guy, Theodore Distin, E. Stone, and Thurley Beale.	Florence Wydford	NIL	person	sex or gender	Q6581072				
TheMusicalTimes__1875-388.txt_1671	The artists engaged were the Misses Agnes Drummond, Josephine Pulham, Marian Haigh, Florence Wydford, and Messrs. Henry Guy, Theodore Distin, E. Stone, and Thurley Beale.	Florence Wydford	NIL	person	country of citizenship	Q145				
TheMusicalTimes__1875-388.txt_1671	The artists engaged were the Misses Agnes Drummond, Josephine Pulham, Marian Haigh, Florence Wydford, and Messrs. Henry Guy, Theodore Distin, E. Stone, and Thurley Beale.	Florence Wydford	NIL	person	occupation	Q177220				
TheMusicalTimes__1875-388.txt_1671	The artists engaged were the Misses Agnes Drummond, Josephine Pulham, Marian Haigh, Florence Wydford, and Messrs. Henry Guy, Theodore Distin, E. Stone, and Thurley Beale.	Florence Wydford	NIL	person	date of birth	NIL				
TheQuarterlyMusicalMagazineAndReview__1824-022.txt_1252	At some concerts, at the Feydeau, i in 1794, he executed some concerted symphonies of Devienne’s Sy with M. Huguot, Frederic and Charles Duvernoy.	Frederic	NIL	person	given name	Q17539276	no	yes	yes	Corpus
TheQuarterlyMusicalMagazineAndReview__1824-022.txt_1252	At some concerts, at the Feydeau, i in 1794, he executed some concerted symphonies of Devienne’s Sy with M. Huguot, Frederic and Charles Duvernoy.	Frederic	NIL	person	sex or gender	Q6581097	no	yes	yes	Corpus
TheQuarterlyMusicalMagazineAndReview__1824-022.txt_1252	At some concerts, at the Feydeau, i in 1794, he executed some concerted symphonies of Devienne’s Sy with M. Huguot, Frederic and Charles Duvernoy.	Frederic	NIL	person	country of citizenship	Q142	no	yes	yes	Corpus
TheQuarterlyMusicalMagazineAndReview__1824-022.txt_1252	At some concerts, at the Feydeau, i in 1794, he executed some concerted symphonies of Devienne’s Sy with M. Huguot, Frederic and Charles Duvernoy.	Frederic	NIL	person	occupation	Q36834,Q105754940	no	yes	yes	Corpus
TheQuarterlyMusicalMagazineAndReview__1824-022.txt_1252	At some concerts, at the Feydeau, i in 1794, he executed some concerted symphonies of Devienne’s Sy with M. Huguot, Frederic and Charles Duvernoy.	Frederic	NIL	person	date of birth	NIL				
TheMusicalTimes__1876-402.txt_2491	A Pastoral Cantata, H written and composed by FREDERICK BaLpwin.	FREDERICK BaLpwin	NIL	person	given name	Q3273004				Corpus
TheMusicalTimes__1876-402.txt_2491	A Pastoral Cantata, H written and composed by FREDERICK BaLpwin.	FREDERICK BaLpwin	NIL	person	sex or gender	Q6581097				Corpus
TheMusicalTimes__1876-402.txt_2491	A Pastoral Cantata, H written and composed by FREDERICK BaLpwin.	FREDERICK BaLpwin	NIL	person	country of citizenship	NIL				
TheMusicalTimes__1876-402.txt_2491	A Pastoral Cantata, H written and composed by FREDERICK BaLpwin.	FREDERICK BaLpwin	NIL	person	occupation	Q36834				Corpus
TheMusicalTimes__1876-402.txt_2491	A Pastoral Cantata, H written and composed by FREDERICK BaLpwin.	FREDERICK BaLpwin	NIL	person	date of birth	NIL				
The Harmonicon_1823-002_ms_3	La Clemenza di Tito was the first, in which‘a French lady, under the riame of Signora Clarini, took the part of Servilia, and a Madame’ Graziani filled the character ef Annio, both of which were massacred in their hands, and the whole opera necessarily partook in the - ruin.	Graziani	NIL	person	given name	NIL	no	no	yes	
The Harmonicon_1823-002_ms_3	La Clemenza di Tito was the first, in which‘a French lady, under the riame of Signora Clarini, took the part of Servilia, and a Madame’ Graziani filled the character ef Annio, both of which were massacred in their hands, and the whole opera necessarily partook in the - ruin.	Graziani	NIL	person	sex or gender	Q6581072	no	yes	yes	
The Harmonicon_1823-002_ms_3	La Clemenza di Tito was the first, in which‘a French lady, under the riame of Signora Clarini, took the part of Servilia, and a Madame’ Graziani filled the character ef Annio, both of which were massacred in their hands, and the whole opera necessarily partook in the - ruin.	Graziani	NIL	person	country of citizenship	Q38	no	yes	yes	
The Harmonicon_1823-002_ms_3	La Clemenza di Tito was the first, in which‘a French lady, under the riame of Signora Clarini, took the part of Servilia, and a Madame’ Graziani filled the character ef Annio, both of which were massacred in their hands, and the whole opera necessarily partook in the - ruin.	Graziani	NIL	person	occupation	Q177220	no	yes	yes	
The Harmonicon_1823-002_ms_3	La Clemenza di Tito was the first, in which‘a French lady, under the riame of Signora Clarini, took the part of Servilia, and a Madame’ Graziani filled the character ef Annio, both of which were massacred in their hands, and the whole opera necessarily partook in the - ruin.	Graziani	NIL	person	date of birth	NIL	no	no	yes	
TheQuarterlyMusicalMagazineAndReview__1828-037.txt_1763	When Fenzi is absent, Guida is considered as the best.	Guida	NIL	person	given name	NIL	no	no	yes	
TheQuarterlyMusicalMagazineAndReview__1828-037.txt_1763	When Fenzi is absent, Guida is considered as the best.	Guida	NIL	person	sex or gender	Q6581097	no	yes	yes	
TheQuarterlyMusicalMagazineAndReview__1828-037.txt_1763	When Fenzi is absent, Guida is considered as the best.	Guida	NIL	person	country of citizenship	Q38	no	yes	yes	
TheQuarterlyMusicalMagazineAndReview__1828-037.txt_1763	When Fenzi is absent, Guida is considered as the best.	Guida	NIL	person	occupation	Q13219637, Q639669	no	yes	yes	
TheQuarterlyMusicalMagazineAndReview__1828-037.txt_1763	When Fenzi is absent, Guida is considered as the best.	Guida	NIL	person	date of birth	NIL	no	no	yes	
TheMusicalTimes__1873-366.txt_2212	— - ies H. C. Sturton (late of St. Stephen's Mission Chapel, Lewisham), Morden College Chapel, Blackheath.	H. C. Sturton	NIL	person	given name	NIL	no	no	yes	
TheMusicalTimes__1873-366.txt_2212	— - ies H. C. Sturton (late of St. Stephen's Mission Chapel, Lewisham), Morden College Chapel, Blackheath.	H. C. Sturton	NIL	person	sex or gender	NIL	no	no	yes	
TheMusicalTimes__1873-366.txt_2212	— - ies H. C. Sturton (late of St. Stephen's Mission Chapel, Lewisham), Morden College Chapel, Blackheath.	H. C. Sturton	NIL	person	country of citizenship	NIL	no	no	yes	
TheMusicalTimes__1873-366.txt_2212	— - ies H. C. Sturton (late of St. Stephen's Mission Chapel, Lewisham), Morden College Chapel, Blackheath.	H. C. Sturton	NIL	person	occupation	NIL	no	no	yes	
TheMusicalTimes__1873-366.txt_2212	— - ies H. C. Sturton (late of St. Stephen's Mission Chapel, Lewisham), Morden College Chapel, Blackheath.	H. C. Sturton	NIL	person	date of birth	NIL	no	no	yes	
TheMusicalTimes__1876-402.txt_868	on application to H. Hagemeyer, Bandmaster, 12th Regiment, Cork Barracks, Ireland.	H. Hagemeyer	NIL	person	given name	NIL	no	no	yes	
TheMusicalTimes__1876-402.txt_868	on application to H. Hagemeyer, Bandmaster, 12th Regiment, Cork Barracks, Ireland.	H. Hagemeyer	NIL	person	sex or gender	Q6581097	no	yes	yes	
TheMusicalTimes__1876-402.txt_868	on application to H. Hagemeyer, Bandmaster, 12th Regiment, Cork Barracks, Ireland.	H. Hagemeyer	NIL	person	country of citizenship	Q27	no	yes	yes	
TheMusicalTimes__1876-402.txt_868	on application to H. Hagemeyer, Bandmaster, 12th Regiment, Cork Barracks, Ireland.	H. Hagemeyer	NIL	person	occupation	Q4854651	no	yes	yes	
TheMusicalTimes__1876-402.txt_868	on application to H. Hagemeyer, Bandmaster, 12th Regiment, Cork Barracks, Ireland.	H. Hagemeyer	NIL	person	date of birth	NIL	no	no	yes	
TheMusicalTimes__1876-402.txt_1191	Annie Butterworth, Hannah Edouard, Marietta Phillips, Marie Duval, Mary Jane Williams.	Hannah Edouard	NIL	person	given name	Q1554377	no	yes	yes	Corpus
TheMusicalTimes__1876-402.txt_1191	Annie Butterworth, Hannah Edouard, Marietta Phillips, Marie Duval, Mary Jane Williams.	Hannah Edouard	NIL	person	sex or gender	Q6581072	no	yes	yes	Corpus
TheMusicalTimes__1876-402.txt_1191	Annie Butterworth, Hannah Edouard, Marietta Phillips, Marie Duval, Mary Jane Williams.	Hannah Edouard	NIL	person	country of citizenship	Q145	no	yes	yes	Corpus
TheMusicalTimes__1876-402.txt_1191	Annie Butterworth, Hannah Edouard, Marietta Phillips, Marie Duval, Mary Jane Williams.	Hannah Edouard	NIL	person	occupation	Q177220,Q639669,Q2643890	no	yes	yes	Corpus
TheMusicalTimes__1876-402.txt_1191	Annie Butterworth, Hannah Edouard, Marietta Phillips, Marie Duval, Mary Jane Williams.	Hannah Edouard	NIL	person	date of birth	NIL				
TheMusicalWorld__1844-006.txt_54	— though it was excellently well performed by Phillips, Hill, and Severn.	Hill	NIL	person	given name	NIL	no	no	yes	
TheMusicalWorld__1844-006.txt_54	— though it was excellently well performed by Phillips, Hill, and Severn.	Hill	NIL	person	sex or gender	NIL	no	no	yes	
TheMusicalWorld__1844-006.txt_54	— though it was excellently well performed by Phillips, Hill, and Severn.	Hill	NIL	person	country of citizenship	Q145	no	yes	yes	Corpus
TheMusicalWorld__1844-006.txt_54	— though it was excellently well performed by Phillips, Hill, and Severn.	Hill	NIL	person	occupation	Q177220, Q27914	no	yes	yes	
TheMusicalWorld__1844-006.txt_54	— though it was excellently well performed by Phillips, Hill, and Severn.	Hill	NIL	person	date of birth	NIL	no	no	yes	
TheMusicalTimes__1875-388.txt_2734	, Mrs. Mounsey Bartholomew, J. Barnby, H. Smart, G. A. Macfarren, Brinley Richard, H. S. Irons, Charles Salaman, Alberto Randegger, ].	J. Barnby	NIL	person	given name	Q128267			yes	https://en.wikipedia.org/wiki/Joseph_Barnby
TheMusicalTimes__1875-388.txt_2734	, Mrs. Mounsey Bartholomew, J. Barnby, H. Smart, G. A. Macfarren, Brinley Richard, H. S. Irons, Charles Salaman, Alberto Randegger, ].	J. Barnby	NIL	person	sex or gender	Q6581097			yes	https://en.wikipedia.org/wiki/Joseph_Barnby
TheMusicalTimes__1875-388.txt_2734	, Mrs. Mounsey Bartholomew, J. Barnby, H. Smart, G. A. Macfarren, Brinley Richard, H. S. Irons, Charles Salaman, Alberto Randegger, ].	J. Barnby	NIL	person	country of citizenship	Q145			yes	https://en.wikipedia.org/wiki/Joseph_Barnby
TheMusicalTimes__1875-388.txt_2734	, Mrs. Mounsey Bartholomew, J. Barnby, H. Smart, G. A. Macfarren, Brinley Richard, H. S. Irons, Charles Salaman, Alberto Randegger, ].	J. Barnby	NIL	person	occupation	Q36834,Q765778,Q158852			yes	https://en.wikipedia.org/wiki/Joseph_Barnby
TheMusicalTimes__1875-388.txt_2734	, Mrs. Mounsey Bartholomew, J. Barnby, H. Smart, G. A. Macfarren, Brinley Richard, H. S. Irons, Charles Salaman, Alberto Randegger, ].	J. Barnby	NIL	person	date of birth	1838			yes	https://en.wikipedia.org/wiki/Joseph_Barnby
TheMusicalTimes__1875-388.txt_19	Among the gentle‘men now contributing to Concordia, are: —: J. Barney.	J. Barney	NIL	person	given name	Q808475	no	yes	yes	Corpus
TheMusicalTimes__1875-388.txt_19	Among the gentle‘men now contributing to Concordia, are: —: J. Barney.	J. Barney	NIL	person	sex or gender	Q6581097	no	yes	yes	Corpus
TheMusicalTimes__1875-388.txt_19	Among the gentle‘men now contributing to Concordia, are: —: J. Barney.	J. Barney	NIL	person	country of citizenship	Q145	no	yes	yes	Corpus
TheMusicalTimes__1875-388.txt_19	Among the gentle‘men now contributing to Concordia, are: —: J. Barney.	J. Barney	NIL	person	occupation	Q1350157,Q1930187,Q1607826	no	yes	yes	Corpus
TheMusicalTimes__1875-388.txt_19	Among the gentle‘men now contributing to Concordia, are: —: J. Barney.	J. Barney	NIL	person	date of birth	NIL				
TheQuarterlyMusicalMagazineAndReview__1825-025.txt_572	+ The Wild Hyacinth, a Songs composed by J. F. Walmisley....	J. F. Walmisley	NIL	person	given name	Q16428906	yes	yes	yes	https://www.wikidata.org/wiki/Q18917555
TheQuarterlyMusicalMagazineAndReview__1825-025.txt_572	+ The Wild Hyacinth, a Songs composed by J. F. Walmisley....	J. F. Walmisley	NIL	person	sex or gender	Q6581097	yes	yes	yes	https://www.wikidata.org/wiki/Q18917555
TheQuarterlyMusicalMagazineAndReview__1825-025.txt_572	+ The Wild Hyacinth, a Songs composed by J. F. Walmisley....	J. F. Walmisley	NIL	person	country of citizenship	Q145	yes	yes	yes	https://www.wikidata.org/wiki/Q18917555
TheQuarterlyMusicalMagazineAndReview__1825-025.txt_572	+ The Wild Hyacinth, a Songs composed by J. F. Walmisley....	J. F. Walmisley	NIL	person	occupation	Q36834, Q765778	yes	yes	yes	https://www.wikidata.org/wiki/Q18917555
TheQuarterlyMusicalMagazineAndReview__1825-025.txt_572	+ The Wild Hyacinth, a Songs composed by J. F. Walmisley....	J. F. Walmisley	NIL	person	date of birth	1783	yes	yes	yes	https://www.wikidata.org/wiki/Q18917555
TheMusicalTimes__1876-397.txt_3729	ty J. L. Peters, 843, Broadway, New York. ~ - Wednesday, March 2, 1876,	J. L. Peters	NIL	person	given name	Q4925477	yes	no	yes	https://imslp.org/wiki/J.L._Peters
TheMusicalTimes__1876-397.txt_3729	ty J. L. Peters, 843, Broadway, New York. ~ - Wednesday, March 2, 1876,	J. L. Peters	NIL	person	sex or gender	Q6581097	yes	yes	yes	https://imslp.org/wiki/J.L._Peters
TheMusicalTimes__1876-397.txt_3729	ty J. L. Peters, 843, Broadway, New York. ~ - Wednesday, March 2, 1876,	J. L. Peters	NIL	person	country of citizenship	Q30	yes	yes	yes	https://imslp.org/wiki/J.L._Peters
TheMusicalTimes__1876-397.txt_3729	ty J. L. Peters, 843, Broadway, New York. ~ - Wednesday, March 2, 1876,	J. L. Peters	NIL	person	occupation	Q222836, Q43845, Q121010280, Q175151	yes	yes	yes	https://imslp.org/wiki/J.L._Peters
TheMusicalTimes__1876-397.txt_3729	ty J. L. Peters, 843, Broadway, New York. ~ - Wednesday, March 2, 1876,	J. L. Peters	NIL	person	date of birth	NIL	no	no	yes	https://imslp.org/wiki/J.L._Peters
TheMusicalTimes__1875-388.txt_1718	-Set to music composed by James Fitzgerald, Organist of St. George’s Parish Church, Kidderminster.	James Fitzgerald	NIL	person	given name	Q677191			yes	https://www.cambridge.org/core/journals/nineteenth-century-music-review/article/foundation-of-the-college-of-organists-personalities-proceedings-and-early-actions/8F6AD3A5B368AD804A0B16518DD6CFCE
TheMusicalTimes__1875-388.txt_1718	-Set to music composed by James Fitzgerald, Organist of St. George’s Parish Church, Kidderminster.	James Fitzgerald	NIL	person	sex or gender	Q6581097			yes	https://www.cambridge.org/core/journals/nineteenth-century-music-review/article/foundation-of-the-college-of-organists-personalities-proceedings-and-early-actions/8F6AD3A5B368AD804A0B16518DD6CFCE
TheMusicalTimes__1875-388.txt_1718	-Set to music composed by James Fitzgerald, Organist of St. George’s Parish Church, Kidderminster.	James Fitzgerald	NIL	person	country of citizenship	Q145			yes	https://www.cambridge.org/core/journals/nineteenth-century-music-review/article/foundation-of-the-college-of-organists-personalities-proceedings-and-early-actions/8F6AD3A5B368AD804A0B16518DD6CFCE
TheMusicalTimes__1875-388.txt_1718	-Set to music composed by James Fitzgerald, Organist of St. George’s Parish Church, Kidderminster.	James Fitzgerald	NIL	person	occupation	Q765778,Q36834			yes	https://www.cambridge.org/core/journals/nineteenth-century-music-review/article/foundation-of-the-college-of-organists-personalities-proceedings-and-early-actions/8F6AD3A5B368AD804A0B16518DD6CFCE
TheMusicalTimes__1875-388.txt_1718	-Set to music composed by James Fitzgerald, Organist of St. George’s Parish Church, Kidderminster.	James Fitzgerald	NIL	person	date of birth	NIL				
TheQuarterlyMusicalMagazineAndReview__1828-037.txt_1149	- Jodran,. a distinguished tenor, possesses, like Soretti (who sings at the church of Santa Maria Maggiore), a superb voice.	Jodran	NIL	person	given name	NIL				
TheQuarterlyMusicalMagazineAndReview__1828-037.txt_1149	- Jodran,. a distinguished tenor, possesses, like Soretti (who sings at the church of Santa Maria Maggiore), a superb voice.	Jodran	NIL	person	sex or gender	Q6581097				Corpus
TheQuarterlyMusicalMagazineAndReview__1828-037.txt_1149	- Jodran,. a distinguished tenor, possesses, like Soretti (who sings at the church of Santa Maria Maggiore), a superb voice.	Jodran	NIL	person	country of citizenship	NIL				
TheQuarterlyMusicalMagazineAndReview__1828-037.txt_1149	- Jodran,. a distinguished tenor, possesses, like Soretti (who sings at the church of Santa Maria Maggiore), a superb voice.	Jodran	NIL	person	occupation	Q65620039,Q27914,Q28771895,Q12374149,Q15214752,Q3391743				Corpus
TheQuarterlyMusicalMagazineAndReview__1828-037.txt_1149	- Jodran,. a distinguished tenor, possesses, like Soretti (who sings at the church of Santa Maria Maggiore), a superb voice.	Jodran	NIL	person	date of birth	NIL				
TheMusicalWorld__1843-036.txt_756	Translated by John Bishop, and dedicated to the Author's friend, Professor Taylor.	John Bishop	NIL	person	given name	Q4925477	yes	yes	yes	https://www.operabase.com/john-bishop-of-cheltenham-a2268074/en
TheMusicalWorld__1843-036.txt_756	Translated by John Bishop, and dedicated to the Author's friend, Professor Taylor.	John Bishop	NIL	person	sex or gender	Q6581097	yes	yes	yes	https://www.operabase.com/john-bishop-of-cheltenham-a2268074/en
TheMusicalWorld__1843-036.txt_756	Translated by John Bishop, and dedicated to the Author's friend, Professor Taylor.	John Bishop	NIL	person	country of citizenship	Q145	yes	yes	yes	https://www.operabase.com/john-bishop-of-cheltenham-a2268074/en
TheMusicalWorld__1843-036.txt_756	Translated by John Bishop, and dedicated to the Author's friend, Professor Taylor.	John Bishop	NIL	person	occupation	Q333634, Q1607826	yes	yes	yes	https://www.operabase.com/john-bishop-of-cheltenham-a2268074/en
TheMusicalWorld__1843-036.txt_756	Translated by John Bishop, and dedicated to the Author's friend, Professor Taylor.	John Bishop	NIL	person	date of birth	NIL	no	no	yes	https://www.operabase.com/john-bishop-of-cheltenham-a2268074/en
TheMusicalTimes__1875-388.txt_1671	The artists engaged were the Misses Agnes Drummond, Josephine Pulham, Marian Haigh, Florence Wydford, and Messrs. Henry Guy, Theodore Distin, E. Stone, and Thurley Beale.	Josephine Pulham	NIL	person	given name	Q666954	no	yes	yes	
TheMusicalTimes__1875-388.txt_1671	The artists engaged were the Misses Agnes Drummond, Josephine Pulham, Marian Haigh, Florence Wydford, and Messrs. Henry Guy, Theodore Distin, E. Stone, and Thurley Beale.	Josephine Pulham	NIL	person	sex or gender	Q6581072	no	yes	yes	
TheMusicalTimes__1875-388.txt_1671	The artists engaged were the Misses Agnes Drummond, Josephine Pulham, Marian Haigh, Florence Wydford, and Messrs. Henry Guy, Theodore Distin, E. Stone, and Thurley Beale.	Josephine Pulham	NIL	person	country of citizenship	Q145	no	yes	yes	
TheMusicalTimes__1875-388.txt_1671	The artists engaged were the Misses Agnes Drummond, Josephine Pulham, Marian Haigh, Florence Wydford, and Messrs. Henry Guy, Theodore Distin, E. Stone, and Thurley Beale.	Josephine Pulham	NIL	person	occupation	Q98834068	no	yes	yes	
TheMusicalTimes__1875-388.txt_1671	The artists engaged were the Misses Agnes Drummond, Josephine Pulham, Marian Haigh, Florence Wydford, and Messrs. Henry Guy, Theodore Distin, E. Stone, and Thurley Beale.	Josephine Pulham	NIL	person	date of birth	NIL	no	no	yes	
The_Musical_World__ms_1845-029_4_	"When Paganini returned from France and England, he was called upon frequently by the young artist, to hear him play and ask his advice; and although at this time the great violinist was grievously indisposed, he neither withheld his playing nor refused his assistance to his young friend. M. Dellepiane, who was first violin at the Theatre Carlo Felice at Genoa, and master of the Conservatoire of the same city, was taken ill;"	M. Dellepiane	NIL	person	given name	NIL	no	no	yes	
The_Musical_World__ms_1845-029_4_	"When Paganini returned from France and England, he was called upon frequently by the young artist, to hear him play and ask his advice; and although at this time the great violinist was grievously indisposed, he neither withheld his playing nor refused his assistance to his young friend. M. Dellepiane, who was first violin at the Theatre Carlo Felice at Genoa, and master of the Conservatoire of the same city, was taken ill;"	M. Dellepiane	NIL	person	sex or gender	Q6581097	no	yes	yes	
The_Musical_World__ms_1845-029_4_	"When Paganini returned from France and England, he was called upon frequently by the young artist, to hear him play and ask his advice; and although at this time the great violinist was grievously indisposed, he neither withheld his playing nor refused his assistance to his young friend. M. Dellepiane, who was first violin at the Theatre Carlo Felice at Genoa, and master of the Conservatoire of the same city, was taken ill;"	M. Dellepiane	NIL	person	country of citizenship	Q38	no	yes	yes	
The_Musical_World__ms_1845-029_4_	"When Paganini returned from France and England, he was called upon frequently by the young artist, to hear him play and ask his advice; and although at this time the great violinist was grievously indisposed, he neither withheld his playing nor refused his assistance to his young friend. M. Dellepiane, who was first violin at the Theatre Carlo Felice at Genoa, and master of the Conservatoire of the same city, was taken ill;"	M. Dellepiane	NIL	person	occupation	Q1259917, Q974144, Q691031	no	yes	yes	
The_Musical_World__ms_1845-029_4_	"When Paganini returned from France and England, he was called upon frequently by the young artist, to hear him play and ask his advice; and although at this time the great violinist was grievously indisposed, he neither withheld his playing nor refused his assistance to his young friend. M. Dellepiane, who was first violin at the Theatre Carlo Felice at Genoa, and master of the Conservatoire of the same city, was taken ill;"	M. Dellepiane	NIL	person	date of birth	NIL	no	no	yes	
TheQuarterlyMusicalMagazineAndReview__1824-022.txt_1252	At some concerts, at the Feydeau, i in 1794, he executed some concerted symphonies of Devienne’s Sy with M. Huguot, Frederic and Charles Duvernoy.	M. Huguot	NIL	person	given name	NIL				
TheQuarterlyMusicalMagazineAndReview__1824-022.txt_1252	At some concerts, at the Feydeau, i in 1794, he executed some concerted symphonies of Devienne’s Sy with M. Huguot, Frederic and Charles Duvernoy.	M. Huguot	NIL	person	sex or gender	Q6581097	no	yes	yes	Corpus
TheQuarterlyMusicalMagazineAndReview__1824-022.txt_1252	At some concerts, at the Feydeau, i in 1794, he executed some concerted symphonies of Devienne’s Sy with M. Huguot, Frederic and Charles Duvernoy.	M. Huguot	NIL	person	country of citizenship	Q142	no	yes	yes	Corpus
TheQuarterlyMusicalMagazineAndReview__1824-022.txt_1252	At some concerts, at the Feydeau, i in 1794, he executed some concerted symphonies of Devienne’s Sy with M. Huguot, Frederic and Charles Duvernoy.	M. Huguot	NIL	person	occupation	Q639669	no	yes	yes	Corpus
TheQuarterlyMusicalMagazineAndReview__1824-022.txt_1252	At some concerts, at the Feydeau, i in 1794, he executed some concerted symphonies of Devienne’s Sy with M. Huguot, Frederic and Charles Duvernoy.	M. Huguot	NIL	person	date of birth	NIL				
TheHarmonicon__1833-005.txt_1679	A new symphony by M. Joachim Hoffman, a composition of great merit, was performed at that gentleman’s concert.	M. Joachim Hoffman	NIL	person	given name	Q4926961	no	yes	yes	Corpus
TheHarmonicon__1833-005.txt_1679	A new symphony by M. Joachim Hoffman, a composition of great merit, was performed at that gentleman’s concert.	M. Joachim Hoffman	NIL	person	sex or gender	Q6581097	no	yes	yes	
TheHarmonicon__1833-005.txt_1679	A new symphony by M. Joachim Hoffman, a composition of great merit, was performed at that gentleman’s concert.	M. Joachim Hoffman	NIL	person	country of citizenship	NIL				
TheHarmonicon__1833-005.txt_1679	A new symphony by M. Joachim Hoffman, a composition of great merit, was performed at that gentleman’s concert.	M. Joachim Hoffman	NIL	person	occupation	Q36834	no	yes	yes	
TheHarmonicon__1833-005.txt_1679	A new symphony by M. Joachim Hoffman, a composition of great merit, was performed at that gentleman’s concert.	M. Joachim Hoffman	NIL	person	date of birth	NIL				
The_Musical_Times_ms_1896-646_7_	Perhaps the most interesting piece was Bemberg’s ‘La Ballade du Désespéré” for yoice“and declamation, beautifully rendered by Miss Gertrude Bevan and Miss Ellen M. Bowick, with the accompaniments well played by the Misses Edith Byford, May H. Mukle, and Mabel E. Colyer.	Mabel E. Colyer	NIL	person	given name	Q949355	no	yes	yes	
The_Musical_Times_ms_1896-646_7_	Perhaps the most interesting piece was Bemberg’s ‘La Ballade du Désespéré” for yoice“and declamation, beautifully rendered by Miss Gertrude Bevan and Miss Ellen M. Bowick, with the accompaniments well played by the Misses Edith Byford, May H. Mukle, and Mabel E. Colyer.	Mabel E. Colyer	NIL	person	sex or gender	Q6581072	no	yes	yes	
The_Musical_Times_ms_1896-646_7_	Perhaps the most interesting piece was Bemberg’s ‘La Ballade du Désespéré” for yoice“and declamation, beautifully rendered by Miss Gertrude Bevan and Miss Ellen M. Bowick, with the accompaniments well played by the Misses Edith Byford, May H. Mukle, and Mabel E. Colyer.	Mabel E. Colyer	NIL	person	country of citizenship	Q145	no	yes	yes	
The_Musical_Times_ms_1896-646_7_	Perhaps the most interesting piece was Bemberg’s ‘La Ballade du Désespéré” for yoice“and declamation, beautifully rendered by Miss Gertrude Bevan and Miss Ellen M. Bowick, with the accompaniments well played by the Misses Edith Byford, May H. Mukle, and Mabel E. Colyer.	Mabel E. Colyer	NIL	person	occupation	Q486748, Q29448653, Q639669	no	yes	yes	
The_Musical_Times_ms_1896-646_7_	Perhaps the most interesting piece was Bemberg’s ‘La Ballade du Désespéré” for yoice“and declamation, beautifully rendered by Miss Gertrude Bevan and Miss Ellen M. Bowick, with the accompaniments well played by the Misses Edith Byford, May H. Mukle, and Mabel E. Colyer.	Mabel E. Colyer	NIL	person	date of birth	NIL	no	yes	yes	
TheMusicalTimes__1876-397.txt_2177	The soloists were Mrs. A. J. Sutton (in place of Madame Brooke, absent through illness), Miss Julia Jones, Miss Taylor, Mr. Bywater, and Mr. W. H. Phillips...	Madame Brooke	NIL	person	given name	NIL	no	no	yes	
TheMusicalTimes__1876-397.txt_2177	The soloists were Mrs. A. J. Sutton (in place of Madame Brooke, absent through illness), Miss Julia Jones, Miss Taylor, Mr. Bywater, and Mr. W. H. Phillips...	Madame Brooke	NIL	person	sex or gender	Q6581072	no	yes	yes	
TheMusicalTimes__1876-397.txt_2177	The soloists were Mrs. A. J. Sutton (in place of Madame Brooke, absent through illness), Miss Julia Jones, Miss Taylor, Mr. Bywater, and Mr. W. H. Phillips...	Madame Brooke	NIL	person	country of citizenship	Q145	no	yes	yes	
TheMusicalTimes__1876-397.txt_2177	The soloists were Mrs. A. J. Sutton (in place of Madame Brooke, absent through illness), Miss Julia Jones, Miss Taylor, Mr. Bywater, and Mr. W. H. Phillips...	Madame Brooke	NIL	person	occupation	Q1371914, Q177220	no	yes	yes	
TheMusicalTimes__1876-397.txt_2177	The soloists were Mrs. A. J. Sutton (in place of Madame Brooke, absent through illness), Miss Julia Jones, Miss Taylor, Mr. Bywater, and Mr. W. H. Phillips...	Madame Brooke	NIL	person	date of birth	NIL	no	no	yes	
the_Musical_Times_ms_1896-635_11_	She also gave a good interpretation of the ‘Hymne au Soleil,” without, however, causing us to forget Madame Collier's fine rendering of this number at the Société de Musique d’Ensemble, and at the Bodiniére	Madame Collier	NIL	person	given name	NIL	no	no	yes	
the_Musical_Times_ms_1896-635_11_	She also gave a good interpretation of the ‘Hymne au Soleil,” without, however, causing us to forget Madame Collier's fine rendering of this number at the Société de Musique d’Ensemble, and at the Bodiniére	Madame Collier	NIL	person	sex or gender	Q6581072	no	yes	yes	
the_Musical_Times_ms_1896-635_11_	She also gave a good interpretation of the ‘Hymne au Soleil,” without, however, causing us to forget Madame Collier's fine rendering of this number at the Société de Musique d’Ensemble, and at the Bodiniére	Madame Collier	NIL	person	country of citizenship	NIL	no	no	yes	
the_Musical_Times_ms_1896-635_11_	She also gave a good interpretation of the ‘Hymne au Soleil,” without, however, causing us to forget Madame Collier's fine rendering of this number at the Société de Musique d’Ensemble, and at the Bodiniére	Madame Collier	NIL	person	occupation	Q1371914, Q177220	no	yes	yes	
the_Musical_Times_ms_1896-635_11_	She also gave a good interpretation of the ‘Hymne au Soleil,” without, however, causing us to forget Madame Collier's fine rendering of this number at the Société de Musique d’Ensemble, and at the Bodiniére	Madame Collier	NIL	person	date of birth	NIL	no	no	yes	
the_Musical_Times_ms_1884-493_4_	"Besides the artists already mentioried we are promised Madame Adelina Patti, Madame Sembrich, Madame Maria Durand, Mdlle. De Vere (her first appearance at the Royai Italian Opera), Madame Scalchi, Mdlle. Reggiani, and Mdille. Tremelli; Signor Nicolini, Signor Marconi, M. Soulacroix, Signor Mierzwinski, Signor Cotogni, M. Devoyod, Signor De Reszké, Signor Monti, and Signor Novara."	Madame Maria Durand	NIL	person	given name	Q325872	no	yes	yes	Corpus
the_Musical_Times_ms_1884-493_4_	"Besides the artists already mentioried we are promised Madame Adelina Patti, Madame Sembrich, Madame Maria Durand, Mdlle. De Vere (her first appearance at the Royai Italian Opera), Madame Scalchi, Mdlle. Reggiani, and Mdille. Tremelli; Signor Nicolini, Signor Marconi, M. Soulacroix, Signor Mierzwinski, Signor Cotogni, M. Devoyod, Signor De Reszké, Signor Monti, and Signor Novara."	Madame Maria Durand	NIL	person	sex or gender	Q6581072	no	yes	yes	Corpus
the_Musical_Times_ms_1884-493_4_	"Besides the artists already mentioried we are promised Madame Adelina Patti, Madame Sembrich, Madame Maria Durand, Mdlle. De Vere (her first appearance at the Royai Italian Opera), Madame Scalchi, Mdlle. Reggiani, and Mdille. Tremelli; Signor Nicolini, Signor Marconi, M. Soulacroix, Signor Mierzwinski, Signor Cotogni, M. Devoyod, Signor De Reszké, Signor Monti, and Signor Novara."	Madame Maria Durand	NIL	person	country of citizenship	Q142	no	yes	yes	Corpus
the_Musical_Times_ms_1884-493_4_	"Besides the artists already mentioried we are promised Madame Adelina Patti, Madame Sembrich, Madame Maria Durand, Mdlle. De Vere (her first appearance at the Royai Italian Opera), Madame Scalchi, Mdlle. Reggiani, and Mdille. Tremelli; Signor Nicolini, Signor Marconi, M. Soulacroix, Signor Mierzwinski, Signor Cotogni, M. Devoyod, Signor De Reszké, Signor Monti, and Signor Novara."	Madame Maria Durand	NIL	person	occupation	Q2865819	no	yes	yes	Corpus
the_Musical_Times_ms_1884-493_4_	"Besides the artists already mentioried we are promised Madame Adelina Patti, Madame Sembrich, Madame Maria Durand, Mdlle. De Vere (her first appearance at the Royai Italian Opera), Madame Scalchi, Mdlle. Reggiani, and Mdille. Tremelli; Signor Nicolini, Signor Marconi, M. Soulacroix, Signor Mierzwinski, Signor Cotogni, M. Devoyod, Signor De Reszké, Signor Monti, and Signor Novara."	Madame Maria Durand	NIL	person	date of birth	NIL				
the_Musical_Times_ms_1896-635_8_	At Bradford, too, there has. been more than ordinary musical activity. On November 22 the second of the Subscription Concerts took place, a miscellaneous programme of much more than average interest being sustained by Miss Esther Palliser, Madame Marian McKenzie, Messrs. Ben Davies and Douglas Powell, with Herr Rosenthal as pianist and Mr. W. H. Squire as violoncellist.	Madame Marian McKenzie	NIL	person	given name	Q20155725	no	yes	yes	Corpus
the_Musical_Times_ms_1896-635_8_	At Bradford, too, there has. been more than ordinary musical activity. On November 22 the second of the Subscription Concerts took place, a miscellaneous programme of much more than average interest being sustained by Miss Esther Palliser, Madame Marian McKenzie, Messrs. Ben Davies and Douglas Powell, with Herr Rosenthal as pianist and Mr. W. H. Squire as violoncellist.	Madame Marian McKenzie	NIL	person	sex or gender	Q6581072	no	yes	yes	Corpus
the_Musical_Times_ms_1896-635_8_	At Bradford, too, there has. been more than ordinary musical activity. On November 22 the second of the Subscription Concerts took place, a miscellaneous programme of much more than average interest being sustained by Miss Esther Palliser, Madame Marian McKenzie, Messrs. Ben Davies and Douglas Powell, with Herr Rosenthal as pianist and Mr. W. H. Squire as violoncellist.	Madame Marian McKenzie	NIL	person	country of citizenship	Q145	no	yes	yes	Corpus
the_Musical_Times_ms_1896-635_8_	At Bradford, too, there has. been more than ordinary musical activity. On November 22 the second of the Subscription Concerts took place, a miscellaneous programme of much more than average interest being sustained by Miss Esther Palliser, Madame Marian McKenzie, Messrs. Ben Davies and Douglas Powell, with Herr Rosenthal as pianist and Mr. W. H. Squire as violoncellist.	Madame Marian McKenzie	NIL	person	occupation	Q3153559	no	yes	yes	Corpus
the_Musical_Times_ms_1896-635_8_	At Bradford, too, there has. been more than ordinary musical activity. On November 22 the second of the Subscription Concerts took place, a miscellaneous programme of much more than average interest being sustained by Miss Esther Palliser, Madame Marian McKenzie, Messrs. Ben Davies and Douglas Powell, with Herr Rosenthal as pianist and Mr. W. H. Squire as violoncellist.	Madame Marian McKenzie	NIL	person	date of birth	NIL	no	no	yes	
the_Musical_Times_ms_1896-635_5_	Despite this drawback, the Concert wasa brilliant success, and Dr. Mackenzie’s abilities as a conductor were watmly recognised. Mr. Brodsky, the new leader of the Hallé band, made a most tavourable impression on his first appearance before a Leeds audience by his highly poetic and technically perfect playing of the Mendelssohn Concerto, and Madame Marian McKenzie contributed several songs with good effect.	Madame Marian McKenzie	NIL	person	given name	Q20155725	yes	yes	yes	https://catalogue.nla.gov.au/catalog/566075
the_Musical_Times_ms_1896-635_5_	Despite this drawback, the Concert wasa brilliant success, and Dr. Mackenzie’s abilities as a conductor were watmly recognised. Mr. Brodsky, the new leader of the Hallé band, made a most tavourable impression on his first appearance before a Leeds audience by his highly poetic and technically perfect playing of the Mendelssohn Concerto, and Madame Marian McKenzie contributed several songs with good effect.	Madame Marian McKenzie	NIL	person	sex or gender	Q6581072	yes	yes	yes	https://catalogue.nla.gov.au/catalog/566075
the_Musical_Times_ms_1896-635_5_	Despite this drawback, the Concert wasa brilliant success, and Dr. Mackenzie’s abilities as a conductor were watmly recognised. Mr. Brodsky, the new leader of the Hallé band, made a most tavourable impression on his first appearance before a Leeds audience by his highly poetic and technically perfect playing of the Mendelssohn Concerto, and Madame Marian McKenzie contributed several songs with good effect.	Madame Marian McKenzie	NIL	person	country of citizenship	Q145	yes	yes	yes	https://catalogue.nla.gov.au/catalog/566075
the_Musical_Times_ms_1896-635_5_	Despite this drawback, the Concert wasa brilliant success, and Dr. Mackenzie’s abilities as a conductor were watmly recognised. Mr. Brodsky, the new leader of the Hallé band, made a most tavourable impression on his first appearance before a Leeds audience by his highly poetic and technically perfect playing of the Mendelssohn Concerto, and Madame Marian McKenzie contributed several songs with good effect.	Madame Marian McKenzie	NIL	person	occupation	Q3153559	yes	yes	yes	https://catalogue.nla.gov.au/catalog/566075
the_Musical_Times_ms_1896-635_5_	Despite this drawback, the Concert wasa brilliant success, and Dr. Mackenzie’s abilities as a conductor were watmly recognised. Mr. Brodsky, the new leader of the Hallé band, made a most tavourable impression on his first appearance before a Leeds audience by his highly poetic and technically perfect playing of the Mendelssohn Concerto, and Madame Marian McKenzie contributed several songs with good effect.	Madame Marian McKenzie	NIL	person	date of birth	NIL	no	no	yes	
the_Musical_Times_ms_1895-634_7_	"he programme contained Mendelssohn’s ‘Hear my Prayer,” the solo part of which was effectively sung by Madame San Carolo; Cowen’s ‘Bridal Chorus, ’’ Stewart’s ‘Bells of St. Michael’s Tower,” and Pinsuti’s ‘Good - night, beloved.”"	Madame San Carolo	NIL	person	given name	Q229227				
the_Musical_Times_ms_1895-634_7_	"he programme contained Mendelssohn’s ‘Hear my Prayer,” the solo part of which was effectively sung by Madame San Carolo; Cowen’s ‘Bridal Chorus, ’’ Stewart’s ‘Bells of St. Michael’s Tower,” and Pinsuti’s ‘Good - night, beloved.”"	Madame San Carolo	NIL	person	sex or gender	Q6581072				
the_Musical_Times_ms_1895-634_7_	"he programme contained Mendelssohn’s ‘Hear my Prayer,” the solo part of which was effectively sung by Madame San Carolo; Cowen’s ‘Bridal Chorus, ’’ Stewart’s ‘Bells of St. Michael’s Tower,” and Pinsuti’s ‘Good - night, beloved.”"	Madame San Carolo	NIL	person	country of citizenship	Q38				
the_Musical_Times_ms_1895-634_7_	"he programme contained Mendelssohn’s ‘Hear my Prayer,” the solo part of which was effectively sung by Madame San Carolo; Cowen’s ‘Bridal Chorus, ’’ Stewart’s ‘Bells of St. Michael’s Tower,” and Pinsuti’s ‘Good - night, beloved.”"	Madame San Carolo	NIL	person	occupation	Q177220				
the_Musical_Times_ms_1895-634_7_	"he programme contained Mendelssohn’s ‘Hear my Prayer,” the solo part of which was effectively sung by Madame San Carolo; Cowen’s ‘Bridal Chorus, ’’ Stewart’s ‘Bells of St. Michael’s Tower,” and Pinsuti’s ‘Good - night, beloved.”"	Madame San Carolo	NIL	person	date of birth	NIL				
TheMusicalTimes__1876-397.txt_2395	the direction of Mr. Carmichael, on Thursday evening, January 27th, in aid of the Building Fund for The Soloists were Miss Madeline Roe, Miss Marie Ternan,	Madeline Roe	NIL	person	given name	Q3275790	no	yes	yes	
TheMusicalTimes__1876-397.txt_2395	the direction of Mr. Carmichael, on Thursday evening, January 27th, in aid of the Building Fund for The Soloists were Miss Madeline Roe, Miss Marie Ternan,	Madeline Roe	NIL	person	sex or gender	Q6581072	no	yes	yes	
TheMusicalTimes__1876-397.txt_2395	the direction of Mr. Carmichael, on Thursday evening, January 27th, in aid of the Building Fund for The Soloists were Miss Madeline Roe, Miss Marie Ternan,	Madeline Roe	NIL	person	country of citizenship	Q145	no	yes	yes	
TheMusicalTimes__1876-397.txt_2395	the direction of Mr. Carmichael, on Thursday evening, January 27th, in aid of the Building Fund for The Soloists were Miss Madeline Roe, Miss Marie Ternan,	Madeline Roe	NIL	person	occupation	Q1371914, Q177220, Q639669, Q713200				
TheMusicalTimes__1876-397.txt_2395	the direction of Mr. Carmichael, on Thursday evening, January 27th, in aid of the Building Fund for The Soloists were Miss Madeline Roe, Miss Marie Ternan,	Madeline Roe	NIL	person	date of birth	NIL				
TheQuarterlyMusicalMagazineAndReview__1828-037.txt_2235	The great drawback upon her singing was an occasional infirmity in the’ sustaining power, not unlike, though not to the same extent, as the trembling of voice observed in Mademoiselle Bonini.	Mademoiselle Bonini	NIL	person	given name	NIL				
TheQuarterlyMusicalMagazineAndReview__1828-037.txt_2235	The great drawback upon her singing was an occasional infirmity in the’ sustaining power, not unlike, though not to the same extent, as the trembling of voice observed in Mademoiselle Bonini.	Mademoiselle Bonini	NIL	person	sex or gender	Q6581072	no	yes	yes	Corpus
TheQuarterlyMusicalMagazineAndReview__1828-037.txt_2235	The great drawback upon her singing was an occasional infirmity in the’ sustaining power, not unlike, though not to the same extent, as the trembling of voice observed in Mademoiselle Bonini.	Mademoiselle Bonini	NIL	person	country of citizenship	Q142	no	yes	yes	Corpus
TheQuarterlyMusicalMagazineAndReview__1828-037.txt_2235	The great drawback upon her singing was an occasional infirmity in the’ sustaining power, not unlike, though not to the same extent, as the trembling of voice observed in Mademoiselle Bonini.	Mademoiselle Bonini	NIL	person	occupation	Q2865819	no	yes	yes	Corpus
TheQuarterlyMusicalMagazineAndReview__1828-037.txt_2235	The great drawback upon her singing was an occasional infirmity in the’ sustaining power, not unlike, though not to the same extent, as the trembling of voice observed in Mademoiselle Bonini.	Mademoiselle Bonini	NIL	person	date of birth	NIL				
TheHarmonicon__1824-016.txt_1256	"(Printed for G. and W. B. Whittaker, dve Maria Lune; and Clementi and Co., Cheapside.)"	Maria Lune	NIL	person	given name	Q325872	no	yes	yes	Corpus
TheHarmonicon__1824-016.txt_1256	"(Printed for G. and W. B. Whittaker, dve Maria Lune; and Clementi and Co., Cheapside.)"	Maria Lune	NIL	person	sex or gender	Q6581072	no	yes		Corpus
TheHarmonicon__1824-016.txt_1256	"(Printed for G. and W. B. Whittaker, dve Maria Lune; and Clementi and Co., Cheapside.)"	Maria Lune	NIL	person	country of citizenship	Q145	no	yes		Corpus
TheHarmonicon__1824-016.txt_1256	"(Printed for G. and W. B. Whittaker, dve Maria Lune; and Clementi and Co., Cheapside.)"	Maria Lune	NIL	person	occupation	Q2516866, Q998550	no	yes		Corpus
TheHarmonicon__1824-016.txt_1256	"(Printed for G. and W. B. Whittaker, dve Maria Lune; and Clementi and Co., Cheapside.)"	Maria Lune	NIL	person	date of birth	NIL	no	no	yes	Corpus
TheMusicalTimes__1875-388.txt_1671	The artists engaged were the Misses Agnes Drummond, Josephine Pulham, Marian Haigh, Florence Wydford, and Messrs. Henry Guy, Theodore Distin, E. Stone, and Thurley Beale.	Marian Haigh	NIL	person	given name	Q20155725				
TheMusicalTimes__1875-388.txt_1671	The artists engaged were the Misses Agnes Drummond, Josephine Pulham, Marian Haigh, Florence Wydford, and Messrs. Henry Guy, Theodore Distin, E. Stone, and Thurley Beale.	Marian Haigh	NIL	person	sex or gender	Q6581072				
TheMusicalTimes__1875-388.txt_1671	The artists engaged were the Misses Agnes Drummond, Josephine Pulham, Marian Haigh, Florence Wydford, and Messrs. Henry Guy, Theodore Distin, E. Stone, and Thurley Beale.	Marian Haigh	NIL	person	country of citizenship	Q145				
TheMusicalTimes__1875-388.txt_1671	The artists engaged were the Misses Agnes Drummond, Josephine Pulham, Marian Haigh, Florence Wydford, and Messrs. Henry Guy, Theodore Distin, E. Stone, and Thurley Beale.	Marian Haigh	NIL	person	occupation	Q483501, Q639669				
TheMusicalTimes__1875-388.txt_1671	The artists engaged were the Misses Agnes Drummond, Josephine Pulham, Marian Haigh, Florence Wydford, and Messrs. Henry Guy, Theodore Distin, E. Stone, and Thurley Beale.	Marian Haigh	NIL	person	date of birth	NIL				
TheMusicalTimes__1876-402.txt_1191	Annie Butterworth, Hannah Edouard, Marietta Phillips, Marie Duval, Mary Jane Williams.	Marie Duval	NIL	person	given name	Q632104	no	yes	yes	Corpus
TheMusicalTimes__1876-402.txt_1191	Annie Butterworth, Hannah Edouard, Marietta Phillips, Marie Duval, Mary Jane Williams.	Marie Duval	NIL	person	sex or gender	Q6581072	no	yes	yes	Corpus
TheMusicalTimes__1876-402.txt_1191	Annie Butterworth, Hannah Edouard, Marietta Phillips, Marie Duval, Mary Jane Williams.	Marie Duval	NIL	person	country of citizenship	Q145	no	yes	yes	Corpus
TheMusicalTimes__1876-402.txt_1191	Annie Butterworth, Hannah Edouard, Marietta Phillips, Marie Duval, Mary Jane Williams.	Marie Duval	NIL	person	occupation	Q177220,Q639669,Q2643890	no	yes	yes	Corpus
TheMusicalTimes__1876-402.txt_1191	Annie Butterworth, Hannah Edouard, Marietta Phillips, Marie Duval, Mary Jane Williams.	Marie Duval	NIL	person	date of birth	NIL				
TheMusicalTimes__1876-402.txt_1191	Annie Butterworth, Hannah Edouard, Marietta Phillips, Marie Duval, Mary Jane Williams.	Marietta Phillips	NIL	person	given name	Q17578110	no	yes	yes	Corpus
TheMusicalTimes__1876-402.txt_1191	Annie Butterworth, Hannah Edouard, Marietta Phillips, Marie Duval, Mary Jane Williams.	Marietta Phillips	NIL	person	sex or gender	Q6581072	no	yes	yes	Corpus
TheMusicalTimes__1876-402.txt_1191	Annie Butterworth, Hannah Edouard, Marietta Phillips, Marie Duval, Mary Jane Williams.	Marietta Phillips	NIL	person	country of citizenship	Q145	no	yes	yes	Corpus
TheMusicalTimes__1876-402.txt_1191	Annie Butterworth, Hannah Edouard, Marietta Phillips, Marie Duval, Mary Jane Williams.	Marietta Phillips	NIL	person	occupation	Q177220,Q639669,Q2643890	no	yes	yes	Corpus
TheMusicalTimes__1876-402.txt_1191	Annie Butterworth, Hannah Edouard, Marietta Phillips, Marie Duval, Mary Jane Williams.	Marietta Phillips	NIL	person	date of birth	NIL				
TheMusicalTimes__1876-402.txt_1191	Annie Butterworth, Hannah Edouard, Marietta Phillips, Marie Duval, Mary Jane Williams.	Mary Jane Williams	NIL	person	given name	Q734578,Q1682564	no	yes	yes	Corpus
TheMusicalTimes__1876-402.txt_1191	Annie Butterworth, Hannah Edouard, Marietta Phillips, Marie Duval, Mary Jane Williams.	Mary Jane Williams	NIL	person	sex or gender	Q6581072	no	yes	yes	Corpus
TheMusicalTimes__1876-402.txt_1191	Annie Butterworth, Hannah Edouard, Marietta Phillips, Marie Duval, Mary Jane Williams.	Mary Jane Williams	NIL	person	country of citizenship	Q145	no	yes	yes	Corpus
TheMusicalTimes__1876-402.txt_1191	Annie Butterworth, Hannah Edouard, Marietta Phillips, Marie Duval, Mary Jane Williams.	Mary Jane Williams	NIL	person	occupation	Q177220,Q639669,Q2643890	no	yes	yes	Corpus
TheMusicalTimes__1876-402.txt_1191	Annie Butterworth, Hannah Edouard, Marietta Phillips, Marie Duval, Mary Jane Williams.	Mary Jane Williams	NIL	person	date of birth	NIL				
the_Musical_Times_ms_1884-493_4_	"Besides the artists already mentioried we are promised Madame Adelina Patti, Madame Sembrich, Madame Maria Durand, Mdlle. De Vere (her first appearance at the Royai Italian Opera), Madame Scalchi, Mdlle. Reggiani, and Mdille. Tremelli; Signor Nicolini, Signor Marconi, M. Soulacroix, Signor Mierzwinski, Signor Cotogni, M. Devoyod, Signor De Reszké, Signor Monti, and Signor Novara."	Mdille . Tremelli	NIL	person	given name	NIL				
the_Musical_Times_ms_1884-493_4_	"Besides the artists already mentioried we are promised Madame Adelina Patti, Madame Sembrich, Madame Maria Durand, Mdlle. De Vere (her first appearance at the Royai Italian Opera), Madame Scalchi, Mdlle. Reggiani, and Mdille. Tremelli; Signor Nicolini, Signor Marconi, M. Soulacroix, Signor Mierzwinski, Signor Cotogni, M. Devoyod, Signor De Reszké, Signor Monti, and Signor Novara."	Mdille . Tremelli	NIL	person	sex or gender	Q6581072	no	yes	yes	Corpus
the_Musical_Times_ms_1884-493_4_	"Besides the artists already mentioried we are promised Madame Adelina Patti, Madame Sembrich, Madame Maria Durand, Mdlle. De Vere (her first appearance at the Royai Italian Opera), Madame Scalchi, Mdlle. Reggiani, and Mdille. Tremelli; Signor Nicolini, Signor Marconi, M. Soulacroix, Signor Mierzwinski, Signor Cotogni, M. Devoyod, Signor De Reszké, Signor Monti, and Signor Novara."	Mdille . Tremelli	NIL	person	country of citizenship	Q142	no	yes	yes	Corpus
the_Musical_Times_ms_1884-493_4_	"Besides the artists already mentioried we are promised Madame Adelina Patti, Madame Sembrich, Madame Maria Durand, Mdlle. De Vere (her first appearance at the Royai Italian Opera), Madame Scalchi, Mdlle. Reggiani, and Mdille. Tremelli; Signor Nicolini, Signor Marconi, M. Soulacroix, Signor Mierzwinski, Signor Cotogni, M. Devoyod, Signor De Reszké, Signor Monti, and Signor Novara."	Mdille . Tremelli	NIL	person	occupation	Q2865819	no	yes	yes	Corpus
the_Musical_Times_ms_1884-493_4_	"Besides the artists already mentioried we are promised Madame Adelina Patti, Madame Sembrich, Madame Maria Durand, Mdlle. De Vere (her first appearance at the Royai Italian Opera), Madame Scalchi, Mdlle. Reggiani, and Mdille. Tremelli; Signor Nicolini, Signor Marconi, M. Soulacroix, Signor Mierzwinski, Signor Cotogni, M. Devoyod, Signor De Reszké, Signor Monti, and Signor Novara."	Mdille . Tremelli	NIL	person	date of birth	NIL				
the_Musical_Times_ms_1884-493_4_	"Besides the artists already mentioried we are promised Madame Adelina Patti, Madame Sembrich, Madame Maria Durand, Mdlle. De Vere (her first appearance at the Royai Italian Opera), Madame Scalchi, Mdlle. Reggiani, and Mdille. Tremelli; Signor Nicolini, Signor Marconi, M. Soulacroix, Signor Mierzwinski, Signor Cotogni, M. Devoyod, Signor De Reszké, Signor Monti, and Signor Novara."	Mdlle . Reggiani	NIL	person	given name	NIL				
the_Musical_Times_ms_1884-493_4_	"Besides the artists already mentioried we are promised Madame Adelina Patti, Madame Sembrich, Madame Maria Durand, Mdlle. De Vere (her first appearance at the Royai Italian Opera), Madame Scalchi, Mdlle. Reggiani, and Mdille. Tremelli; Signor Nicolini, Signor Marconi, M. Soulacroix, Signor Mierzwinski, Signor Cotogni, M. Devoyod, Signor De Reszké, Signor Monti, and Signor Novara."	Mdlle . Reggiani	NIL	person	sex or gender	Q6581072	no	yes	yes	Corpus
the_Musical_Times_ms_1884-493_4_	"Besides the artists already mentioried we are promised Madame Adelina Patti, Madame Sembrich, Madame Maria Durand, Mdlle. De Vere (her first appearance at the Royai Italian Opera), Madame Scalchi, Mdlle. Reggiani, and Mdille. Tremelli; Signor Nicolini, Signor Marconi, M. Soulacroix, Signor Mierzwinski, Signor Cotogni, M. Devoyod, Signor De Reszké, Signor Monti, and Signor Novara."	Mdlle . Reggiani	NIL	person	country of citizenship	Q38	no	yes	yes	Corpus
the_Musical_Times_ms_1884-493_4_	"Besides the artists already mentioried we are promised Madame Adelina Patti, Madame Sembrich, Madame Maria Durand, Mdlle. De Vere (her first appearance at the Royai Italian Opera), Madame Scalchi, Mdlle. Reggiani, and Mdille. Tremelli; Signor Nicolini, Signor Marconi, M. Soulacroix, Signor Mierzwinski, Signor Cotogni, M. Devoyod, Signor De Reszké, Signor Monti, and Signor Novara."	Mdlle . Reggiani	NIL	person	occupation	Q2865819	no	yes	yes	Corpus
the_Musical_Times_ms_1884-493_4_	"Besides the artists already mentioried we are promised Madame Adelina Patti, Madame Sembrich, Madame Maria Durand, Mdlle. De Vere (her first appearance at the Royai Italian Opera), Madame Scalchi, Mdlle. Reggiani, and Mdille. Tremelli; Signor Nicolini, Signor Marconi, M. Soulacroix, Signor Mierzwinski, Signor Cotogni, M. Devoyod, Signor De Reszké, Signor Monti, and Signor Novara."	Mdlle . Reggiani	NIL	person	date of birth	NIL				
TheMusicalTimes__1876-397.txt_2399	Agnes Robinson, Mrs. Carmichael, and Messrs. Hobart, Peake, C. J. Lenton, and C. Wilson.	Messrs. Hobart	NIL	person	given name	NIL				
TheMusicalTimes__1876-397.txt_2399	Agnes Robinson, Mrs. Carmichael, and Messrs. Hobart, Peake, C. J. Lenton, and C. Wilson.	Messrs. Hobart	NIL	person	sex or gender	Q6581097	no	yes	yes	Corpus
TheMusicalTimes__1876-397.txt_2399	Agnes Robinson, Mrs. Carmichael, and Messrs. Hobart, Peake, C. J. Lenton, and C. Wilson.	Messrs. Hobart	NIL	person	country of citizenship	NIL				
TheMusicalTimes__1876-397.txt_2399	Agnes Robinson, Mrs. Carmichael, and Messrs. Hobart, Peake, C. J. Lenton, and C. Wilson.	Messrs. Hobart	NIL	person	occupation	Q29448653	no	yes	yes	Corpus
TheMusicalTimes__1876-397.txt_2399	Agnes Robinson, Mrs. Carmichael, and Messrs. Hobart, Peake, C. J. Lenton, and C. Wilson.	Messrs. Hobart	NIL	person	date of birth	NIL				
TheMusicalTimes__1876-397.txt_889	A new organ, with four manuals, has been ordered from Messrs. Lewis.	Messrs. Lewis	NIL	person	given name	Q16428906,Q1084472	yes	no	yes	https://en.wikipedia.org/wiki/Lewis_%26_Co
TheMusicalTimes__1876-397.txt_889	A new organ, with four manuals, has been ordered from Messrs. Lewis.	Messrs. Lewis	NIL	person	sex or gender	Q6581097	yes	no	yes	https://en.wikipedia.org/wiki/Lewis_%26_Co
TheMusicalTimes__1876-397.txt_889	A new organ, with four manuals, has been ordered from Messrs. Lewis.	Messrs. Lewis	NIL	person	country of citizenship	Q145	yes	no	yes	https://en.wikipedia.org/wiki/Lewis_%26_Co
TheMusicalTimes__1876-397.txt_889	A new organ, with four manuals, has been ordered from Messrs. Lewis.	Messrs. Lewis	NIL	person	occupation	Q1937431	yes	yes	yes	https://en.wikipedia.org/wiki/Lewis_%26_Co
TheMusicalTimes__1876-397.txt_889	A new organ, with four manuals, has been ordered from Messrs. Lewis.	Messrs. Lewis	NIL	person	date of birth	1833	yes	no	yes	https://en.wikipedia.org/wiki/Lewis_%26_Co
the_Musical_Times_ms_1896-635_8_	At Bradford, too, there has. been more than ordinary musical activity. On November 22 the second of the Subscription Concerts took place, a miscellaneous programme of much more than average interest being sustained by Miss Esther Palliser, Madame Marian McKenzie, Messrs. Ben Davies and Douglas Powell, with Herr Rosenthal as pianist and Mr. W. H. Squire as violoncellist.	Miss Esther Palliser	NIL	person	given name	Q837839	no	yes	yes	Corpus
the_Musical_Times_ms_1896-635_8_	At Bradford, too, there has. been more than ordinary musical activity. On November 22 the second of the Subscription Concerts took place, a miscellaneous programme of much more than average interest being sustained by Miss Esther Palliser, Madame Marian McKenzie, Messrs. Ben Davies and Douglas Powell, with Herr Rosenthal as pianist and Mr. W. H. Squire as violoncellist.	Miss Esther Palliser	NIL	person	sex or gender	Q6581072	no	yes	yes	Corpus
the_Musical_Times_ms_1896-635_8_	At Bradford, too, there has. been more than ordinary musical activity. On November 22 the second of the Subscription Concerts took place, a miscellaneous programme of much more than average interest being sustained by Miss Esther Palliser, Madame Marian McKenzie, Messrs. Ben Davies and Douglas Powell, with Herr Rosenthal as pianist and Mr. W. H. Squire as violoncellist.	Miss Esther Palliser	NIL	person	country of citizenship	Q145	no	yes	yes	Corpus
the_Musical_Times_ms_1896-635_8_	At Bradford, too, there has. been more than ordinary musical activity. On November 22 the second of the Subscription Concerts took place, a miscellaneous programme of much more than average interest being sustained by Miss Esther Palliser, Madame Marian McKenzie, Messrs. Ben Davies and Douglas Powell, with Herr Rosenthal as pianist and Mr. W. H. Squire as violoncellist.	Miss Esther Palliser	NIL	person	occupation	Q3153559	no	yes	yes	Corpus
the_Musical_Times_ms_1896-635_8_	At Bradford, too, there has. been more than ordinary musical activity. On November 22 the second of the Subscription Concerts took place, a miscellaneous programme of much more than average interest being sustained by Miss Esther Palliser, Madame Marian McKenzie, Messrs. Ben Davies and Douglas Powell, with Herr Rosenthal as pianist and Mr. W. H. Squire as violoncellist.	Miss Esther Palliser	NIL	person	date of birth	NIL				
DwightSJournalOfMusic__1875-006.txt_1399	(1 Movement, with Cadenza by Moscheles,) Quintet and 2d Piano Accompaniment,..” Miss Jennie H. Baxter.	Miss Jennie H. Baxter	NIL	person	given name	Q19691616	no	yes	yes	Corpus
DwightSJournalOfMusic__1875-006.txt_1399	(1 Movement, with Cadenza by Moscheles,) Quintet and 2d Piano Accompaniment,..” Miss Jennie H. Baxter.	Miss Jennie H. Baxter	NIL	person	sex or gender	Q6581072	no	yes	yes	Corpus
DwightSJournalOfMusic__1875-006.txt_1399	(1 Movement, with Cadenza by Moscheles,) Quintet and 2d Piano Accompaniment,..” Miss Jennie H. Baxter.	Miss Jennie H. Baxter	NIL	person	country of citizenship	NIL	no	no	yes	
DwightSJournalOfMusic__1875-006.txt_1399	(1 Movement, with Cadenza by Moscheles,) Quintet and 2d Piano Accompaniment,..” Miss Jennie H. Baxter.	Miss Jennie H. Baxter	NIL	person	occupation	Q486748, Q29448653, Q639669	no	yes	yes	Corpus
DwightSJournalOfMusic__1875-006.txt_1399	(1 Movement, with Cadenza by Moscheles,) Quintet and 2d Piano Accompaniment,..” Miss Jennie H. Baxter.	Miss Jennie H. Baxter	NIL	person	date of birth	NIL				
TheMusicalTimes__1876-397.txt_2395	the direction of Mr. Carmichael, on Thursday evening, January 27th, in aid of the Building Fund for The Soloists were Miss Madeline Roe, Miss Marie Ternan,	Miss Marie Ternan	NIL	person	given name	Q632104	no	yes	yes	
TheMusicalTimes__1876-397.txt_2395	the direction of Mr. Carmichael, on Thursday evening, January 27th, in aid of the Building Fund for The Soloists were Miss Madeline Roe, Miss Marie Ternan,	Miss Marie Ternan	NIL	person	sex or gender	Q6581097	no	yes	yes	
TheMusicalTimes__1876-397.txt_2395	the direction of Mr. Carmichael, on Thursday evening, January 27th, in aid of the Building Fund for The Soloists were Miss Madeline Roe, Miss Marie Ternan,	Miss Marie Ternan	NIL	person	country of citizenship	Q145	no	yes	yes	
TheMusicalTimes__1876-397.txt_2395	the direction of Mr. Carmichael, on Thursday evening, January 27th, in aid of the Building Fund for The Soloists were Miss Madeline Roe, Miss Marie Ternan,	Miss Marie Ternan	NIL	person	occupation	Q1371914, Q177220, Q639669, Q713200, Q106750916				
TheMusicalTimes__1876-397.txt_2395	the direction of Mr. Carmichael, on Thursday evening, January 27th, in aid of the Building Fund for The Soloists were Miss Madeline Roe, Miss Marie Ternan,	Miss Marie Ternan	NIL	person	date of birth	NIL	no	no	yes	
TheMusicalTimes__1876-397.txt_2275	the solo parts being sung by Miss Orton, Miss Wale, and Mr. Horniblow.	Miss Orton	NIL	person	given name	NIL	no	yes	yes	
TheMusicalTimes__1876-397.txt_2275	the solo parts being sung by Miss Orton, Miss Wale, and Mr. Horniblow.	Miss Orton	NIL	person	sex or gender	Q6581072	no	yes	yes	
TheMusicalTimes__1876-397.txt_2275	the solo parts being sung by Miss Orton, Miss Wale, and Mr. Horniblow.	Miss Orton	NIL	person	country of citizenship	Q145	no	yes	yes	
TheMusicalTimes__1876-397.txt_2275	the solo parts being sung by Miss Orton, Miss Wale, and Mr. Horniblow.	Miss Orton	NIL	person	occupation	Q177220, Q1371914	no	yes	yes	
TheMusicalTimes__1876-397.txt_2275	the solo parts being sung by Miss Orton, Miss Wale, and Mr. Horniblow.	Miss Orton	NIL	person	date of birth	NIL	no	yes	yes	
TheMusicalTimes__1876-397.txt_2275	the solo parts being sung by Miss Orton, Miss Wale, and Mr. Horniblow.	Miss Wale	NIL	person	given name	NIL	no	no	yes	
TheMusicalTimes__1876-397.txt_2275	the solo parts being sung by Miss Orton, Miss Wale, and Mr. Horniblow.	Miss Wale	NIL	person	sex or gender	Q6581072	no	yes	yes	
TheMusicalTimes__1876-397.txt_2275	the solo parts being sung by Miss Orton, Miss Wale, and Mr. Horniblow.	Miss Wale	NIL	person	country of citizenship	Q145	no	yes	yes	
TheMusicalTimes__1876-397.txt_2275	the solo parts being sung by Miss Orton, Miss Wale, and Mr. Horniblow.	Miss Wale	NIL	person	occupation	Q177220	no	yes	yes	
TheMusicalTimes__1876-397.txt_2275	the solo parts being sung by Miss Orton, Miss Wale, and Mr. Horniblow.	Miss Wale	NIL	person	date of birth	NIL	no	no	yes	
TheQuarterlyMusicalMagazineAndReview__1824-022.txt_3659	They are all tinctured with a certain degree of elegance and expressiveness, particularly these by Mr. Clifton, Mr. Crouch, Mr. Eavestaff, and Mr. Banister.	Mr. Banister	NIL	person	given name	NIL	no	no	yes	
TheQuarterlyMusicalMagazineAndReview__1824-022.txt_3659	They are all tinctured with a certain degree of elegance and expressiveness, particularly these by Mr. Clifton, Mr. Crouch, Mr. Eavestaff, and Mr. Banister.	Mr. Banister	NIL	person	sex or gender	Q6581097	no	yes	yes	
TheQuarterlyMusicalMagazineAndReview__1824-022.txt_3659	They are all tinctured with a certain degree of elegance and expressiveness, particularly these by Mr. Clifton, Mr. Crouch, Mr. Eavestaff, and Mr. Banister.	Mr. Banister	NIL	person	country of citizenship	NIL				
TheQuarterlyMusicalMagazineAndReview__1824-022.txt_3659	They are all tinctured with a certain degree of elegance and expressiveness, particularly these by Mr. Clifton, Mr. Crouch, Mr. Eavestaff, and Mr. Banister.	Mr. Banister	NIL	person	occupation	Q36834, Q639669	no	no	yes	
TheQuarterlyMusicalMagazineAndReview__1824-022.txt_3659	They are all tinctured with a certain degree of elegance and expressiveness, particularly these by Mr. Clifton, Mr. Crouch, Mr. Eavestaff, and Mr. Banister.	Mr. Banister	NIL	person	date of birth	NIL				
TheMusicalTimes__1875-388.txt_2158	The whole of the performance reflected great credit upon all concerned, and especially upon the organist, Mr. J. Barratt, and the conductor, Mr. Barraclough.	Mr. Barraclough	NIL	person	given name	Q1778168	yes	no	yes	https://petersenvoicestudio.com/2014/06/21/the-importance-of-diagnosis-in-voice-training/
TheMusicalTimes__1875-388.txt_2158	The whole of the performance reflected great credit upon all concerned, and especially upon the organist, Mr. J. Barratt, and the conductor, Mr. Barraclough.	Mr. Barraclough	NIL	person	sex or gender	Q6581097	yes	yes	yes	https://petersenvoicestudio.com/2014/06/21/the-importance-of-diagnosis-in-voice-training/
TheMusicalTimes__1875-388.txt_2158	The whole of the performance reflected great credit upon all concerned, and especially upon the organist, Mr. J. Barratt, and the conductor, Mr. Barraclough.	Mr. Barraclough	NIL	person	country of citizenship	Q145	yes	yes	yes	https://petersenvoicestudio.com/2014/06/21/the-importance-of-diagnosis-in-voice-training/
TheMusicalTimes__1875-388.txt_2158	The whole of the performance reflected great credit upon all concerned, and especially upon the organist, Mr. J. Barratt, and the conductor, Mr. Barraclough.	Mr. Barraclough	NIL	person	occupation	Q158852, Q36180	yes	yes	yes	https://petersenvoicestudio.com/2014/06/21/the-importance-of-diagnosis-in-voice-training/
TheMusicalTimes__1875-388.txt_2158	The whole of the performance reflected great credit upon all concerned, and especially upon the organist, Mr. J. Barratt, and the conductor, Mr. Barraclough.	Mr. Barraclough	NIL	person	date of birth	NIL				https://petersenvoicestudio.com/2014/06/21/the-importance-of-diagnosis-in-voice-training/
TheMusicalTimes__1875-388.txt_2060	a concert was given at Brooke House by the choir of that establishment, assisted by members of the choir of St. Matthew’s Church, under the direction of Mr. Batchelor, the singing master at Brooke House.	Mr. Batchelor	NIL	person	given name	NIL				
TheMusicalTimes__1875-388.txt_2060	a concert was given at Brooke House by the choir of that establishment, assisted by members of the choir of St. Matthew’s Church, under the direction of Mr. Batchelor, the singing master at Brooke House.	Mr. Batchelor	NIL	person	sex or gender	Q6581097				
TheMusicalTimes__1875-388.txt_2060	a concert was given at Brooke House by the choir of that establishment, assisted by members of the choir of St. Matthew’s Church, under the direction of Mr. Batchelor, the singing master at Brooke House.	Mr. Batchelor	NIL	person	country of citizenship	Q145				
TheMusicalTimes__1875-388.txt_2060	a concert was given at Brooke House by the choir of that establishment, assisted by members of the choir of St. Matthew’s Church, under the direction of Mr. Batchelor, the singing master at Brooke House.	Mr. Batchelor	NIL	person	occupation	Q2962003, Q177220, Q12374149, Q974144, Q228422, Q765778				
TheMusicalTimes__1875-388.txt_2060	a concert was given at Brooke House by the choir of that establishment, assisted by members of the choir of St. Matthew’s Church, under the direction of Mr. Batchelor, the singing master at Brooke House.	Mr. Batchelor	NIL	person	date of birth	NIL	no	no	no	
Dwight's Journal of Music_1857-001_ms_4	We had a lovely Quartet, in G, by Mozart, and Beethoven's Quintet in C, for stringed, instruments, In which Mr. Burxe played the first ‘violin, with his usual sweetness.	Mr. Burxe	NIL	person	given name	NIL	no	no	yes	
Dwight's Journal of Music_1857-001_ms_4	We had a lovely Quartet, in G, by Mozart, and Beethoven's Quintet in C, for stringed, instruments, In which Mr. Burxe played the first ‘violin, with his usual sweetness.	Mr. Burxe	NIL	person	sex or gender	Q6581097	no	yes	yes	
Dwight's Journal of Music_1857-001_ms_4	We had a lovely Quartet, in G, by Mozart, and Beethoven's Quintet in C, for stringed, instruments, In which Mr. Burxe played the first ‘violin, with his usual sweetness.	Mr. Burxe	NIL	person	country of citizenship	NIL	no	no	yes	
Dwight's Journal of Music_1857-001_ms_4	We had a lovely Quartet, in G, by Mozart, and Beethoven's Quintet in C, for stringed, instruments, In which Mr. Burxe played the first ‘violin, with his usual sweetness.	Mr. Burxe	NIL	person	occupation	Q1259917, Q639669	no	yes	yes	
Dwight's Journal of Music_1857-001_ms_4	We had a lovely Quartet, in G, by Mozart, and Beethoven's Quintet in C, for stringed, instruments, In which Mr. Burxe played the first ‘violin, with his usual sweetness.	Mr. Burxe	NIL	person	date of birth	NIL	no	no	yes	
TheMusicalTimes__1876-397.txt_2395	the direction of Mr. Carmichael, on Thursday evening, January 27th, in aid of the Building Fund for The Soloists were Miss Madeline Roe, Miss Marie Ternan,	Mr. Carmichael	NIL	person	given name	NIL	no	no	yes	
TheMusicalTimes__1876-397.txt_2395	the direction of Mr. Carmichael, on Thursday evening, January 27th, in aid of the Building Fund for The Soloists were Miss Madeline Roe, Miss Marie Ternan,	Mr. Carmichael	NIL	person	sex or gender	Q6581097	no	yes	yes	
TheMusicalTimes__1876-397.txt_2395	the direction of Mr. Carmichael, on Thursday evening, January 27th, in aid of the Building Fund for The Soloists were Miss Madeline Roe, Miss Marie Ternan,	Mr. Carmichael	NIL	person	country of citizenship	Q145	no	yes	yes	
TheMusicalTimes__1876-397.txt_2395	the direction of Mr. Carmichael, on Thursday evening, January 27th, in aid of the Building Fund for The Soloists were Miss Madeline Roe, Miss Marie Ternan,	Mr. Carmichael	NIL	person	occupation	Q158852, Q1198887	no	yes	yes	
TheMusicalTimes__1876-397.txt_2395	the direction of Mr. Carmichael, on Thursday evening, January 27th, in aid of the Building Fund for The Soloists were Miss Madeline Roe, Miss Marie Ternan,	Mr. Carmichael	NIL	person	date of birth	NIL	no	yes	yes	
TheQuarterlyMusicalMagazineAndReview__1824-022.txt_3659	They are all tinctured with a certain degree of elegance and expressiveness, particularly these by Mr. Clifton, Mr. Crouch, Mr. Eavestaff, and Mr. Banister.	Mr. Eavestaff	NIL	person	given name	NIL	no	no	yes	
TheQuarterlyMusicalMagazineAndReview__1824-022.txt_3659	They are all tinctured with a certain degree of elegance and expressiveness, particularly these by Mr. Clifton, Mr. Crouch, Mr. Eavestaff, and Mr. Banister.	Mr. Eavestaff	NIL	person	sex or gender	Q6581097	no	no	yes	
TheQuarterlyMusicalMagazineAndReview__1824-022.txt_3659	They are all tinctured with a certain degree of elegance and expressiveness, particularly these by Mr. Clifton, Mr. Crouch, Mr. Eavestaff, and Mr. Banister.	Mr. Eavestaff	NIL	person	country of citizenship	NIL	no	no	yes	
TheQuarterlyMusicalMagazineAndReview__1824-022.txt_3659	They are all tinctured with a certain degree of elegance and expressiveness, particularly these by Mr. Clifton, Mr. Crouch, Mr. Eavestaff, and Mr. Banister.	Mr. Eavestaff	NIL	person	occupation	Q36834, Q639669, Q753110, Q37226	no	yes	yes	
TheQuarterlyMusicalMagazineAndReview__1824-022.txt_3659	They are all tinctured with a certain degree of elegance and expressiveness, particularly these by Mr. Clifton, Mr. Crouch, Mr. Eavestaff, and Mr. Banister.	Mr. Eavestaff	NIL	person	date of birth	NIL	no	no	yes	
TheMusicalTimes__1875-388.txt_1689	This will be the eighth season of this Society, whick is under the conductorship of Mr. F. N. Lohr.	Mr. F. N. Lohr	NIL	person	given name	Q16275883	yes	yes	yes	https://adp.library.ucsb.edu/index.php/mastertalent/detail/111475/Lhr_Frederic_N
TheMusicalTimes__1875-388.txt_1689	This will be the eighth season of this Society, whick is under the conductorship of Mr. F. N. Lohr.	Mr. F. N. Lohr	NIL	person	sex or gender	Q6581097	yes	yes	yes	https://adp.library.ucsb.edu/index.php/mastertalent/detail/111475/Lhr_Frederic_N
TheMusicalTimes__1875-388.txt_1689	This will be the eighth season of this Society, whick is under the conductorship of Mr. F. N. Lohr.	Mr. F. N. Lohr	NIL	person	country of citizenship	NIL	yes	no	yes	https://adp.library.ucsb.edu/index.php/mastertalent/detail/111475/Lhr_Frederic_N
TheMusicalTimes__1875-388.txt_1689	This will be the eighth season of this Society, whick is under the conductorship of Mr. F. N. Lohr.	Mr. F. N. Lohr	NIL	person	occupation	Q158852, Q36834, Q486748				https://id.loc.gov/authorities/names/no99074630.html
TheMusicalTimes__1875-388.txt_1689	This will be the eighth season of this Society, whick is under the conductorship of Mr. F. N. Lohr.	Mr. F. N. Lohr	NIL	person	date of birth	1844	no	yes	yes	https://adp.library.ucsb.edu/index.php/mastertalent/detail/111475/Lhr_Frederic_N
TheHarmonicon__1824-016.txt_1401	Tuts is the first new work by Mr. Griffin that has come under our view since we entered upon our critical office.	Mr. Griffin	NIL	person	given name	NIL	no	no	yes	
TheHarmonicon__1824-016.txt_1401	Tuts is the first new work by Mr. Griffin that has come under our view since we entered upon our critical office.	Mr. Griffin	NIL	person	sex or gender	NIL	no	no	yes	
TheHarmonicon__1824-016.txt_1401	Tuts is the first new work by Mr. Griffin that has come under our view since we entered upon our critical office.	Mr. Griffin	NIL	person	country of citizenship	Q145				
TheHarmonicon__1824-016.txt_1401	Tuts is the first new work by Mr. Griffin that has come under our view since we entered upon our critical office.	Mr. Griffin	NIL	person	occupation	Q36834				
TheHarmonicon__1824-016.txt_1401	Tuts is the first new work by Mr. Griffin that has come under our view since we entered upon our critical office.	Mr. Griffin	NIL	person	date of birth	NIL				
TheMusicalTimes__1876-397.txt_2275	the solo parts being sung by Miss Orton, Miss Wale, and Mr. Horniblow.	Mr. Horniblow	NIL	person	given name	NIL	no	no	yes	
TheMusicalTimes__1876-397.txt_2275	the solo parts being sung by Miss Orton, Miss Wale, and Mr. Horniblow.	Mr. Horniblow	NIL	person	sex or gender	Q6581097	no	yes	yes	
TheMusicalTimes__1876-397.txt_2275	the solo parts being sung by Miss Orton, Miss Wale, and Mr. Horniblow.	Mr. Horniblow	NIL	person	country of citizenship	Q145	no	yes	yes	
TheMusicalTimes__1876-397.txt_2275	the solo parts being sung by Miss Orton, Miss Wale, and Mr. Horniblow.	Mr. Horniblow	NIL	person	occupation	Q158852, Q177220, Q765778	no	yes	yes	
TheMusicalTimes__1876-397.txt_2275	the solo parts being sung by Miss Orton, Miss Wale, and Mr. Horniblow.	Mr. Horniblow	NIL	person	date of birth	NIL	no	no	yes	
TheMusicalTimes__1875-388.txt_2158	The whole of the performance reflected great credit upon all concerned, and especially upon the organist, Mr. J. Barratt, and the conductor, Mr. Barraclough.	Mr. J. Barratt	NIL	person	given name	NIL	no	no	yes	
TheMusicalTimes__1875-388.txt_2158	The whole of the performance reflected great credit upon all concerned, and especially upon the organist, Mr. J. Barratt, and the conductor, Mr. Barraclough.	Mr. J. Barratt	NIL	person	sex or gender	Q6581097	no	yes	yes	
TheMusicalTimes__1875-388.txt_2158	The whole of the performance reflected great credit upon all concerned, and especially upon the organist, Mr. J. Barratt, and the conductor, Mr. Barraclough.	Mr. J. Barratt	NIL	person	country of citizenship	Q145	no	yes	yes	
TheMusicalTimes__1875-388.txt_2158	The whole of the performance reflected great credit upon all concerned, and especially upon the organist, Mr. J. Barratt, and the conductor, Mr. Barraclough.	Mr. J. Barratt	NIL	person	occupation	Q765778	no	yes	yes	
TheMusicalTimes__1875-388.txt_2158	The whole of the performance reflected great credit upon all concerned, and especially upon the organist, Mr. J. Barratt, and the conductor, Mr. Barraclough.	Mr. J. Barratt	NIL	person	date of birth	NIL	no	no	yes	
The_Musical_Times_ms_1896-635_1_	another equally good Concert was given by the Gateshead Choral Society, in the Town Hall, Newcastle, on the 17th ult., when Handel's ‘Israel in Egypt”? was performed, under the direction of Mr. J. M. Preston.	Mr. J. M. Preston	NIL	person	given name	NIL	yes	yes	yes	
The_Musical_Times_ms_1896-635_1_	another equally good Concert was given by the Gateshead Choral Society, in the Town Hall, Newcastle, on the 17th ult., when Handel's ‘Israel in Egypt”? was performed, under the direction of Mr. J. M. Preston.	Mr. J. M. Preston	NIL	person	sex or gender	Q6581097	yes	yes	yes	
The_Musical_Times_ms_1896-635_1_	another equally good Concert was given by the Gateshead Choral Society, in the Town Hall, Newcastle, on the 17th ult., when Handel's ‘Israel in Egypt”? was performed, under the direction of Mr. J. M. Preston.	Mr. J. M. Preston	NIL	person	country of citizenship	Q145	yes	yes	yes	
The_Musical_Times_ms_1896-635_1_	another equally good Concert was given by the Gateshead Choral Society, in the Town Hall, Newcastle, on the 17th ult., when Handel's ‘Israel in Egypt”? was performed, under the direction of Mr. J. M. Preston.	Mr. J. M. Preston	NIL	person	occupation	Q1076502, Q1198887, Q1076502, Q765778	yes	yes	yes	
The_Musical_Times_ms_1896-635_1_	another equally good Concert was given by the Gateshead Choral Society, in the Town Hall, Newcastle, on the 17th ult., when Handel's ‘Israel in Egypt”? was performed, under the direction of Mr. J. M. Preston.	Mr. J. M. Preston	NIL	person	date of birth	NIL	no	no	yes	
The_Musical_Times_ms_1905-754_7_	At Ann’s Road Church, Heeley, Sterndale Bennett’s ‘May Queen’ formed one of a series of admirable services: and concerts, and Oxford Street Chapel, another suburban centre of musical activity, was the /oca / e of a particularly good all - round performance of ‘The Creation’ under Mr. Joseph Kaye.	Mr. Joseph Kaye	NIL	person	given name	Q471788	no	yes	yes	Corpus
The_Musical_Times_ms_1905-754_7_	At Ann’s Road Church, Heeley, Sterndale Bennett’s ‘May Queen’ formed one of a series of admirable services: and concerts, and Oxford Street Chapel, another suburban centre of musical activity, was the /oca / e of a particularly good all - round performance of ‘The Creation’ under Mr. Joseph Kaye.	Mr. Joseph Kaye	NIL	person	sex or gender	Q6581097	no	yes	yes	Corpus
The_Musical_Times_ms_1905-754_7_	At Ann’s Road Church, Heeley, Sterndale Bennett’s ‘May Queen’ formed one of a series of admirable services: and concerts, and Oxford Street Chapel, another suburban centre of musical activity, was the /oca / e of a particularly good all - round performance of ‘The Creation’ under Mr. Joseph Kaye.	Mr. Joseph Kaye	NIL	person	country of citizenship	Q145	no	yes	yes	Corpus
The_Musical_Times_ms_1905-754_7_	At Ann’s Road Church, Heeley, Sterndale Bennett’s ‘May Queen’ formed one of a series of admirable services: and concerts, and Oxford Street Chapel, another suburban centre of musical activity, was the /oca / e of a particularly good all - round performance of ‘The Creation’ under Mr. Joseph Kaye.	Mr. Joseph Kaye	NIL	person	occupation	Q158852	no	yes	yes	Corpus
The_Musical_Times_ms_1905-754_7_	At Ann’s Road Church, Heeley, Sterndale Bennett’s ‘May Queen’ formed one of a series of admirable services: and concerts, and Oxford Street Chapel, another suburban centre of musical activity, was the /oca / e of a particularly good all - round performance of ‘The Creation’ under Mr. Joseph Kaye.	Mr. Joseph Kaye	NIL	person	date of birth	NIL				
TheMusicalTimes__1876-397.txt_2289	, Mr. Joseph Skeaf, the president, occupied the chair, Mr. William Laidlaw and Mr. T. Armstrong vicechairmen.	Mr. Joseph Skeaf	NIL	person	given name	Q471788	no	yes	yes	
TheMusicalTimes__1876-397.txt_2289	, Mr. Joseph Skeaf, the president, occupied the chair, Mr. William Laidlaw and Mr. T. Armstrong vicechairmen.	Mr. Joseph Skeaf	NIL	person	sex or gender	Q6581097				
TheMusicalTimes__1876-397.txt_2289	, Mr. Joseph Skeaf, the president, occupied the chair, Mr. William Laidlaw and Mr. T. Armstrong vicechairmen.	Mr. Joseph Skeaf	NIL	person	country of citizenship	Q145				
TheMusicalTimes__1876-397.txt_2289	, Mr. Joseph Skeaf, the president, occupied the chair, Mr. William Laidlaw and Mr. T. Armstrong vicechairmen.	Mr. Joseph Skeaf	NIL	person	occupation	Q1255921, Q140686				
TheMusicalTimes__1876-397.txt_2289	, Mr. Joseph Skeaf, the president, occupied the chair, Mr. William Laidlaw and Mr. T. Armstrong vicechairmen.	Mr. Joseph Skeaf	NIL	person	date of birth	NIL	no	no	yes	
The_Musical_World_ms_1855-025_4_	When Meyerbeer was last in England (in 1832), he came to preside over the rehearsals of his Robert le Diable, on the occasion of that celebrated opera being produced, by Mr. Monck Mason, at Her Majesty’s Theatre.	Mr. Monck Mason	NIL	person	given name	NIL				https://www.wikidata.org/wiki/Q7792512
The_Musical_World_ms_1855-025_4_	When Meyerbeer was last in England (in 1832), he came to preside over the rehearsals of his Robert le Diable, on the occasion of that celebrated opera being produced, by Mr. Monck Mason, at Her Majesty’s Theatre.	Mr. Monck Mason	NIL	person	sex or gender	Q6581097				https://www.wikidata.org/wiki/Q7792512
The_Musical_World_ms_1855-025_4_	When Meyerbeer was last in England (in 1832), he came to preside over the rehearsals of his Robert le Diable, on the occasion of that celebrated opera being produced, by Mr. Monck Mason, at Her Majesty’s Theatre.	Mr. Monck Mason	NIL	person	country of citizenship	Q27				https://www.wikidata.org/wiki/Q7792512
The_Musical_World_ms_1855-025_4_	When Meyerbeer was last in England (in 1832), he came to preside over the rehearsals of his Robert le Diable, on the occasion of that celebrated opera being produced, by Mr. Monck Mason, at Her Majesty’s Theatre.	Mr. Monck Mason	NIL	person	occupation	Q943995, Q1776724, Q1139358, Q3455803				https://www.wikidata.org/wiki/Q7792512
The_Musical_World_ms_1855-025_4_	When Meyerbeer was last in England (in 1832), he came to preside over the rehearsals of his Robert le Diable, on the occasion of that celebrated opera being produced, by Mr. Monck Mason, at Her Majesty’s Theatre.	Mr. Monck Mason	NIL	person	date of birth	NIL				https://www.wikidata.org/wiki/Q7792512
the_Musical_Times_ms_1895-634_2_	A very worthy local organisation, the Amateur Orchestral Society, under the able direction of Mr. Ralph Horner, is Schumann’s “Advent Hymn.” again in full activity, rehearsing for its Concert to take place this month.	Mr. Ralph Horner	NIL	person	given name	Q18156180	yes	yes	yes	https://www.thecanadianencyclopedia.ca/en/article/ralph-horner-emc
the_Musical_Times_ms_1895-634_2_	A very worthy local organisation, the Amateur Orchestral Society, under the able direction of Mr. Ralph Horner, is Schumann’s “Advent Hymn.” again in full activity, rehearsing for its Concert to take place this month.	Mr. Ralph Horner	NIL	person	sex or gender	Q6581097	yes	yes	yes	https://www.thecanadianencyclopedia.ca/en/article/ralph-horner-emc
the_Musical_Times_ms_1895-634_2_	A very worthy local organisation, the Amateur Orchestral Society, under the able direction of Mr. Ralph Horner, is Schumann’s “Advent Hymn.” again in full activity, rehearsing for its Concert to take place this month.	Mr. Ralph Horner	NIL	person	country of citizenship	Q145	yes	yes	yes	https://www.thecanadianencyclopedia.ca/en/article/ralph-horner-emc
the_Musical_Times_ms_1895-634_2_	A very worthy local organisation, the Amateur Orchestral Society, under the able direction of Mr. Ralph Horner, is Schumann’s “Advent Hymn.” again in full activity, rehearsing for its Concert to take place this month.	Mr. Ralph Horner	NIL	person	occupation	Q158852,Q3455803,Q1198887,Q36834	yes	yes	yes	https://www.thecanadianencyclopedia.ca/en/article/ralph-horner-emc
the_Musical_Times_ms_1895-634_2_	A very worthy local organisation, the Amateur Orchestral Society, under the able direction of Mr. Ralph Horner, is Schumann’s “Advent Hymn.” again in full activity, rehearsing for its Concert to take place this month.	Mr. Ralph Horner	NIL	person	date of birth	1848	yes	no	yes	https://www.thecanadianencyclopedia.ca/en/article/ralph-horner-emc
TheMusicalTimes__1876-397.txt_2289	, Mr. Joseph Skeaf, the president, occupied the chair, Mr. William Laidlaw and Mr. T. Armstrong vicechairmen.	Mr. T. Armstrong	NIL	person	given name	NIL				https://www.myprimitivemethodists.org.uk/content/people-2/lay-people/surnames-beginning-with-a/thomas_armstrong
TheMusicalTimes__1876-397.txt_2289	, Mr. Joseph Skeaf, the president, occupied the chair, Mr. William Laidlaw and Mr. T. Armstrong vicechairmen.	Mr. T. Armstrong	NIL	person	sex or gender	Q6581097				https://www.myprimitivemethodists.org.uk/content/people-2/lay-people/surnames-beginning-with-a/thomas_armstrong
TheMusicalTimes__1876-397.txt_2289	, Mr. Joseph Skeaf, the president, occupied the chair, Mr. William Laidlaw and Mr. T. Armstrong vicechairmen.	Mr. T. Armstrong	NIL	person	country of citizenship	Q145				https://www.myprimitivemethodists.org.uk/content/people-2/lay-people/surnames-beginning-with-a/thomas_armstrong
TheMusicalTimes__1876-397.txt_2289	, Mr. Joseph Skeaf, the president, occupied the chair, Mr. William Laidlaw and Mr. T. Armstrong vicechairmen.	Mr. T. Armstrong	NIL	person	occupation	Q1127270				https://www.myprimitivemethodists.org.uk/content/people-2/lay-people/surnames-beginning-with-a/thomas_armstrong
TheMusicalTimes__1876-397.txt_2289	, Mr. Joseph Skeaf, the president, occupied the chair, Mr. William Laidlaw and Mr. T. Armstrong vicechairmen.	Mr. T. Armstrong	NIL	person	date of birth	1840				https://www.myprimitivemethodists.org.uk/content/people-2/lay-people/surnames-beginning-with-a/thomas_armstrong
TheMusicalTimes__1876-397.txt_2399	Agnes Robinson, Mrs. Carmichael, and Messrs. Hobart, Peake, C. J. Lenton, and C. Wilson.	Mrs. Carmichael	NIL	person	given name	NIL				
TheMusicalTimes__1876-397.txt_2399	Agnes Robinson, Mrs. Carmichael, and Messrs. Hobart, Peake, C. J. Lenton, and C. Wilson.	Mrs. Carmichael	NIL	person	sex or gender	Q6581072	no	yes	yes	Corpus
TheMusicalTimes__1876-397.txt_2399	Agnes Robinson, Mrs. Carmichael, and Messrs. Hobart, Peake, C. J. Lenton, and C. Wilson.	Mrs. Carmichael	NIL	person	country of citizenship	NIL				
TheMusicalTimes__1876-397.txt_2399	Agnes Robinson, Mrs. Carmichael, and Messrs. Hobart, Peake, C. J. Lenton, and C. Wilson.	Mrs. Carmichael	NIL	person	occupation	Q29448653	no	yes	yes	Corpus
TheMusicalTimes__1876-397.txt_2399	Agnes Robinson, Mrs. Carmichael, and Messrs. Hobart, Peake, C. J. Lenton, and C. Wilson.	Mrs. Carmichael	NIL	person	date of birth	NIL				
TheQuarterlyMusicalMagazineAndReview__1828-037.txt_1351	‘Mz. Pezzella,' the pupil of the Padrr Sabbatini, and the son of the celebrated composer of the same name, guided by the best principles drawn from the sources of literature and art, combines with an immense knowledge of mathematics, profound study in the theory of music.	Mz . Pezzella	NIL	person	given name	NIL	no	no	yes	
TheQuarterlyMusicalMagazineAndReview__1828-037.txt_1351	‘Mz. Pezzella,' the pupil of the Padrr Sabbatini, and the son of the celebrated composer of the same name, guided by the best principles drawn from the sources of literature and art, combines with an immense knowledge of mathematics, profound study in the theory of music.	Mz . Pezzella	NIL	person	sex or gender	Q6581097				
TheQuarterlyMusicalMagazineAndReview__1828-037.txt_1351	‘Mz. Pezzella,' the pupil of the Padrr Sabbatini, and the son of the celebrated composer of the same name, guided by the best principles drawn from the sources of literature and art, combines with an immense knowledge of mathematics, profound study in the theory of music.	Mz . Pezzella	NIL	person	country of citizenship	Q38				
TheQuarterlyMusicalMagazineAndReview__1828-037.txt_1351	‘Mz. Pezzella,' the pupil of the Padrr Sabbatini, and the son of the celebrated composer of the same name, guided by the best principles drawn from the sources of literature and art, combines with an immense knowledge of mathematics, profound study in the theory of music.	Mz . Pezzella	NIL	person	occupation	Q16031530, Q36834, Q36834				
TheQuarterlyMusicalMagazineAndReview__1828-037.txt_1351	‘Mz. Pezzella,' the pupil of the Padrr Sabbatini, and the son of the celebrated composer of the same name, guided by the best principles drawn from the sources of literature and art, combines with an immense knowledge of mathematics, profound study in the theory of music.	Mz . Pezzella	NIL	person	date of birth	NIL	no	no	yes	
TheQuarterlyMusicalMagazineAndReview__1826-029.txt_122	A Word or Two on the Flute, by N. W. James. creececess 53 VIII.	N. W. James	NIL	person	given name	NIL				
TheQuarterlyMusicalMagazineAndReview__1826-029.txt_122	A Word or Two on the Flute, by N. W. James. creececess 53 VIII.	N. W. James	NIL	person	sex or gender	NIL				
TheQuarterlyMusicalMagazineAndReview__1826-029.txt_122	A Word or Two on the Flute, by N. W. James. creececess 53 VIII.	N. W. James	NIL	person	country of citizenship	NIL				
TheQuarterlyMusicalMagazineAndReview__1826-029.txt_122	A Word or Two on the Flute, by N. W. James. creececess 53 VIII.	N. W. James	NIL	person	occupation	Q36834				Corpus
TheQuarterlyMusicalMagazineAndReview__1826-029.txt_122	A Word or Two on the Flute, by N. W. James. creececess 53 VIII.	N. W. James	NIL	person	date of birth	NIL				
TheQuarterlyMusicalMagazineAndReview__1826-029.txt_539	Bolero for One or Two Voices, composed, with -an Accompani‘ment for the Spanish Guitar, by P. Verini 3.	P. Verini	NIL	person	given name	Q827311	no	yes	yes	Corpus
TheQuarterlyMusicalMagazineAndReview__1826-029.txt_539	Bolero for One or Two Voices, composed, with -an Accompani‘ment for the Spanish Guitar, by P. Verini 3.	P. Verini	NIL	person	sex or gender	Q6581097	no	yes	yes	Corpus
TheQuarterlyMusicalMagazineAndReview__1826-029.txt_539	Bolero for One or Two Voices, composed, with -an Accompani‘ment for the Spanish Guitar, by P. Verini 3.	P. Verini	NIL	person	country of citizenship	Q38	no	yes	yes	Corpus
TheQuarterlyMusicalMagazineAndReview__1826-029.txt_539	Bolero for One or Two Voices, composed, with -an Accompani‘ment for the Spanish Guitar, by P. Verini 3.	P. Verini	NIL	person	occupation	Q855091,Q36834	no	yes	yes	Corpus
TheQuarterlyMusicalMagazineAndReview__1826-029.txt_539	Bolero for One or Two Voices, composed, with -an Accompani‘ment for the Spanish Guitar, by P. Verini 3.	P. Verini	NIL	person	date of birth	NIL				
Dwight's Journal of Music_1858-11_BIS_ms_2	"then, instead of stepping forw: urd as a reformer, he ought, as a true disciple of honored and to effect nothing but what Gluck and Mozart; Cimarosa and Pacsicllé, Méhul and Boieldieu, Chert ahint and Spontini, Beethoven and= Weber, Spohr.and Weigl, Meyerbeer and Lortzing, also tried to effect, and which they succeeded more or less in doing. metadata={sent_text:then instead of stepping forw: urd as a reformer he ought as a true disciple of honored and to effect nothing but what Gluck and Mozart; Cimarosa and Pacsicllé Méhul and Boieldieu Chert ahint and Spontini Beethoven and: ""Weber Spohr.and Weigl Meyerbeer and Lortzing also tried to effect and which they succeeded more or less in doing.""}"	Pacsicllé	NIL	person	given name	NIL	no	no	yes	
Dwight's Journal of Music_1858-11_BIS_ms_2	"then, instead of stepping forw: urd as a reformer, he ought, as a true disciple of honored and to effect nothing but what Gluck and Mozart; Cimarosa and Pacsicllé, Méhul and Boieldieu, Chert ahint and Spontini, Beethoven and= Weber, Spohr.and Weigl, Meyerbeer and Lortzing, also tried to effect, and which they succeeded more or less in doing. metadata={sent_text:then instead of stepping forw: urd as a reformer he ought as a true disciple of honored and to effect nothing but what Gluck and Mozart; Cimarosa and Pacsicllé Méhul and Boieldieu Chert ahint and Spontini Beethoven and: ""Weber Spohr.and Weigl Meyerbeer and Lortzing also tried to effect and which they succeeded more or less in doing.""}"	Pacsicllé	NIL	person	sex or gender	NIL	no	no	yes	
Dwight's Journal of Music_1858-11_BIS_ms_2	"then, instead of stepping forw: urd as a reformer, he ought, as a true disciple of honored and to effect nothing but what Gluck and Mozart; Cimarosa and Pacsicllé, Méhul and Boieldieu, Chert ahint and Spontini, Beethoven and= Weber, Spohr.and Weigl, Meyerbeer and Lortzing, also tried to effect, and which they succeeded more or less in doing. metadata={sent_text:then instead of stepping forw: urd as a reformer he ought as a true disciple of honored and to effect nothing but what Gluck and Mozart; Cimarosa and Pacsicllé Méhul and Boieldieu Chert ahint and Spontini Beethoven and: ""Weber Spohr.and Weigl Meyerbeer and Lortzing also tried to effect and which they succeeded more or less in doing.""}"	Pacsicllé	NIL	person	country of citizenship	NIL	no	no	yes	
Dwight's Journal of Music_1858-11_BIS_ms_2	"then, instead of stepping forw: urd as a reformer, he ought, as a true disciple of honored and to effect nothing but what Gluck and Mozart; Cimarosa and Pacsicllé, Méhul and Boieldieu, Chert ahint and Spontini, Beethoven and= Weber, Spohr.and Weigl, Meyerbeer and Lortzing, also tried to effect, and which they succeeded more or less in doing. metadata={sent_text:then instead of stepping forw: urd as a reformer he ought as a true disciple of honored and to effect nothing but what Gluck and Mozart; Cimarosa and Pacsicllé Méhul and Boieldieu Chert ahint and Spontini Beethoven and: ""Weber Spohr.and Weigl Meyerbeer and Lortzing also tried to effect and which they succeeded more or less in doing.""}"	Pacsicllé	NIL	person	occupation	NIL	no	no	yes	
Dwight's Journal of Music_1858-11_BIS_ms_2	"then, instead of stepping forw: urd as a reformer, he ought, as a true disciple of honored and to effect nothing but what Gluck and Mozart; Cimarosa and Pacsicllé, Méhul and Boieldieu, Chert ahint and Spontini, Beethoven and= Weber, Spohr.and Weigl, Meyerbeer and Lortzing, also tried to effect, and which they succeeded more or less in doing. metadata={sent_text:then instead of stepping forw: urd as a reformer he ought as a true disciple of honored and to effect nothing but what Gluck and Mozart; Cimarosa and Pacsicllé Méhul and Boieldieu Chert ahint and Spontini Beethoven and: ""Weber Spohr.and Weigl Meyerbeer and Lortzing also tried to effect and which they succeeded more or less in doing.""}"	Pacsicllé	NIL	person	date of birth	NIL	no	no	yes	
TheMusicalTimes__1876-397.txt_2399	Agnes Robinson, Mrs. Carmichael, and Messrs. Hobart, Peake, C. J. Lenton, and C. Wilson.	Peake	NIL	person	given name	NIL				
TheMusicalTimes__1876-397.txt_2399	Agnes Robinson, Mrs. Carmichael, and Messrs. Hobart, Peake, C. J. Lenton, and C. Wilson.	Peake	NIL	person	sex or gender	Q6581097	no	yes	yes	Corpus
TheMusicalTimes__1876-397.txt_2399	Agnes Robinson, Mrs. Carmichael, and Messrs. Hobart, Peake, C. J. Lenton, and C. Wilson.	Peake	NIL	person	country of citizenship	NIL				
TheMusicalTimes__1876-397.txt_2399	Agnes Robinson, Mrs. Carmichael, and Messrs. Hobart, Peake, C. J. Lenton, and C. Wilson.	Peake	NIL	person	occupation	Q29448653	no	yes	yes	Corpus
TheMusicalTimes__1876-397.txt_2399	Agnes Robinson, Mrs. Carmichael, and Messrs. Hobart, Peake, C. J. Lenton, and C. Wilson.	Peake	NIL	person	date of birth	NIL				
TheQuarterlyMusicalMagazineAndReview__1824-022.txt_2537	* Sento oh Dio” — Madame Ronzi de Begnis, Miss Stephens, Signor Garcia, Signor de Begnis, and Mr. oo Phillips	Phillips	NIL	person	given name	NIL	no	no		
TheQuarterlyMusicalMagazineAndReview__1824-022.txt_2537	* Sento oh Dio” — Madame Ronzi de Begnis, Miss Stephens, Signor Garcia, Signor de Begnis, and Mr. oo Phillips	Phillips	NIL	person	sex or gender	Q6581097				Corpus
TheQuarterlyMusicalMagazineAndReview__1824-022.txt_2537	* Sento oh Dio” — Madame Ronzi de Begnis, Miss Stephens, Signor Garcia, Signor de Begnis, and Mr. oo Phillips	Phillips	NIL	person	country of citizenship	NIL	no	no		
TheQuarterlyMusicalMagazineAndReview__1824-022.txt_2537	* Sento oh Dio” — Madame Ronzi de Begnis, Miss Stephens, Signor Garcia, Signor de Begnis, and Mr. oo Phillips	Phillips	NIL	person	occupation	Q177220, Q2643890, Q639669, Q713200, Q483501				Corpus
TheQuarterlyMusicalMagazineAndReview__1824-022.txt_2537	* Sento oh Dio” — Madame Ronzi de Begnis, Miss Stephens, Signor Garcia, Signor de Begnis, and Mr. oo Phillips	Phillips	NIL	person	date of birth	NIL	no	no		
TheHarmonicon__1832-012.txt_37	Thornhill drew ail their portraits in pencil, and Prior wrote humorous verses under each.	Prior	NIL	person	given name	NIL	no	no	yes	
TheHarmonicon__1832-012.txt_37	Thornhill drew ail their portraits in pencil, and Prior wrote humorous verses under each.	Prior	NIL	person	sex or gender	Q6581097	no	yes	yes	
TheHarmonicon__1832-012.txt_37	Thornhill drew ail their portraits in pencil, and Prior wrote humorous verses under each.	Prior	NIL	person	country of citizenship	NIL	no	no	yes	
TheHarmonicon__1832-012.txt_37	Thornhill drew ail their portraits in pencil, and Prior wrote humorous verses under each.	Prior	NIL	person	occupation	Q49757, Q36180, Q12406482	no	yes	yes	
TheHarmonicon__1832-012.txt_37	Thornhill drew ail their portraits in pencil, and Prior wrote humorous verses under each.	Prior	NIL	person	date of birth	NIL	no	no	yes	
TheMusicalWorld__1843-036.txt_756	Translated by John Bishop, and dedicated to the Author's friend, Professor Taylor.	Professor Taylor	NIL	person	given name	NIL				
TheMusicalWorld__1843-036.txt_756	Translated by John Bishop, and dedicated to the Author's friend, Professor Taylor.	Professor Taylor	NIL	person	sex or gender	Q6581097	no	yes	yes	
TheMusicalWorld__1843-036.txt_756	Translated by John Bishop, and dedicated to the Author's friend, Professor Taylor.	Professor Taylor	NIL	person	country of citizenship	Q145	no	yes	yes	
TheMusicalWorld__1843-036.txt_756	Translated by John Bishop, and dedicated to the Author's friend, Professor Taylor.	Professor Taylor	NIL	person	occupation	Q12374149, Q36834	no	yes	yes	
TheMusicalWorld__1843-036.txt_756	Translated by John Bishop, and dedicated to the Author's friend, Professor Taylor.	Professor Taylor	NIL	person	date of birth	NIL	no	no	yes	
TheQuarterlyMusicalMagazineAndReview__1824-022.txt_1341	:: 7 Retzel Antoine was born at Brunswick, in 1794, where his father occupied.	Retzel Antoine	NIL	person	given name	Q15235674			yes	Corpus
TheQuarterlyMusicalMagazineAndReview__1824-022.txt_1341	:: 7 Retzel Antoine was born at Brunswick, in 1794, where his father occupied.	Retzel Antoine	NIL	person	sex or gender	Q6581097			yes	Corpus
TheQuarterlyMusicalMagazineAndReview__1824-022.txt_1341	:: 7 Retzel Antoine was born at Brunswick, in 1794, where his father occupied.	Retzel Antoine	NIL	person	country of citizenship	Q183			yes	Corpus
TheQuarterlyMusicalMagazineAndReview__1824-022.txt_1341	:: 7 Retzel Antoine was born at Brunswick, in 1794, where his father occupied.	Retzel Antoine	NIL	person	occupation	Q177220			yes	Corpus
TheQuarterlyMusicalMagazineAndReview__1824-022.txt_1341	:: 7 Retzel Antoine was born at Brunswick, in 1794, where his father occupied.	Retzel Antoine	NIL	person	date of birth	1794			yes	Corpus
The Musical Times_1849-066_ms_2	As grace they sung a “Sanctus,” by Orlando Gibbons, upon which the Rev. Conductor made some interesting remarks, and on the excellence of the older English Church Music, congratulating his auditors on the brighter prospects for solid music, man. arising from the production of convenient and cheap copies sting In Inconsistent contrast to the other Psalms at / of the excellent music which had so long lain dormant in Morning Prayer.	Rev. Conductor	NIL	person	given name	Q4925477	no	yes	yes	Corpus
The Musical Times_1849-066_ms_2	As grace they sung a “Sanctus,” by Orlando Gibbons, upon which the Rev. Conductor made some interesting remarks, and on the excellence of the older English Church Music, congratulating his auditors on the brighter prospects for solid music, man. arising from the production of convenient and cheap copies sting In Inconsistent contrast to the other Psalms at / of the excellent music which had so long lain dormant in Morning Prayer.	Rev. Conductor	NIL	person	sex or gender	Q6581097	no	yes	yes	Corpus
The Musical Times_1849-066_ms_2	As grace they sung a “Sanctus,” by Orlando Gibbons, upon which the Rev. Conductor made some interesting remarks, and on the excellence of the older English Church Music, congratulating his auditors on the brighter prospects for solid music, man. arising from the production of convenient and cheap copies sting In Inconsistent contrast to the other Psalms at / of the excellent music which had so long lain dormant in Morning Prayer.	Rev. Conductor	NIL	person	country of citizenship	Q145	no	yes	yes	Corpus
The Musical Times_1849-066_ms_2	As grace they sung a “Sanctus,” by Orlando Gibbons, upon which the Rev. Conductor made some interesting remarks, and on the excellence of the older English Church Music, congratulating his auditors on the brighter prospects for solid music, man. arising from the production of convenient and cheap copies sting In Inconsistent contrast to the other Psalms at / of the excellent music which had so long lain dormant in Morning Prayer.	Rev. Conductor	NIL	person	occupation	Q1076502	no	yes	yes	Corpus
The Musical Times_1849-066_ms_2	As grace they sung a “Sanctus,” by Orlando Gibbons, upon which the Rev. Conductor made some interesting remarks, and on the excellence of the older English Church Music, congratulating his auditors on the brighter prospects for solid music, man. arising from the production of convenient and cheap copies sting In Inconsistent contrast to the other Psalms at / of the excellent music which had so long lain dormant in Morning Prayer.	Rev. Conductor	NIL	person	date of birth	NIL	no	yes	yes	Corpus
TheMusicalTimes__1876-402.txt_1996	letter of Richard Clarke to the Worshipful Company of Merchant Taylors, dedicating his work, entitled	Richard Clarke	NIL	person	given name	Q1249148				https://www.baron-music.co.uk/product/380/An-Account-of-the-National-Anthem-entitled-God-save-the-King-With-Authorities-taken-from-Sion-College-Library-the-ancient-records-of-the-Merchant-Taylors-Company-the-Old-Cheque-Book-of-His-Majestys-Chapel-c
TheMusicalTimes__1876-402.txt_1996	letter of Richard Clarke to the Worshipful Company of Merchant Taylors, dedicating his work, entitled	Richard Clarke	NIL	person	sex or gender	Q6581097				https://www.baron-music.co.uk/product/380/An-Account-of-the-National-Anthem-entitled-God-save-the-King-With-Authorities-taken-from-Sion-College-Library-the-ancient-records-of-the-Merchant-Taylors-Company-the-Old-Cheque-Book-of-His-Majestys-Chapel-c
TheMusicalTimes__1876-402.txt_1996	letter of Richard Clarke to the Worshipful Company of Merchant Taylors, dedicating his work, entitled	Richard Clarke	NIL	person	country of citizenship	Q145	yes	no	yes	https://www.baron-music.co.uk/product/380/An-Account-of-the-National-Anthem-entitled-God-save-the-King-With-Authorities-taken-from-Sion-College-Library-the-ancient-records-of-the-Merchant-Taylors-Company-the-Old-Cheque-Book-of-His-Majestys-Chapel-c
TheMusicalTimes__1876-402.txt_1996	letter of Richard Clarke to the Worshipful Company of Merchant Taylors, dedicating his work, entitled	Richard Clarke	NIL	person	occupation	Q482980, Q36180				https://www.baron-music.co.uk/product/380/An-Account-of-the-National-Anthem-entitled-God-save-the-King-With-Authorities-taken-from-Sion-College-Library-the-ancient-records-of-the-Merchant-Taylors-Company-the-Old-Cheque-Book-of-His-Majestys-Chapel-c
TheMusicalTimes__1876-402.txt_1996	letter of Richard Clarke to the Worshipful Company of Merchant Taylors, dedicating his work, entitled	Richard Clarke	NIL	person	date of birth	1780	yes	no	yes	https://www.baron-music.co.uk/product/380/An-Account-of-the-National-Anthem-entitled-God-save-the-King-With-Authorities-taken-from-Sion-College-Library-the-ancient-records-of-the-Merchant-Taylors-Company-the-Old-Cheque-Book-of-His-Majestys-Chapel-c
TheMusicalTimes__1876-397.txt_744	3- SEVEN VOCAL DUETS, by Bellini, S. Glover, Macfarren, Donizetti, & c..	S. Glover	NIL	person	given name	NIL				
TheMusicalTimes__1876-397.txt_744	3- SEVEN VOCAL DUETS, by Bellini, S. Glover, Macfarren, Donizetti, & c..	S. Glover	NIL	person	sex or gender	Q6581097				
TheMusicalTimes__1876-397.txt_744	3- SEVEN VOCAL DUETS, by Bellini, S. Glover, Macfarren, Donizetti, & c..	S. Glover	NIL	person	country of citizenship	Q145				
TheMusicalTimes__1876-397.txt_744	3- SEVEN VOCAL DUETS, by Bellini, S. Glover, Macfarren, Donizetti, & c..	S. Glover	NIL	person	occupation	Q36834				
TheMusicalTimes__1876-397.txt_744	3- SEVEN VOCAL DUETS, by Bellini, S. Glover, Macfarren, Donizetti, & c..	S. Glover	NIL	person	date of birth	1812				https://en.wikipedia.org/wiki/Stephen_Glover_(composer)
The Harmonicon_1827-002_ms_3	After this, we had: Les Néces de Gamache, a comic opera, in three acts, by Mercadante, translated and arranged by Messrs. Sauvage and Dupin, and adapted to the stage by M. Guénée: we suppose it would be unpardonable to omit any of these important particulars, as the authors always show such marked anxiety te bring them befere the world.	Sauvage	NIL	person	given name	NIL				
The Harmonicon_1827-002_ms_3	After this, we had: Les Néces de Gamache, a comic opera, in three acts, by Mercadante, translated and arranged by Messrs. Sauvage and Dupin, and adapted to the stage by M. Guénée: we suppose it would be unpardonable to omit any of these important particulars, as the authors always show such marked anxiety te bring them befere the world.	Sauvage	NIL	person	sex or gender	NIL				
The Harmonicon_1827-002_ms_3	After this, we had: Les Néces de Gamache, a comic opera, in three acts, by Mercadante, translated and arranged by Messrs. Sauvage and Dupin, and adapted to the stage by M. Guénée: we suppose it would be unpardonable to omit any of these important particulars, as the authors always show such marked anxiety te bring them befere the world.	Sauvage	NIL	person	country of citizenship	NIL				
The Harmonicon_1827-002_ms_3	After this, we had: Les Néces de Gamache, a comic opera, in three acts, by Mercadante, translated and arranged by Messrs. Sauvage and Dupin, and adapted to the stage by M. Guénée: we suppose it would be unpardonable to omit any of these important particulars, as the authors always show such marked anxiety te bring them befere the world.	Sauvage	NIL	person	occupation	Q333634,Q1643514	no	yes	yes	https://books.google.it/books/about/Les_Noces_de_Gamache_op%C3%A9ra_bouffon_en_t.html?id=FsE3ALsS3tgC&redir_esc=y
The Harmonicon_1827-002_ms_3	After this, we had: Les Néces de Gamache, a comic opera, in three acts, by Mercadante, translated and arranged by Messrs. Sauvage and Dupin, and adapted to the stage by M. Guénée: we suppose it would be unpardonable to omit any of these important particulars, as the authors always show such marked anxiety te bring them befere the world.	Sauvage	NIL	person	date of birth	NIL				
TheMusicalWorld__1844-006.txt_54	— though it was excellently well performed by Phillips, Hill, and Severn.	Severn	NIL	person	given name	NIL	no	no	yes	
TheMusicalWorld__1844-006.txt_54	— though it was excellently well performed by Phillips, Hill, and Severn.	Severn	NIL	person	sex or gender	Q6581097	no	yes	yes	
TheMusicalWorld__1844-006.txt_54	— though it was excellently well performed by Phillips, Hill, and Severn.	Severn	NIL	person	country of citizenship	Q145				
TheMusicalWorld__1844-006.txt_54	— though it was excellently well performed by Phillips, Hill, and Severn.	Severn	NIL	person	occupation	Q639669, Q1214796				
TheMusicalWorld__1844-006.txt_54	— though it was excellently well performed by Phillips, Hill, and Severn.	Severn	NIL	person	date of birth	NIL	no	no	yes	
the_Musical_Times_ms_1884-493_4_	"Besides the artists already mentioried we are promised Madame Adelina Patti, Madame Sembrich, Madame Maria Durand, Mdlle. De Vere (her first appearance at the Royai Italian Opera), Madame Scalchi, Mdlle. Reggiani, and Mdille. Tremelli; Signor Nicolini, Signor Marconi, M. Soulacroix, Signor Mierzwinski, Signor Cotogni, M. Devoyod, Signor De Reszké, Signor Monti, and Signor Novara."	Signor De Reszké	NIL	person	given name	NIL				
the_Musical_Times_ms_1884-493_4_	"Besides the artists already mentioried we are promised Madame Adelina Patti, Madame Sembrich, Madame Maria Durand, Mdlle. De Vere (her first appearance at the Royai Italian Opera), Madame Scalchi, Mdlle. Reggiani, and Mdille. Tremelli; Signor Nicolini, Signor Marconi, M. Soulacroix, Signor Mierzwinski, Signor Cotogni, M. Devoyod, Signor De Reszké, Signor Monti, and Signor Novara."	Signor De Reszké	NIL	person	sex or gender	Q6581097	no	yes	yes	Corpus
the_Musical_Times_ms_1884-493_4_	"Besides the artists already mentioried we are promised Madame Adelina Patti, Madame Sembrich, Madame Maria Durand, Mdlle. De Vere (her first appearance at the Royai Italian Opera), Madame Scalchi, Mdlle. Reggiani, and Mdille. Tremelli; Signor Nicolini, Signor Marconi, M. Soulacroix, Signor Mierzwinski, Signor Cotogni, M. Devoyod, Signor De Reszké, Signor Monti, and Signor Novara."	Signor De Reszké	NIL	person	country of citizenship	Q142	no	yes	yes	Corpus
the_Musical_Times_ms_1884-493_4_	"Besides the artists already mentioried we are promised Madame Adelina Patti, Madame Sembrich, Madame Maria Durand, Mdlle. De Vere (her first appearance at the Royai Italian Opera), Madame Scalchi, Mdlle. Reggiani, and Mdille. Tremelli; Signor Nicolini, Signor Marconi, M. Soulacroix, Signor Mierzwinski, Signor Cotogni, M. Devoyod, Signor De Reszké, Signor Monti, and Signor Novara."	Signor De Reszké	NIL	person	occupation	Q2865819	no	yes	yes	Corpus
the_Musical_Times_ms_1884-493_4_	"Besides the artists already mentioried we are promised Madame Adelina Patti, Madame Sembrich, Madame Maria Durand, Mdlle. De Vere (her first appearance at the Royai Italian Opera), Madame Scalchi, Mdlle. Reggiani, and Mdille. Tremelli; Signor Nicolini, Signor Marconi, M. Soulacroix, Signor Mierzwinski, Signor Cotogni, M. Devoyod, Signor De Reszké, Signor Monti, and Signor Novara."	Signor De Reszké	NIL	person	date of birth	NIL				
TheQuarterlyMusicalMagazineAndReview__1824-022.txt_2537	* Sento oh Dio” — Madame Ronzi de Begnis, Miss Stephens, Signor Garcia, Signor de Begnis, and Mr. oo Phillips	Signor Garcia	NIL	person	given name	Q11113719				https://www.wikidata.org/wiki/Q704645
TheQuarterlyMusicalMagazineAndReview__1824-022.txt_2537	* Sento oh Dio” — Madame Ronzi de Begnis, Miss Stephens, Signor Garcia, Signor de Begnis, and Mr. oo Phillips	Signor Garcia	NIL	person	sex or gender	Q6581097				https://www.wikidata.org/wiki/Q704645
TheQuarterlyMusicalMagazineAndReview__1824-022.txt_2537	* Sento oh Dio” — Madame Ronzi de Begnis, Miss Stephens, Signor Garcia, Signor de Begnis, and Mr. oo Phillips	Signor Garcia	NIL	person	country of citizenship	Q6581097				https://www.wikidata.org/wiki/Q704645
TheQuarterlyMusicalMagazineAndReview__1824-022.txt_2537	* Sento oh Dio” — Madame Ronzi de Begnis, Miss Stephens, Signor Garcia, Signor de Begnis, and Mr. oo Phillips	Signor Garcia	NIL	person	occupation	Q36834, Q2865819, Q2350126, Q43845, Q1836630				https://www.wikidata.org/wiki/Q704645
TheQuarterlyMusicalMagazineAndReview__1824-022.txt_2537	* Sento oh Dio” — Madame Ronzi de Begnis, Miss Stephens, Signor Garcia, Signor de Begnis, and Mr. oo Phillips	Signor Garcia	NIL	person	date of birth	1775	yes	yes	yes	https://www.wikidata.org/wiki/Q704645
the_Musical_Times_ms_1884-493_4_	"Besides the artists already mentioried we are promised Madame Adelina Patti, Madame Sembrich, Madame Maria Durand, Mdlle. De Vere (her first appearance at the Royai Italian Opera), Madame Scalchi, Mdlle. Reggiani, and Mdille. Tremelli; Signor Nicolini, Signor Marconi, M. Soulacroix, Signor Mierzwinski, Signor Cotogni, M. Devoyod, Signor De Reszké, Signor Monti, and Signor Novara."	Signor Monti	NIL	person	given name	NIL				
the_Musical_Times_ms_1884-493_4_	"Besides the artists already mentioried we are promised Madame Adelina Patti, Madame Sembrich, Madame Maria Durand, Mdlle. De Vere (her first appearance at the Royai Italian Opera), Madame Scalchi, Mdlle. Reggiani, and Mdille. Tremelli; Signor Nicolini, Signor Marconi, M. Soulacroix, Signor Mierzwinski, Signor Cotogni, M. Devoyod, Signor De Reszké, Signor Monti, and Signor Novara."	Signor Monti	NIL	person	sex or gender	Q6581097	no	yes	yes	Corpus
the_Musical_Times_ms_1884-493_4_	"Besides the artists already mentioried we are promised Madame Adelina Patti, Madame Sembrich, Madame Maria Durand, Mdlle. De Vere (her first appearance at the Royai Italian Opera), Madame Scalchi, Mdlle. Reggiani, and Mdille. Tremelli; Signor Nicolini, Signor Marconi, M. Soulacroix, Signor Mierzwinski, Signor Cotogni, M. Devoyod, Signor De Reszké, Signor Monti, and Signor Novara."	Signor Monti	NIL	person	country of citizenship	Q38	no	yes	yes	Corpus
the_Musical_Times_ms_1884-493_4_	"Besides the artists already mentioried we are promised Madame Adelina Patti, Madame Sembrich, Madame Maria Durand, Mdlle. De Vere (her first appearance at the Royai Italian Opera), Madame Scalchi, Mdlle. Reggiani, and Mdille. Tremelli; Signor Nicolini, Signor Marconi, M. Soulacroix, Signor Mierzwinski, Signor Cotogni, M. Devoyod, Signor De Reszké, Signor Monti, and Signor Novara."	Signor Monti	NIL	person	occupation	Q2865819	no	yes	yes	Corpus
the_Musical_Times_ms_1884-493_4_	"Besides the artists already mentioried we are promised Madame Adelina Patti, Madame Sembrich, Madame Maria Durand, Mdlle. De Vere (her first appearance at the Royai Italian Opera), Madame Scalchi, Mdlle. Reggiani, and Mdille. Tremelli; Signor Nicolini, Signor Marconi, M. Soulacroix, Signor Mierzwinski, Signor Cotogni, M. Devoyod, Signor De Reszké, Signor Monti, and Signor Novara."	Signor Monti	NIL	person	date of birth	NIL				
the_Musical_Times_ms_1884-493_4_	"Besides the artists already mentioried we are promised Madame Adelina Patti, Madame Sembrich, Madame Maria Durand, Mdlle. De Vere (her first appearance at the Royai Italian Opera), Madame Scalchi, Mdlle. Reggiani, and Mdille. Tremelli; Signor Nicolini, Signor Marconi, M. Soulacroix, Signor Mierzwinski, Signor Cotogni, M. Devoyod, Signor De Reszké, Signor Monti, and Signor Novara."	Signor Novara	NIL	person	given name	NIL				
the_Musical_Times_ms_1884-493_4_	"Besides the artists already mentioried we are promised Madame Adelina Patti, Madame Sembrich, Madame Maria Durand, Mdlle. De Vere (her first appearance at the Royai Italian Opera), Madame Scalchi, Mdlle. Reggiani, and Mdille. Tremelli; Signor Nicolini, Signor Marconi, M. Soulacroix, Signor Mierzwinski, Signor Cotogni, M. Devoyod, Signor De Reszké, Signor Monti, and Signor Novara."	Signor Novara	NIL	person	sex or gender	Q6581097	no	yes	yes	Corpus
the_Musical_Times_ms_1884-493_4_	"Besides the artists already mentioried we are promised Madame Adelina Patti, Madame Sembrich, Madame Maria Durand, Mdlle. De Vere (her first appearance at the Royai Italian Opera), Madame Scalchi, Mdlle. Reggiani, and Mdille. Tremelli; Signor Nicolini, Signor Marconi, M. Soulacroix, Signor Mierzwinski, Signor Cotogni, M. Devoyod, Signor De Reszké, Signor Monti, and Signor Novara."	Signor Novara	NIL	person	country of citizenship	Q38	no	yes	yes	Corpus
the_Musical_Times_ms_1884-493_4_	"Besides the artists already mentioried we are promised Madame Adelina Patti, Madame Sembrich, Madame Maria Durand, Mdlle. De Vere (her first appearance at the Royai Italian Opera), Madame Scalchi, Mdlle. Reggiani, and Mdille. Tremelli; Signor Nicolini, Signor Marconi, M. Soulacroix, Signor Mierzwinski, Signor Cotogni, M. Devoyod, Signor De Reszké, Signor Monti, and Signor Novara."	Signor Novara	NIL	person	occupation	Q2865819	no	yes	yes	Corpus
the_Musical_Times_ms_1884-493_4_	"Besides the artists already mentioried we are promised Madame Adelina Patti, Madame Sembrich, Madame Maria Durand, Mdlle. De Vere (her first appearance at the Royai Italian Opera), Madame Scalchi, Mdlle. Reggiani, and Mdille. Tremelli; Signor Nicolini, Signor Marconi, M. Soulacroix, Signor Mierzwinski, Signor Cotogni, M. Devoyod, Signor De Reszké, Signor Monti, and Signor Novara."	Signor Novara	NIL	person	date of birth	NIL				
TheQuarterlyMusicalMagazineAndReview__1828-037.txt_3898	, the fugitives got to Havre, where Sir Sidney was put on board an English vessel.	Sir Sidney	NIL	person	given name	Q3960161				
TheQuarterlyMusicalMagazineAndReview__1828-037.txt_3898	, the fugitives got to Havre, where Sir Sidney was put on board an English vessel.	Sir Sidney	NIL	person	sex or gender	Q6581097				
TheQuarterlyMusicalMagazineAndReview__1828-037.txt_3898	, the fugitives got to Havre, where Sir Sidney was put on board an English vessel.	Sir Sidney	NIL	person	country of citizenship	Q145				
TheQuarterlyMusicalMagazineAndReview__1828-037.txt_3898	, the fugitives got to Havre, where Sir Sidney was put on board an English vessel.	Sir Sidney	NIL	person	occupation	Q82955,Q4165702,Q599151				
TheQuarterlyMusicalMagazineAndReview__1828-037.txt_3898	, the fugitives got to Havre, where Sir Sidney was put on board an English vessel.	Sir Sidney	NIL	person	date of birth	1764				
TheQuarterlyMusicalMagazineAndReview__1828-037.txt_1149	- Jodran,. a distinguished tenor, possesses, like Soretti (who sings at the church of Santa Maria Maggiore), a superb voice.	Soretti	NIL	person	given name	NIL				
TheQuarterlyMusicalMagazineAndReview__1828-037.txt_1149	- Jodran,. a distinguished tenor, possesses, like Soretti (who sings at the church of Santa Maria Maggiore), a superb voice.	Soretti	NIL	person	sex or gender	Q6581097				
TheQuarterlyMusicalMagazineAndReview__1828-037.txt_1149	- Jodran,. a distinguished tenor, possesses, like Soretti (who sings at the church of Santa Maria Maggiore), a superb voice.	Soretti	NIL	person	country of citizenship	Q38				Corpus
TheQuarterlyMusicalMagazineAndReview__1828-037.txt_1149	- Jodran,. a distinguished tenor, possesses, like Soretti (who sings at the church of Santa Maria Maggiore), a superb voice.	Soretti	NIL	person	occupation	Q27914				Corpus
TheQuarterlyMusicalMagazineAndReview__1828-037.txt_1149	- Jodran,. a distinguished tenor, possesses, like Soretti (who sings at the church of Santa Maria Maggiore), a superb voice.	Soretti	NIL	person	date of birth	NIL				
TheMusicalWorld__1844-006.txt_175	“Scenes of horror, ’’ where Storge is terrified at the future.	Storge	NIL	person	given name	NIL	no	no	yes	
TheMusicalWorld__1844-006.txt_175	“Scenes of horror, ’’ where Storge is terrified at the future.	Storge	NIL	person	sex or gender	Q6581072				
TheMusicalWorld__1844-006.txt_175	“Scenes of horror, ’’ where Storge is terrified at the future.	Storge	NIL	person	country of citizenship	NIL	no	no	yes	
TheMusicalWorld__1844-006.txt_175	“Scenes of horror, ’’ where Storge is terrified at the future.	Storge	NIL	person	occupation	NIL	no	no	yes	
TheMusicalWorld__1844-006.txt_175	“Scenes of horror, ’’ where Storge is terrified at the future.	Storge	NIL	person	date of birth	NIL	no	no	yes	
TheQuarterlyMusicalMagazineAndReview__1825-025.txt_554	A Selection of French Melodies, with Symphonies and Accome ‘paniments, by W. Eavestaff 5	W. Eavestaff	NIL	person	given name	Q12344159				https://www.ebay.it/itm/326376958054
TheQuarterlyMusicalMagazineAndReview__1825-025.txt_554	A Selection of French Melodies, with Symphonies and Accome ‘paniments, by W. Eavestaff 5	W. Eavestaff	NIL	person	sex or gender	Q6581097				https://earlypianos.org/instruments/makerprofile/2347
TheQuarterlyMusicalMagazineAndReview__1825-025.txt_554	A Selection of French Melodies, with Symphonies and Accome ‘paniments, by W. Eavestaff 5	W. Eavestaff	NIL	person	country of citizenship	Q145				https://earlypianos.org/instruments/makerprofile/2347
TheQuarterlyMusicalMagazineAndReview__1825-025.txt_554	A Selection of French Melodies, with Symphonies and Accome ‘paniments, by W. Eavestaff 5	W. Eavestaff	NIL	person	occupation	Q1643514				https://earlypianos.org/instruments/makerprofile/2347
TheQuarterlyMusicalMagazineAndReview__1825-025.txt_554	A Selection of French Melodies, with Symphonies and Accome ‘paniments, by W. Eavestaff 5	W. Eavestaff	NIL	person	date of birth	1823				https://earlypianos.org/instruments/makerprofile/2347
TheMusicalTimes__1873-366.txt_809	| tains a new two - manual Organ by Walker, of London.	Walker	NIL	person	given name	NIL	yes	no	yes	https://en.wikipedia.org/wiki/J._W._Walker_%26_Sons_Ltd
TheMusicalTimes__1873-366.txt_809	| tains a new two - manual Organ by Walker, of London.	Walker	NIL	person	sex or gender	Q6581097	yes	yes	yes	https://en.wikipedia.org/wiki/J._W._Walker_%26_Sons_Ltd
TheMusicalTimes__1873-366.txt_809	| tains a new two - manual Organ by Walker, of London.	Walker	NIL	person	country of citizenship	Q145	yes	yes	yes	https://en.wikipedia.org/wiki/J._W._Walker_%26_Sons_Ltd
TheMusicalTimes__1873-366.txt_809	| tains a new two - manual Organ by Walker, of London.	Walker	NIL	person	occupation	Q1937431, Q1955150	yes	yes	yes	https://en.wikipedia.org/wiki/J._W._Walker_%26_Sons_Ltd
TheMusicalTimes__1873-366.txt_809	| tains a new two - manual Organ by Walker, of London.	Walker	NIL	person	date of birth	NIL	no	no	yes	
TheMusicalTimes__1873-366.txt_2224	Walter j. kiey, Conductor of the Railway Clearing House Musical Society+. — —Mr.	Walter j. kiey	NIL	person	given name	Q499249	no	yes	yes	
TheMusicalTimes__1873-366.txt_2224	Walter j. kiey, Conductor of the Railway Clearing House Musical Society+. — —Mr.	Walter j. kiey	NIL	person	sex or gender	Q6581097	no	yes	yes	
TheMusicalTimes__1873-366.txt_2224	Walter j. kiey, Conductor of the Railway Clearing House Musical Society+. — —Mr.	Walter j. kiey	NIL	person	country of citizenship	Q145	no	yes		
TheMusicalTimes__1873-366.txt_2224	Walter j. kiey, Conductor of the Railway Clearing House Musical Society+. — —Mr.	Walter j. kiey	NIL	person	occupation	Q158852	no	yes	yes	
TheMusicalTimes__1873-366.txt_2224	Walter j. kiey, Conductor of the Railway Clearing House Musical Society+. — —Mr.	Walter j. kiey	NIL	person	date of birth	NIL	no	no	yes	
TheMusicalWorld__1843-038.txt_67	"The vocalists were the Misses C. Novello, Rainforth, and Mrs. Alfred Shaw; Messrs. Braham, Phillips, Bennett, Walton, and J. Isherwood."	Walton	NIL	person	given name	NIL				
TheMusicalWorld__1843-038.txt_67	"The vocalists were the Misses C. Novello, Rainforth, and Mrs. Alfred Shaw; Messrs. Braham, Phillips, Bennett, Walton, and J. Isherwood."	Walton	NIL	person	sex or gender	Q6581097				
TheMusicalWorld__1843-038.txt_67	"The vocalists were the Misses C. Novello, Rainforth, and Mrs. Alfred Shaw; Messrs. Braham, Phillips, Bennett, Walton, and J. Isherwood."	Walton	NIL	person	country of citizenship	Q145				
TheMusicalWorld__1843-038.txt_67	"The vocalists were the Misses C. Novello, Rainforth, and Mrs. Alfred Shaw; Messrs. Braham, Phillips, Bennett, Walton, and J. Isherwood."	Walton	NIL	person	occupation	Q177220				
TheMusicalWorld__1843-038.txt_67	"The vocalists were the Misses C. Novello, Rainforth, and Mrs. Alfred Shaw; Messrs. Braham, Phillips, Bennett, Walton, and J. Isherwood."	Walton	NIL	person	date of birth	NIL				
TheQuarterlyMusicalMagazineAndReview__1824-022.txt_1379	Weisse, in 1788, was bassoonist of the Chapel Royal of Prussia, at Berlin.	Weisse	NIL	person	given name	NIL				
TheQuarterlyMusicalMagazineAndReview__1824-022.txt_1379	Weisse, in 1788, was bassoonist of the Chapel Royal of Prussia, at Berlin.	Weisse	NIL	person	sex or gender	Q6581097	no	yes	yes	
TheQuarterlyMusicalMagazineAndReview__1824-022.txt_1379	Weisse, in 1788, was bassoonist of the Chapel Royal of Prussia, at Berlin.	Weisse	NIL	person	country of citizenship	Q27306	no	yes	yes	
TheQuarterlyMusicalMagazineAndReview__1824-022.txt_1379	Weisse, in 1788, was bassoonist of the Chapel Royal of Prussia, at Berlin.	Weisse	NIL	person	occupation	Q12310971, Q12374149, Q15214752				
TheQuarterlyMusicalMagazineAndReview__1824-022.txt_1379	Weisse, in 1788, was bassoonist of the Chapel Royal of Prussia, at Berlin.	Weisse	NIL	person	date of birth	NIL	no	no	yes	
TheQuarterlyMusicalMagazineAndReview__1824-022.txt_1383	Zahn was a native of Rotenbourg sur le Tauber, in Franconia.	Zahn	NIL	person	given name	NIL	no	no	yes	
TheQuarterlyMusicalMagazineAndReview__1824-022.txt_1383	Zahn was a native of Rotenbourg sur le Tauber, in Franconia.	Zahn	NIL	person	sex or gender	Q6581097	no	yes	yes	
TheQuarterlyMusicalMagazineAndReview__1824-022.txt_1383	Zahn was a native of Rotenbourg sur le Tauber, in Franconia.	Zahn	NIL	person	country of citizenship	Q183	no	yes	yes	
TheQuarterlyMusicalMagazineAndReview__1824-022.txt_1383	Zahn was a native of Rotenbourg sur le Tauber, in Franconia.	Zahn	NIL	person	occupation	Q107012620	no	yes	yes	
TheQuarterlyMusicalMagazineAndReview__1824-022.txt_1383	Zahn was a native of Rotenbourg sur le Tauber, in Franconia.	Zahn	NIL	person	date of birth	NIL	no	no	yes	
TheMusicalTimes__1875-388.txt_1671	The artists engaged were the Misses Agnes Drummond, Josephine Pulham, Marian Haigh, Florence Wydford, and Messrs. Henry Guy, Theodore Distin, E. Stone, and Thurley Beale.	Agnes Drummond	NIL	person	family name	Q16869679	yes	yes	yes	
TheMusicalTimes__1876-402.txt_1172	Highly commended — Annie Albu, Amy Aylward, Jessie Jones, Agnes Larkcom, and Marian Williams.	Agnes Larkcom	NIL	person	family name	NIL	yes	yes	yes	https://shigovoicelessons.com/voicetalk//2016/04/the-garcia-lineage-agnes-larkcom.html
TheMusicalTimes__1876-397.txt_2399	Agnes Robinson, Mrs. Carmichael, and Messrs. Hobart, Peake, C. J. Lenton, and C. Wilson.	Agnes Robinson	NIL	person	family name	Q2798428				
TheMusicalTimes__1873-366.txt_1404	Beasley, Llewellyn Bagnall, Alice Mary Curtis, nia Sheehan, Johanna Ludovici, Beata Francis.	Alice Mary Curtis	NIL	person	family name	Q12787162				
TheMusicalTimes__1876-402.txt_1172	Highly commended — Annie Albu, Amy Aylward, Jessie Jones, Agnes Larkcom, and Marian Williams.	Amy Aylward	NIL	person	family name	Q21453840				https://thewomenwhomademe.wordpress.com/2017/10/08/amy-as-story/
Dwight's Journal of Music_1859-004_ms_4	The suceess of our charming comic prima donna, Angele Cordier, in’ a grand réle, has been an incident worthy. of note, and the revival of Auber’s sparkling and effective work,” has brought out our favorite tenore (it was given for his benefit,) Lagraye, an opportunity of displaying his best powers.	Angele Cordier	NIL	person	family name	Q175753				
TheMusicalTimes__1876-402.txt_1172	Highly commended — Annie Albu, Amy Aylward, Jessie Jones, Agnes Larkcom, and Marian Williams.	Annie Albu	NIL	person	family name	Q14914655	yes	yes	yes	https://kurtofgerolstein.blogspot.com/2019/05/when-girl-isnt-pretty-but-she-can-sing.html
TheMusicalTimes__1873-366.txt_1406	Letters of Commenstion: Misses Louisa A. Turner, Jane Whitaker, Constance Sarper, Annie Bradley, Elizabeth L. Rothwell, Marion ‘Greon, Fanny Boxell.	Annie Bradley	NIL	person	family name	Q896987				
TheMusicalTimes__1876-402.txt_1191	Annie Butterworth, Hannah Edouard, Marietta Phillips, Marie Duval, Mary Jane Williams.	Annie Butterworth	NIL	person	family name	Q16865227				
TheQuarterlyMusicalMagazineAndReview__1825-025.txt_1886	Antoine Law rent -Baudron was born at Amiens, i in 117 43.	Antoine Law	NIL	person	family name	Q16871926				
TheMusicalTimes__1873-366.txt_1404	Beasley, Llewellyn Bagnall, Alice Mary Curtis, nia Sheehan, Johanna Ludovici, Beata Francis.	Beata Francis	NIL	person	family name	Q15208210				
The Musical Times_1881-455_ms_2	"With my wife to the King’s House to see. ‘The Virgin Martyr,’ * the first time it hath been acted a great while, and itis mighty pleasant; not that the play is worth much, but it is finely acted by Beck Marshall."	Beck Marshall	NIL	person	family name	Q12795967				
TheMusicalTimes__1876-397.txt_2399	Agnes Robinson, Mrs. Carmichael, and Messrs. Hobart, Peake, C. J. Lenton, and C. Wilson.	C. J. Lenton	NIL	person	family name	Q16872057				
TheMusicalTimes__1876-397.txt_2399	Agnes Robinson, Mrs. Carmichael, and Messrs. Hobart, Peake, C. J. Lenton, and C. Wilson.	C. Wilson	NIL	person	family name	Q1645480				
TheHarmonicon__1832-012.txt_1146	only that the name of the author had been misprinted Caffiat, instead of Caffiaux.	Caffiaux	NIL	person	family name	Q62060678				
TheHarmonicon__1832-012.txt_1863	A young composer, Catl August Weber, professor of music at the Lyceum, at Rastadt near Baden, is much talked of here.	Catl August Weber	NIL	person	family name	Q1409226				
Dwight's Journal of Music_1858-11_BIS_ms_2	"then, instead of stepping forw: urd as a reformer, he ought, as a true disciple of honored and to effect nothing but what Gluck and Mozart; Cimarosa and Pacsicllé, Méhul and Boieldieu, Chert ahint and Spontini, Beethoven and= Weber, Spohr.and Weigl, Meyerbeer and Lortzing, also tried to effect, and which they succeeded more or less in doing. metadata={sent_text:then instead of stepping forw: urd as a reformer he ought as a true disciple of honored and to effect nothing but what Gluck and Mozart; Cimarosa and Pacsicllé Méhul and Boieldieu Chert ahint and Spontini Beethoven and: ""Weber Spohr.and Weigl Meyerbeer and Lortzing also tried to effect and which they succeeded more or less in doing.""}"	Chert	NIL	person	family name	NIL				
TheHarmonicon__1828-001.txt_1179	"The work is also graced with several of the elegant songs of Thomas Campbell, and Lord Byron; and it contains the best songs of the olden time, and of Ramsay, Hamilton; Thomson, Smollett, Skinner, Macneill, Hogg, Cunningham, and many others."	Cunningham	NIL	person	family name	Q7849873				
the_Musical_Times_ms_1896-635_8_	At Bradford, too, there has. been more than ordinary musical activity. On November 22 the second of the Subscription Concerts took place, a miscellaneous programme of much more than average interest being sustained by Miss Esther Palliser, Madame Marian McKenzie, Messrs. Ben Davies and Douglas Powell, with Herr Rosenthal as pianist and Mr. W. H. Squire as violoncellist.	Douglas Powell	NIL	person	family name	Q1158612				
TheHarmonicon__1824-016.txt_1268	"himself, abridged and continued to his death, by Dr. Kitchiner; from which we learn, that _"	Dr. Kitchiner	NIL	person	family name	Q112589726				
The Musical Times_1849-066_ms_3	A numerous and highly respectable meeting was held in the Town Hall on the 25th Oct., to aid the establishment - of a Normal Music school in Manchester, and to afford Dr. Mainzer an opportunity of explaining the character and object of the proposed institution.	Dr. Mainzer	NIL	person	family name	Q369735				
The Harmonicon_1827-002_ms_3	After this, we had: Les Néces de Gamache, a comic opera, in three acts, by Mercadante, translated and arranged by Messrs. Sauvage and Dupin, and adapted to the stage by M. Guénée: we suppose it would be unpardonable to omit any of these important particulars, as the authors always show such marked anxiety te bring them befere the world.	Dupin	NIL	person	family name	Q21448605				
TheMusicalTimes__1876-397.txt_2568	, Bow, E. — E. Carper is prepared to send Specifications for building Organs of very superior materials and workmanship.	E. Carper	NIL	person	family name	Q56537940				
TheMusicalTimes__1876-402.txt_343	, E. — E. Carper is prepared to send Specifications for building Organs of very superior materials and workmanship.	E. Carper	NIL	person	family name	Q56537940				
The_Musical_Times_ms_1905-754_1_	Among the documents preserved in the archives of Magdalen College, Oxford, is the will of one Edward Ascough, of Wynthorp (now Winthorpe), a village on the Lincolnshire coast, two miles north of Skegness	Edward Ascough	NIL	person	family name	Q118958548				
TheQuarterlyMusicalMagazineAndReview__1828-037.txt_1763	When Fenzi is absent, Guida is considered as the best.	Fenzi	NIL	person	family name	Q99908750				
TheMusicalTimes__1875-388.txt_1671	The artists engaged were the Misses Agnes Drummond, Josephine Pulham, Marian Haigh, Florence Wydford, and Messrs. Henry Guy, Theodore Distin, E. Stone, and Thurley Beale.	Florence Wydford	NIL	person	family name	NIL				
TheQuarterlyMusicalMagazineAndReview__1824-022.txt_1252	At some concerts, at the Feydeau, i in 1794, he executed some concerted symphonies of Devienne’s Sy with M. Huguot, Frederic and Charles Duvernoy.	Frederic	NIL	person	family name	Q62095480				
TheMusicalTimes__1876-402.txt_2491	A Pastoral Cantata, H written and composed by FREDERICK BaLpwin.	FREDERICK BaLpwin	NIL	person	family name	Q2658216				
The Harmonicon_1823-002_ms_3	La Clemenza di Tito was the first, in which‘a French lady, under the riame of Signora Clarini, took the part of Servilia, and a Madame’ Graziani filled the character ef Annio, both of which were massacred in their hands, and the whole opera necessarily partook in the - ruin.	Graziani	NIL	person	family name	Q99909378	no	yes	yes	
TheQuarterlyMusicalMagazineAndReview__1828-037.txt_1763	When Fenzi is absent, Guida is considered as the best.	Guida	NIL	person	family name	Q21450127				
TheMusicalTimes__1873-366.txt_2212	— - ies H. C. Sturton (late of St. Stephen's Mission Chapel, Lewisham), Morden College Chapel, Blackheath.	H. C. Sturton	NIL	person	family name	NIL				
TheMusicalTimes__1876-402.txt_868	on application to H. Hagemeyer, Bandmaster, 12th Regiment, Cork Barracks, Ireland.	H. Hagemeyer	NIL	person	family name	Q37007428				
TheMusicalTimes__1876-402.txt_1191	Annie Butterworth, Hannah Edouard, Marietta Phillips, Marie Duval, Mary Jane Williams.	Hannah Edouard	NIL	person	family name	Q37018092				
TheMusicalWorld__1844-006.txt_54	— though it was excellently well performed by Phillips, Hill, and Severn.	Hill	NIL	person	family name	Q973239				
TheMusicalTimes__1875-388.txt_19	Among the gentle‘men now contributing to Concordia, are: —: J. Barney.	J. Barney	NIL	person	family name	Q16479501				
TheQuarterlyMusicalMagazineAndReview__1825-025.txt_572	+ The Wild Hyacinth, a Songs composed by J. F. Walmisley....	J. F. Walmisley	NIL	person	family name	Q7963539				
TheMusicalTimes__1876-397.txt_3729	ty J. L. Peters, 843, Broadway, New York. ~ - Wednesday, March 2, 1876,	J. L. Peters	NIL	person	family name	Q2079518				
TheMusicalTimes__1875-388.txt_1718	-Set to music composed by James Fitzgerald, Organist of St. George’s Parish Church, Kidderminster.	James Fitzgerald	NIL	person	family name	Q55550590				
TheQuarterlyMusicalMagazineAndReview__1828-037.txt_1149	- Jodran,. a distinguished tenor, possesses, like Soretti (who sings at the church of Santa Maria Maggiore), a superb voice.	Jodran	NIL	person	family name	NIL				
TheMusicalWorld__1843-036.txt_756	Translated by John Bishop, and dedicated to the Author's friend, Professor Taylor.	John Bishop	NIL	person	family name	Q1158188				
TheMusicalTimes__1875-388.txt_1671	The artists engaged were the Misses Agnes Drummond, Josephine Pulham, Marian Haigh, Florence Wydford, and Messrs. Henry Guy, Theodore Distin, E. Stone, and Thurley Beale.	Josephine Pulham	NIL	person	family name	Q37507523	no	yes	yes	
TheQuarterlyMusicalMagazineAndReview__1824-022.txt_1252	At some concerts, at the Feydeau, i in 1794, he executed some concerted symphonies of Devienne’s Sy with M. Huguot, Frederic and Charles Duvernoy.	M. Huguot	NIL	person	family name	NIL				
TheHarmonicon__1833-005.txt_1679	A new symphony by M. Joachim Hoffman, a composition of great merit, was performed at that gentleman’s concert.	M. Joachim Hoffman	NIL	person	family name	Q224301				
The_Musical_World_ms_1843-040_1_	"Adolphe Adam, the composer of Le Postillon de Lonjumeau, was the first to apostrophize the acquirements of M. Vivier, ina Jengthened artiele in the France Wusicale; he has been followed by the rest of them, and last week, in the Gazelle AZusicale, we find a paper by Maurice Bourges, which makes M. Vivier something less than a demi - god, and extols his qualifications, in language, which applied to would be M. Bourges melts Paganini himself, nothing short of hyperbolical."	M. Vivier	NIL	person	family name	Q45110586				
The_Musical_Times_ms_1896-646_7_	Perhaps the most interesting piece was Bemberg’s ‘La Ballade du Désespéré” for yoice“and declamation, beautifully rendered by Miss Gertrude Bevan and Miss Ellen M. Bowick, with the accompaniments well played by the Misses Edith Byford, May H. Mukle, and Mabel E. Colyer.	Mabel E. Colyer	NIL	person	family name	Q37446923	no	yes	yes	
TheMusicalTimes__1876-397.txt_2177	The soloists were Mrs. A. J. Sutton (in place of Madame Brooke, absent through illness), Miss Julia Jones, Miss Taylor, Mr. Bywater, and Mr. W. H. Phillips...	Madame Brooke	NIL	person	family name	Q16860538	no	yes	yes	
the_Musical_Times_ms_1896-635_11_	She also gave a good interpretation of the ‘Hymne au Soleil,” without, however, causing us to forget Madame Collier's fine rendering of this number at the Société de Musique d’Ensemble, and at the Bodiniére	Madame Collier	NIL	person	family name	Q16865687	no	no	yes	
the_Musical_Times_ms_1884-493_4_	"Besides the artists already mentioried we are promised Madame Adelina Patti, Madame Sembrich, Madame Maria Durand, Mdlle. De Vere (her first appearance at the Royai Italian Opera), Madame Scalchi, Mdlle. Reggiani, and Mdille. Tremelli; Signor Nicolini, Signor Marconi, M. Soulacroix, Signor Mierzwinski, Signor Cotogni, M. Devoyod, Signor De Reszké, Signor Monti, and Signor Novara."	Madame Maria Durand	NIL	person	family name	Q3041504				
the_Musical_Times_ms_1896-635_8_	At Bradford, too, there has. been more than ordinary musical activity. On November 22 the second of the Subscription Concerts took place, a miscellaneous programme of much more than average interest being sustained by Miss Esther Palliser, Madame Marian McKenzie, Messrs. Ben Davies and Douglas Powell, with Herr Rosenthal as pianist and Mr. W. H. Squire as violoncellist.	Madame Marian McKenzie	NIL	person	family name	Q28819255	yes	yes	yes	
the_Musical_Times_ms_1896-635_5_	Despite this drawback, the Concert wasa brilliant success, and Dr. Mackenzie’s abilities as a conductor were watmly recognised. Mr. Brodsky, the new leader of the Hallé band, made a most tavourable impression on his first appearance before a Leeds audience by his highly poetic and technically perfect playing of the Mendelssohn Concerto, and Madame Marian McKenzie contributed several songs with good effect.	Madame Marian McKenzie	NIL	person	family name	Q28819255	yes	yes	yes	https://catalogue.nla.gov.au/catalog/566075
the_Musical_Times_ms_1895-634_7_	"he programme contained Mendelssohn’s ‘Hear my Prayer,” the solo part of which was effectively sung by Madame San Carolo; Cowen’s ‘Bridal Chorus, ’’ Stewart’s ‘Bells of St. Michael’s Tower,” and Pinsuti’s ‘Good - night, beloved.”"	Madame San Carolo	NIL	person	family name	NIL				
TheMusicalTimes__1876-397.txt_2395	the direction of Mr. Carmichael, on Thursday evening, January 27th, in aid of the Building Fund for The Soloists were Miss Madeline Roe, Miss Marie Ternan,	Madeline Roe	NIL	person	family name	Q20727054				
TheQuarterlyMusicalMagazineAndReview__1828-037.txt_2235	The great drawback upon her singing was an occasional infirmity in the’ sustaining power, not unlike, though not to the same extent, as the trembling of voice observed in Mademoiselle Bonini.	Mademoiselle Bonini	NIL	person	family name	Q37123326				
TheHarmonicon__1824-016.txt_1256	"(Printed for G. and W. B. Whittaker, dve Maria Lune; and Clementi and Co., Cheapside.)"	Maria Lune	NIL	person	family name	NIL				
TheMusicalTimes__1875-388.txt_1671	The artists engaged were the Misses Agnes Drummond, Josephine Pulham, Marian Haigh, Florence Wydford, and Messrs. Henry Guy, Theodore Distin, E. Stone, and Thurley Beale.	Marian Haigh	NIL	person	family name	Q16870396				
TheMusicalTimes__1876-402.txt_1191	Annie Butterworth, Hannah Edouard, Marietta Phillips, Marie Duval, Mary Jane Williams.	Marie Duval	NIL	person	family name	Q101444689				
TheMusicalTimes__1876-402.txt_1191	Annie Butterworth, Hannah Edouard, Marietta Phillips, Marie Duval, Mary Jane Williams.	Marietta Phillips	NIL	person	family name	Q2793828				
TheMusicalTimes__1876-402.txt_1191	Annie Butterworth, Hannah Edouard, Marietta Phillips, Marie Duval, Mary Jane Williams.	Mary Jane Williams	NIL	person	family name	Q1688722				
the_Musical_Times_ms_1884-493_4_	"Besides the artists already mentioried we are promised Madame Adelina Patti, Madame Sembrich, Madame Maria Durand, Mdlle. De Vere (her first appearance at the Royai Italian Opera), Madame Scalchi, Mdlle. Reggiani, and Mdille. Tremelli; Signor Nicolini, Signor Marconi, M. Soulacroix, Signor Mierzwinski, Signor Cotogni, M. Devoyod, Signor De Reszké, Signor Monti, and Signor Novara."	Mdille . Tremelli	NIL	person	family name	NIL				
the_Musical_Times_ms_1884-493_4_	"Besides the artists already mentioried we are promised Madame Adelina Patti, Madame Sembrich, Madame Maria Durand, Mdlle. De Vere (her first appearance at the Royai Italian Opera), Madame Scalchi, Mdlle. Reggiani, and Mdille. Tremelli; Signor Nicolini, Signor Marconi, M. Soulacroix, Signor Mierzwinski, Signor Cotogni, M. Devoyod, Signor De Reszké, Signor Monti, and Signor Novara."	Mdlle . Reggiani	NIL	person	family name	Q21507757				
TheMusicalTimes__1876-397.txt_2399	Agnes Robinson, Mrs. Carmichael, and Messrs. Hobart, Peake, C. J. Lenton, and C. Wilson.	Messrs. Hobart	NIL	person	family name	Q12791042				
TheMusicalTimes__1876-397.txt_889	A new organ, with four manuals, has been ordered from Messrs. Lewis.	Messrs. Lewis	NIL	person	family name	Q426463				
the_Musical_Times_ms_1896-635_8_	At Bradford, too, there has. been more than ordinary musical activity. On November 22 the second of the Subscription Concerts took place, a miscellaneous programme of much more than average interest being sustained by Miss Esther Palliser, Madame Marian McKenzie, Messrs. Ben Davies and Douglas Powell, with Herr Rosenthal as pianist and Mr. W. H. Squire as violoncellist.	Miss Esther Palliser	NIL	person	family name	Q56244024				
DwightSJournalOfMusic__1875-006.txt_1399	(1 Movement, with Cadenza by Moscheles,) Quintet and 2d Piano Accompaniment,..” Miss Jennie H. Baxter.	Miss Jennie H. Baxter	NIL	person	family name	Q1266539				
TheMusicalTimes__1876-397.txt_2395	the direction of Mr. Carmichael, on Thursday evening, January 27th, in aid of the Building Fund for The Soloists were Miss Madeline Roe, Miss Marie Ternan,	Miss Marie Ternan	NIL	person	family name	Q112595336				
TheMusicalTimes__1876-397.txt_2275	the solo parts being sung by Miss Orton, Miss Wale, and Mr. Horniblow.	Miss Orton	NIL	person	family name	Q16880802				
TheMusicalTimes__1876-397.txt_2275	the solo parts being sung by Miss Orton, Miss Wale, and Mr. Horniblow.	Miss Wale	NIL	person	family name	Q113128055				
TheQuarterlyMusicalMagazineAndReview__1824-022.txt_3659	They are all tinctured with a certain degree of elegance and expressiveness, particularly these by Mr. Clifton, Mr. Crouch, Mr. Eavestaff, and Mr. Banister.	Mr. Banister	NIL	person	family name	Q19757594				
TheMusicalTimes__1875-388.txt_2158	The whole of the performance reflected great credit upon all concerned, and especially upon the organist, Mr. J. Barratt, and the conductor, Mr. Barraclough.	Mr. Barraclough	NIL	person	family name	Q21452432				
TheMusicalTimes__1875-388.txt_2060	a concert was given at Brooke House by the choir of that establishment, assisted by members of the choir of St. Matthew’s Church, under the direction of Mr. Batchelor, the singing master at Brooke House.	Mr. Batchelor	NIL	person	family name	Q4868723				
Dwight's Journal of Music_1857-001_ms_4	We had a lovely Quartet, in G, by Mozart, and Beethoven's Quintet in C, for stringed, instruments, In which Mr. Burxe played the first ‘violin, with his usual sweetness.	Mr. Burxe	NIL	person	family name	NIL				
TheMusicalTimes__1876-397.txt_2395	the direction of Mr. Carmichael, on Thursday evening, January 27th, in aid of the Building Fund for The Soloists were Miss Madeline Roe, Miss Marie Ternan,	Mr. Carmichael	NIL	person	family name	Q16865385				
TheQuarterlyMusicalMagazineAndReview__1824-022.txt_3659	They are all tinctured with a certain degree of elegance and expressiveness, particularly these by Mr. Clifton, Mr. Crouch, Mr. Eavestaff, and Mr. Banister.	Mr. Eavestaff	NIL	person	family name	NIL				
TheMusicalTimes__1875-388.txt_1689	This will be the eighth season of this Society, whick is under the conductorship of Mr. F. N. Lohr.	Mr. F. N. Lohr	NIL	person	family name	Q20997212				
TheHarmonicon__1824-016.txt_1401	Tuts is the first new work by Mr. Griffin that has come under our view since we entered upon our critical office.	Mr. Griffin	NIL	person	family name	Q1546592				
TheMusicalTimes__1876-397.txt_2275	the solo parts being sung by Miss Orton, Miss Wale, and Mr. Horniblow.	Mr. Horniblow	NIL	person	family name	Q65120103				
TheMusicalTimes__1875-388.txt_2158	The whole of the performance reflected great credit upon all concerned, and especially upon the organist, Mr. J. Barratt, and the conductor, Mr. Barraclough.	Mr. J. Barratt	NIL	person	family name	Q16479877				
The_Musical_Times_ms_1896-635_1_	another equally good Concert was given by the Gateshead Choral Society, in the Town Hall, Newcastle, on the 17th ult., when Handel's ‘Israel in Egypt”? was performed, under the direction of Mr. J. M. Preston.	Mr. J. M. Preston	NIL	person	family name	Q2109026				
The_Musical_Times_ms_1905-754_7_	At Ann’s Road Church, Heeley, Sterndale Bennett’s ‘May Queen’ formed one of a series of admirable services: and concerts, and Oxford Street Chapel, another suburban centre of musical activity, was the /oca / e of a particularly good all - round performance of ‘The Creation’ under Mr. Joseph Kaye.	Mr. Joseph Kaye	NIL	person	family name	Q16871304				
TheMusicalTimes__1876-397.txt_2289	, Mr. Joseph Skeaf, the president, occupied the chair, Mr. William Laidlaw and Mr. T. Armstrong vicechairmen.	Mr. Joseph Skeaf	NIL	person	family name	Q108775963				
The_Musical_World_ms_1855-025_4_	When Meyerbeer was last in England (in 1832), he came to preside over the rehearsals of his Robert le Diable, on the occasion of that celebrated opera being produced, by Mr. Monck Mason, at Her Majesty’s Theatre.	Mr. Monck Mason	NIL	person	family name	Q12664711				
the_Musical_Times_ms_1895-634_2_	A very worthy local organisation, the Amateur Orchestral Society, under the able direction of Mr. Ralph Horner, is Schumann’s “Advent Hymn.” again in full activity, rehearsing for its Concert to take place this month.	Mr. Ralph Horner	NIL	person	family name	Q38778777				
TheMusicalTimes__1876-397.txt_2289	, Mr. Joseph Skeaf, the president, occupied the chair, Mr. William Laidlaw and Mr. T. Armstrong vicechairmen.	Mr. T. Armstrong	NIL	person	family name	Q13627772				
TheMusicalTimes__1876-397.txt_2399	Agnes Robinson, Mrs. Carmichael, and Messrs. Hobart, Peake, C. J. Lenton, and C. Wilson.	Mrs. Carmichael	NIL	person	family name	Q16865385				
TheQuarterlyMusicalMagazineAndReview__1828-037.txt_1351	‘Mz. Pezzella,' the pupil of the Padrr Sabbatini, and the son of the celebrated composer of the same name, guided by the best principles drawn from the sources of literature and art, combines with an immense knowledge of mathematics, profound study in the theory of music.	Mz . Pezzella	NIL	person	family name	Q37528122				
TheQuarterlyMusicalMagazineAndReview__1826-029.txt_122	A Word or Two on the Flute, by N. W. James. creececess 53 VIII.	N. W. James	NIL	person	family name	Q12188082				
TheQuarterlyMusicalMagazineAndReview__1826-029.txt_539	Bolero for One or Two Voices, composed, with -an Accompani‘ment for the Spanish Guitar, by P. Verini 3.	P. Verini	NIL	person	family name	Q60169151				
Dwight's Journal of Music_1858-11_BIS_ms_2	"then, instead of stepping forw: urd as a reformer, he ought, as a true disciple of honored and to effect nothing but what Gluck and Mozart; Cimarosa and Pacsicllé, Méhul and Boieldieu, Chert ahint and Spontini, Beethoven and= Weber, Spohr.and Weigl, Meyerbeer and Lortzing, also tried to effect, and which they succeeded more or less in doing. metadata={sent_text:then instead of stepping forw: urd as a reformer he ought as a true disciple of honored and to effect nothing but what Gluck and Mozart; Cimarosa and Pacsicllé Méhul and Boieldieu Chert ahint and Spontini Beethoven and: ""Weber Spohr.and Weigl Meyerbeer and Lortzing also tried to effect and which they succeeded more or less in doing.""}"	Pacsicllé	NIL	person	family name	NIL				
TheMusicalTimes__1876-397.txt_2399	Agnes Robinson, Mrs. Carmichael, and Messrs. Hobart, Peake, C. J. Lenton, and C. Wilson.	Peake	NIL	person	family name	Q26248376				
TheQuarterlyMusicalMagazineAndReview__1824-022.txt_2537	* Sento oh Dio” — Madame Ronzi de Begnis, Miss Stephens, Signor Garcia, Signor de Begnis, and Mr. oo Phillips	Phillips	NIL	person	family name	Q2793828				
TheHarmonicon__1832-012.txt_37	Thornhill drew ail their portraits in pencil, and Prior wrote humorous verses under each.	Prior	NIL	person	family name	Q12799535				
TheMusicalWorld__1843-036.txt_756	Translated by John Bishop, and dedicated to the Author's friend, Professor Taylor.	Professor Taylor	NIL	person	family name	Q15080511				
TheQuarterlyMusicalMagazineAndReview__1824-022.txt_1341	:: 7 Retzel Antoine was born at Brunswick, in 1794, where his father occupied.	Retzel Antoine	NIL	person	family name	Q25937680				
The Musical Times_1849-066_ms_2	As grace they sung a “Sanctus,” by Orlando Gibbons, upon which the Rev. Conductor made some interesting remarks, and on the excellence of the older English Church Music, congratulating his auditors on the brighter prospects for solid music, man. arising from the production of convenient and cheap copies sting In Inconsistent contrast to the other Psalms at / of the excellent music which had so long lain dormant in Morning Prayer.	Rev. Conductor	NIL	person	family name	Q2594455				
TheMusicalTimes__1876-402.txt_1996	letter of Richard Clarke to the Worshipful Company of Merchant Taylors, dedicating his work, entitled	Richard Clarke	NIL	person	family name	Q1095787				
TheMusicalTimes__1876-397.txt_744	3- SEVEN VOCAL DUETS, by Bellini, S. Glover, Macfarren, Donizetti, & c..	S. Glover	NIL	person	family name	Q431274				
The Harmonicon_1827-002_ms_3	After this, we had: Les Néces de Gamache, a comic opera, in three acts, by Mercadante, translated and arranged by Messrs. Sauvage and Dupin, and adapted to the stage by M. Guénée: we suppose it would be unpardonable to omit any of these important particulars, as the authors always show such marked anxiety te bring them befere the world.	Sauvage	NIL	person	family name	Q7427629				
TheMusicalWorld__1844-006.txt_54	— though it was excellently well performed by Phillips, Hill, and Severn.	Severn	NIL	person	family name	Q37151795				
the_Musical_Times_ms_1884-493_4_	"Besides the artists already mentioried we are promised Madame Adelina Patti, Madame Sembrich, Madame Maria Durand, Mdlle. De Vere (her first appearance at the Royai Italian Opera), Madame Scalchi, Mdlle. Reggiani, and Mdille. Tremelli; Signor Nicolini, Signor Marconi, M. Soulacroix, Signor Mierzwinski, Signor Cotogni, M. Devoyod, Signor De Reszké, Signor Monti, and Signor Novara."	Signor De Reszké	NIL	person	family name	Q65540095				
TheQuarterlyMusicalMagazineAndReview__1824-022.txt_2537	* Sento oh Dio” — Madame Ronzi de Begnis, Miss Stephens, Signor Garcia, Signor de Begnis, and Mr. oo Phillips	Signor Garcia	NIL	person	family name	Q980636				
the_Musical_Times_ms_1884-493_4_	"Besides the artists already mentioried we are promised Madame Adelina Patti, Madame Sembrich, Madame Maria Durand, Mdlle. De Vere (her first appearance at the Royai Italian Opera), Madame Scalchi, Mdlle. Reggiani, and Mdille. Tremelli; Signor Nicolini, Signor Marconi, M. Soulacroix, Signor Mierzwinski, Signor Cotogni, M. Devoyod, Signor De Reszké, Signor Monti, and Signor Novara."	Signor Monti	NIL	person	family name	Q16877367				
the_Musical_Times_ms_1884-493_4_	"Besides the artists already mentioried we are promised Madame Adelina Patti, Madame Sembrich, Madame Maria Durand, Mdlle. De Vere (her first appearance at the Royai Italian Opera), Madame Scalchi, Mdlle. Reggiani, and Mdille. Tremelli; Signor Nicolini, Signor Marconi, M. Soulacroix, Signor Mierzwinski, Signor Cotogni, M. Devoyod, Signor De Reszké, Signor Monti, and Signor Novara."	Signor Novara	NIL	person	family name	Q37501354				
TheQuarterlyMusicalMagazineAndReview__1828-037.txt_3898	, the fugitives got to Havre, where Sir Sidney was put on board an English vessel.	Sir Sidney	NIL	person	family name	Q13583278				
TheQuarterlyMusicalMagazineAndReview__1828-037.txt_1149	- Jodran,. a distinguished tenor, possesses, like Soretti (who sings at the church of Santa Maria Maggiore), a superb voice.	Soretti	NIL	person	family name	NIL				
TheMusicalWorld__1844-006.txt_175	“Scenes of horror, ’’ where Storge is terrified at the future.	Storge	NIL	person	family name	Q116693325				
TheQuarterlyMusicalMagazineAndReview__1825-025.txt_554	A Selection of French Melodies, with Symphonies and Accome ‘paniments, by W. Eavestaff 5	W. Eavestaff	NIL	person	family name	NIL				
TheMusicalTimes__1873-366.txt_809	| tains a new two - manual Organ by Walker, of London.	Walker	NIL	person	family name	Q1158605				
TheMusicalTimes__1873-366.txt_2224	Walter j. kiey, Conductor of the Railway Clearing House Musical Society+. — —Mr.	Walter j. kiey	NIL	person	family name	NIL				
TheMusicalWorld__1843-038.txt_67	"The vocalists were the Misses C. Novello, Rainforth, and Mrs. Alfred Shaw; Messrs. Braham, Phillips, Bennett, Walton, and J. Isherwood."	Walton	NIL	person	family name	Q2547568				
TheQuarterlyMusicalMagazineAndReview__1824-022.txt_1379	Weisse, in 1788, was bassoonist of the Chapel Royal of Prussia, at Berlin.	Weisse	NIL	person	family name	Q47514936				
TheQuarterlyMusicalMagazineAndReview__1824-022.txt_1383	Zahn was a native of Rotenbourg sur le Tauber, in Franconia.	Zahn	NIL	person	family name	Q21501981				