document_id	sentence	named entity mention 	named entity QID	named entity type	property	property value QID	property value label
TheQuarterlyMusicalMagazineAndReview__1825-025.txt_1732	Gavinies published three books of sonatas, and several concertos, which are very highly esteemed by connoisseurs.	Gavinies	Q490205	person	country of citizenship	Q142	France
TheHarmonicon__1832-012.txt_996	, I believe Have you ever remonstrated or. petitioned the Lord Chamberlain upon the subject?	Lord Chamberlain	Q541755	person	country of citizenship	Q174193	United Kingdom of Great Britain and Ireland
TheMusicalTimes__1875-388.txt_2262	Mr. Liddle officiated as leader of the band, Mr. C. Hancock presided at the harmonium, and Sir George Elvey conducted.	Mr. C. Hancock	Q16030597	person	country of citizenship	Q174193	United Kingdom of Great Britain and Ireland
TheMusicalTimes__1875-388.txt_2262	Mr. Liddle officiated as leader of the band, Mr. C. Hancock presided at the harmonium, and Sir George Elvey conducted.	Sir George Elvey	Q5541104	person	country of citizenship	Q174193	United Kingdom of Great Britain and Ireland
TheHarmonicon__1824-016.txt_50	Mr. Viotti had some share in the management of the King’s Theatre.	Mr. Viotti	Q313188	person	country of citizenship	Q165154	Kingdom of Sardinia
TheMusicalWorld__1843-038.txt_147	of Rameau was represented in 1735, it was a balletopera Les Indes galantes.	Rameau	Q1145	person	country of citizenship	Q70972	Kingdom of France
TheHarmonicon__1832-012.txt_4	Benzamin Rogenrs, son of Peter Rogers of St. George's Chapel, Windsor, was born in that town, and after being a chorister, became a lay - clerk, or singing - man, of the choir of which his father was a member.	Benzamin Rogenrs	Q18546476	person	country of citizenship	Q179876	Kingdom of England
TheMusicalTimes__1876-402.txt_2227	The programme contained selections from the works of Bach, Handel, Mendelssohn, Cherubini, and Lefébure - Wély.	Bach	Q1339	person	country of citizenship	"Q12548;Q696651"	"Holy Roman Empire; Saxe-Eisenach"
TheMusicalTimes__1876-402.txt_2227	The programme contained selections from the works of Bach, Handel, Mendelssohn, Cherubini, and Lefébure - Wély.	Handel	Q7302	person	country of citizenship	"Q12548;Q157367;Q161885"	"Holy Roman Empire; Brandenburg-Prussia; Kingdom of Great Britain"
TheMusicalTimes__1876-402.txt_2227	The programme contained selections from the works of Bach, Handel, Mendelssohn, Cherubini, and Lefébure - Wély.	Mendelssohn	Q46096	person	country of citizenship	"Q1055;Q153015"	"Hamburg; Kingdom of Saxony"
TheMusicalTimes__1876-402.txt_2227	The programme contained selections from the works of Bach, Handel, Mendelssohn, Cherubini, and Lefébure - Wély.	Cherubini	Q20721	person	country of citizenship	"Q142;Q145;Q154849"	"France; United Kingdom; Grand Duchy of Tuscany"
TheMusicalTimes__1876-402.txt_2227	The programme contained selections from the works of Bach, Handel, Mendelssohn, Cherubini, and Lefébure - Wély.	Lefébure - Wély	Q546919	person	country of citizenship	Q142	France
TheQuarterlyMusicalMagazineAndReview__1824-022.txt_3748	Mr. Mocre is the adaptor of words to this composition, which is a tirana, arranged by Mr. Bishop.	Mr. Mocre	Q315346	person	country of citizenship	"Q161885;Q174193"	"Kingdom of Great Britain; United Kingdom of Great Britain and Ireland"
TheQuarterlyMusicalMagazineAndReview__1824-022.txt_3748	Mr. Mocre is the adaptor of words to this composition, which is a tirana, arranged by Mr. Bishop.	Mr. Bishop	Q1200639	person	country of citizenship	"Q161885;Q174193"	"Kingdom of Great Britain; United Kingdom of Great Britain and Ireland"
TheMusicalTimes__1876-402.txt_1237	F. J. Amor, H. Lazarus, Walter Pettit, F. Ralph, P. Sainton, J. Thomas, A. White, and the Principal.	H. Lazarus	Q5724751	person	country of citizenship	Q174193	United Kingdom of Great Britain and Ireland
TheMusicalTimes__1876-402.txt_1237	F. J. Amor, H. Lazarus, Walter Pettit, F. Ralph, P. Sainton, J. Thomas, A. White, and the Principal.	J. Thomas	Q1701921	person	country of citizenship	Q174193	United Kingdom of Great Britain and Ireland
TheMusicalTimes__1876-402.txt_2212	Batiste’s Andante in G, an Offertoire by Lefébure - Wély, 2 Fugue by Mendelssohn, and Gounod’s	Batiste	Q274231	person	country of citizenship	Q142	France
TheMusicalTimes__1876-402.txt_2212	Batiste’s Andante in G, an Offertoire by Lefébure - Wély, 2 Fugue by Mendelssohn, and Gounod’s	Gounod	Q180278	person	country of citizenship	Q142	France
TheHarmonicon__1833-005.txt_1306	Under the Direction of the Earl of Cawdor, Wednesday, April 24, 1833.	Earl of Cawdor	Q6224952	person	country of citizenship	"Q161885;Q174193"	"Kingdom of Great Britain; United Kingdom of Great Britain and Ireland"
TheHarmonicon__1833-005.txt_274	Of the publication of Volume II. of Dr. Burney’s great work we have the following account:	Dr. Burney	Q547002	person	country of citizenship	Q174193	United Kingdom of Great Britain and Ireland
TheHarmonicon__1824-016.txt_3646	On the same occasion, a quintett and chorus from Jerusalem delivered, an oratorio by M. Eberwein, which is still in MS. was received with much applause.	M. Eberwein	Q215521	person	country of citizenship	Q155570	Saxe-Weimar-Eisenach
TheMusicalTimes__1875-388.txt_580	The Music adapted from SPINDLER’s HUSARENRITT by Louis Dien1.	Louis Dien1	Q19900926	person	country of citizenship	Q142	France
DwightSJournalOfMusic__1873-016.txt_337	Some think they detect already in Weber's “Preciosa” and	Weber	Q154812	person	country of citizenship	Q527527	Prince-Bishopric of Lübeck
TheHarmonicon__1824-016.txt_1362	Oakley, Esq., of Tavistock Place, and the late James Perry Esq.,. of the Morning Chronicle.	James Perry	Q15047460	person	country of citizenship	"Q161885;Q174193"	"Kingdom of Great Britain; United Kingdom of Great Britain and Ireland"
TheQuarterlyMusicalMagazineAndReview__1828-037.txt_1289	that many composers who lose themselves in the clouds of mannerism and affectation, would imitate thewisdom of Sirletti, Asioli, and Pollini —	Sirletti	Q102283903	person	country of citizenship		
TheQuarterlyMusicalMagazineAndReview__1828-037.txt_1289	that many composers who lose themselves in the clouds of mannerism and affectation, would imitate thewisdom of Sirletti, Asioli, and Pollini —	Asioli	Q892563	person	country of citizenship		
TheQuarterlyMusicalMagazineAndReview__1828-037.txt_1289	that many composers who lose themselves in the clouds of mannerism and affectation, would imitate thewisdom of Sirletti, Asioli, and Pollini —	Pollini	Q1351579	person	country of citizenship	"Q12548;Q131964"	"Holy Roman Empire; Austrian Empire"
TheQuarterlyMusicalMagazineAndReview__1826-029.txt_43	"Second Concerto and Di Tanti, 294 Kiallmark, his Le pas de Polichinelle, 1145, Are ye'angry, 238;"	Kiallmark	Q18671297	person	country of citizenship	"Q161885;Q174193"	"Kingdom of Great Britain; United Kingdom of Great Britain and Ireland"
TheQuarterlyMusicalMagazineAndReview__1828-037.txt_1246	This enthusiastic composer, rich in talent, of the school of Bartolomeo Felici, wrote in the purest style.	Bartolomeo Felici	Q20757883	person	country of citizenship		
TheQuarterlyMusicalMagazineAndReview__1828-037.txt_255	"Piano Forte ed Arpa da L. Cherubini, » Almen se non possio, Canzonetta; Poetry by Metastasio; Music by"	Metastasio	Q29473	person	country of citizenship		
TheQuarterlyMusicalMagazineAndReview__1828-037.txt_2042	Here examples are given of the psalms of Marot and some of the earliest psalmists, whose compositions were even then considered as impudent innovations.	Marot	Q108926	person	country of citizenship	Q142	France
TheQuarterlyMusicalMagazineAndReview__1826-029.txt_1274	This will serve to give some idea of the extensive field entered upon by Martini, and the diffuseness of that part which is completed.	Martini	Q283651	person	country of citizenship		
TheHarmonicon__1828-001.txt_1842	the Bacchanalian Song from Spontini’s Danaides, and several other pieces too numerous to particularize.	Spontini	Q168485	person	country of citizenship	"Q27306;Q71084;Q170174"	"Kingdom of Prussia; First French Empire; Papal States"
TheMusicalWorld__1844-006.txt_405	Vienna, Jan. 10. _ Donizetti has arrived in this city in perfect health.	Donizetti	Q101698	person	country of citizenship	Q209857	Kingdom of Lombardy–Venetia
TheQuarterlyMusicalMagazineAndReview__1824-022.txt_1692	Nevertheless, to be the rival of Carissimi he must have possessed considerable talent, both as a musician and a composer.	Carissimi	Q312686	person	country of citizenship	Q170174	Papal States
TheQuarterlyMusicalMagazineAndReview__1826-029.txt_1062	Since this note was written, a strong confirmation has been given to my opinion by a perusal of the History of the East Indies, from the French of L’Abbe Guyon.	L’Abbe Guyon	Q2976789	person	country of citizenship	Q142	France
TheMusicalWorld__1844-006.txt_932	Her Majesty and Prince Albert took a part in ‘Die Elfen Walzer.	Prince Albert	Q152245	person	country of citizenship	Q174193	United Kingdom of Great Britain and Ireland
TheMusicalWorld__1843-036.txt_391	Nor let us omit the performance of Grisias the Lady Norina in Pasquale, which was one of the most admirable specimens of comic talent ever seen on any stage.	Grisias	Q287344	person	country of citizenship	Q172579	Kingdom of Italy
TheQuarterlyMusicalMagazineAndReview__1825-025.txt_1373	Sabadini also composed oratorios, the best of which was “La Divina Sapienza.	Sabadini	Q3638803	person	country of citizenship	Q4948	Republic of Venice
TheMusicalTimes__1873-366.txt_1521	The chair was occupied en the occasion by Sir Thomas Gladstone, Bart.	Sir Thomas Gladstone	Q7529140	person	country of citizenship	Q174193	United Kingdom of Great Britain and Ireland
TheMusicalTimes__1876-402.txt_2623	’s 24th Psalm, adapted to the English version, by W. T. Freemantle (and revised by the late Dr. S. S. Wesley).	W. T. Freemantle	Q8019310	person	country of citizenship	"Q145;Q174193"	"United Kingdom; United Kingdom of Great Britain and Ireland"
TheMusicalTimes__1876-402.txt_2623	’s 24th Psalm, adapted to the English version, by W. T. Freemantle (and revised by the late Dr. S. S. Wesley).	Dr. S. S. Wesley	Q746420	person	country of citizenship	Q174193	United Kingdom of Great Britain and Ireland
TheMusicalTimes__1876-402.txt_1166	, Arthur Sullivan, Mus. D., Cantab., the Conductor, and the Principal — Eaton Faning.	Arthur Sullivan	Q212692	person	country of citizenship	Q174193	United Kingdom of Great Britain and Ireland
TheMusicalTimes__1876-402.txt_1166	, Arthur Sullivan, Mus. D., Cantab., the Conductor, and the Principal — Eaton Faning.	Eaton Faning	Q5331349	person	country of citizenship	Q145	United Kingdom
TheQuarterlyMusicalMagazineAndReview__1828-037.txt_2268	‘Carron side,” an opera by Signor Liverati, was produced with success.	Signor Liverati	Q3767573	person	country of citizenship		
TheQuarterlyMusicalMagazineAndReview__1825-025.txt_1821	For ten years Jarnowick was in great favour with the public.	Jarnowick	Q1526160	person	country of citizenship		
TheQuarterlyMusicalMagazineAndReview__1826-029.txt_2209	Mr. Kalkbrenner’s inelange displays great taste, both in the selection and treatment. of his subjects.	Mr. Kalkbrenner	Q170270	person	country of citizenship	Q12548	Holy Roman Empire
TheQuarterlyMusicalMagazineAndReview__1828-037.txt_208	“Qui est Rex Gloriosus,” Canon four in two, composed and dedicated to Thomas Attwood, Esq.	Thomas Attwood	Q2422110	person	country of citizenship	"Q161885;Q174193"	"Kingdom of Great Britain; United Kingdom of Great Britain and Ireland"
TheQuarterlyMusicalMagazineAndReview__1826-029.txt_3161	There are few persons in this country, we apprehend, who are not now aware of the splendid donation made by the late Viscount Fitzwilliam to the University of Cambridge.	Viscount Fitzwilliam	Q7325692	person	country of citizenship	Q174193	United Kingdom of Great Britain and Ireland
TheMusicalWorld__1844-006.txt_464	The vocal music was scarcely so good as usual — with the exception of the scena of Miss Rainforth.	Miss Rainforth	Q17355767	person	country of citizenship		
TheMusicalWorld__1844-006.txt_48	We can not speak too highly of the manner in which this magnificent burst of grandeur was rendered, by Mr. Sterndale Bennett and his able assistants,	Mr. Sterndale Bennett	Q201164	person	country of citizenship	Q174193	United Kingdom of Great Britain and Ireland
TheQuarterlyMusicalMagazineAndReview__1825-025.txt_2506	passage, taken up by the other parts as a round, like Rossini’s	Rossini	Q9726	person	country of citizenship	"Q170174;Q172579"	"Papal States; Kingdom of Italy"
TheMusicalTimes__1876-402.txt_1201	G. Benson, Ettore Fiori, Manuel Garcia, P. Goldberg, A. Randegger, T. A. Wallworth, and the Principal.	Ettore Fiori	Q55912552	person	country of citizenship		
TheMusicalTimes__1876-402.txt_1201	G. Benson, Ettore Fiori, Manuel Garcia, P. Goldberg, A. Randegger, T. A. Wallworth, and the Principal.	Manuel Garcia	Q333183	person	country of citizenship	Q29	Spain
TheMusicalTimes__1876-402.txt_1201	G. Benson, Ettore Fiori, Manuel Garcia, P. Goldberg, A. Randegger, T. A. Wallworth, and the Principal.	A. Randegger	Q4712167	person	country of citizenship	Q172579	Kingdom of Italy
TheHarmonicon__1832-012.txt_37	Thornhill drew ail their portraits in pencil, and Prior wrote humorous verses under each.	Thornhill	Q1681192	person	country of citizenship	Q161885	Kingdom of Great Britain
TheMusicalTimes__1875-388.txt_1671	The artists engaged were the Misses Agnes Drummond, Josephine Pulham, Marian Haigh, Florence Wydford, and Messrs. Henry Guy, Theodore Distin, E. Stone, and Thurley Beale.	Theodore Distin	Q76098551	person	country of citizenship		
TheMusicalWorld__1843-038.txt_419	Mrs. Shaw sang the next piece, No. 17, with more grace and power of vocalization than she had displayed during her visit.	Mrs. Shaw	Q3291051	person	country of citizenship	Q174193	United Kingdom of Great Britain and Ireland
TheMusicalTimes__1876-402.txt_2038	“Lives of the Professors of Gresham College” is a list of musical works in manuscript of Dr. J. Bull, in possession of Dr. Pepusch	Dr. J. Bull	Q511463	person	country of citizenship	Q179876	Kingdom of England
TheMusicalTimes__1876-402.txt_2038	“Lives of the Professors of Gresham College” is a list of musical works in manuscript of Dr. J. Bull, in possession of Dr. Pepusch	Dr. Pepusch	Q371825	person	country of citizenship	Q183	Germany
TheQuarterlyMusicalMagazineAndReview__1828-037.txt_387	Air Suisse, with an Introduction and Variations for the Piano Forte, composed by H. Herz.	H. Herz	Q572547	person	country of citizenship	"Q142;Q12548"	"France; Holy Roman Empire"
TheQuarterlyMusicalMagazineAndReview__1824-022.txt_3868	Dr. Anslem Bayly, Sub - Dean of this Majesty’s Chapels Royal.	Dr. Anslem Bayly	Q4770596	person	country of citizenship		
TheQuarterlyMusicalMagazineAndReview__1825-025.txt_1912	Charles Phillippe Lafont, a very distinguished violinist, began to learn the violin with his mother, who was the sister of Berthaume, when yet very young.	Charles Phillippe Lafont	Q517502	person	country of citizenship	Q142	France
TheHarmonicon__1832-012.txt_1860	Among the pieces were Beethoven’s grand symphony in bp, and the overtures to Don Juan and Reissiger’s Felsenmithle, all of which were exquisitely played.	Beethoven	Q255	person	country of citizenship	"Q131964;Q7904317"	"Austrian Empire; Electorate of Cologne"
TheHarmonicon__1832-012.txt_1860	Among the pieces were Beethoven’s grand symphony in bp, and the overtures to Don Juan and Reissiger’s Felsenmithle, all of which were exquisitely played.	Reissiger	Q213894	person	country of citizenship	Q153015	Kingdom of Saxony
TheQuarterlyMusicalMagazineAndReview__1825-025.txt_2308	Venice, besides the advantage of having orators destined to educate the singers, had Gasparini and Lotti as directors of the schools..	Gasparini	Q446955	person	country of citizenship		
TheQuarterlyMusicalMagazineAndReview__1825-025.txt_2308	Venice, besides the advantage of having orators destined to educate the singers, had Gasparini and Lotti as directors of the schools..	Lotti	Q168345	person	country of citizenship	Q4948	Republic of Venice
TheQuarterlyMusicalMagazineAndReview__1826-029.txt_3512	the subject of the Air from a French Melody, composed by Pio Glanchettini.	Pio Glanchettini	Q18819786	person	country of citizenship		
TheQuarterlyMusicalMagazineAndReview__1825-025.txt_1788	w ho were accustomed to meet there frequently, such as Pagin, Gavinies, Pugnani, Gi- ardini, Van Malder, Dominico Ferrari, & c.	Pagin	Q516496	person	country of citizenship	Q142	France
TheQuarterlyMusicalMagazineAndReview__1825-025.txt_1788	w ho were accustomed to meet there frequently, such as Pagin, Gavinies, Pugnani, Gi- ardini, Van Malder, Dominico Ferrari, & c.	Pugnani	Q560926	person	country of citizenship		
TheQuarterlyMusicalMagazineAndReview__1825-025.txt_1788	w ho were accustomed to meet there frequently, such as Pagin, Gavinies, Pugnani, Gi- ardini, Van Malder, Dominico Ferrari, & c.	Van Malder	Q509130	person	country of citizenship	Q700283	Austrian Netherlands
TheQuarterlyMusicalMagazineAndReview__1825-025.txt_1788	w ho were accustomed to meet there frequently, such as Pagin, Gavinies, Pugnani, Gi- ardini, Van Malder, Dominico Ferrari, & c.	Dominico Ferrari	Q1237139	person	country of citizenship	Q153136	Habsburg monarchy
TheHarmonicon__1828-001.txt_447	I am marvellously curious to see the violin quartet written by Rossini for Ricordi, the music - dealer, of Milan.	Ricordi	Q1046463	person	country of citizenship		
DwightSJournalOfMusic__1873-016.txt_742	When Garibaldi raised the standard of revolt at Marsala, a number of volunteers.	Garibaldi	Q539	person	country of citizenship	"Q142;Q419;Q162192;Q172579;Q2577303"	"France; Peru; Riograndense Republic; Kingdom of Italy; Kingdom of Sardinia"
TheQuarterlyMusicalMagazineAndReview__1828-037.txt_3630	the paucity of the English female singers — Miss Stephens and.	Miss Stephens	Q5052928	person	country of citizenship	"Q161885;Q174193"	"Kingdom of Great Britain; United Kingdom of Great Britain and Ireland"
TheMusicalTimes__1876-402.txt_22	For further particulars apply to Mr. H. Keeton, “Registered for transmission abroad.	Mr. H. Keeton	Q1438256	person	country of citizenship	Q174193	United Kingdom of Great Britain and Ireland
TheQuarterlyMusicalMagazineAndReview__1824-022.txt_3659	They are all tinctured with a certain degree of elegance and expressiveness, particularly these by Mr. Clifton, Mr. Crouch, Mr. Eavestaff, and Mr. Banister.	Mr. Clifton	Q6224338	person	country of citizenship	"Q161885;Q174193"	"Kingdom of Great Britain; United Kingdom of Great Britain and Ireland"
TheHarmonicon__1824-016.txt_1800	Since Barbaja seceded from the theatre, San Carlo has thrice been in danger of being burnt down.	Barbaja	Q908235	person	country of citizenship		
TheQuarterlyMusicalMagazineAndReview__1825-025.txt_294	Variations, and an Introductory Prelude on some Passages from: the Incantation Scene, by N.C. Bochsa 4.	N.C. Bochsa	Q251397	person	country of citizenship	Q142	France
TheHarmonicon__1828-001.txt_1889	Signor Sabastiani, first clarinet at the theatre St. Carlo at Naples, is arrived in Paris.	Signor Sabastiani	Q109802688	person	country of citizenship	Q173065	Kingdom of Naples
TheMusicalWorld__1843-036.txt_211	The predominant feature of Spohr’s music is a voluptuous monotony — a luxury indeed, but a vicious one.	Spohr	Q57226	person	country of citizenship	Q326029	Duchy of Brunswick
TheHarmonicon__1824-016.txt_1988	but, after all, why not have given a symphony or overture of Haydn or Mozart?	Haydn	Q7349	person	country of citizenship	Q12548	Holy Roman Empire
TheHarmonicon__1824-016.txt_1988	but, after all, why not have given a symphony or overture of Haydn or Mozart?	Mozart	Q254	person	country of citizenship	Q701614	Prince-Archbishopric of Salzburg
DwightSJournalOfMusic__1868-012.txt_745	Adelina Patti — for that will continue to be her professional.	Adelina Patti	Q234166	person	country of citizenship	"Q29;Q172579"	"Spain; Kingdom of Italy"
TheMusicalWorld__1843-029.txt_176	These two operas, and also two odes to Anacreon set to the Greek text, are the only fruits of our author's pen in the year 1799.	Anacreon	Q213484	person	country of citizenship		
TheQuarterlyMusicalMagazineAndReview__1828-037.txt_1291	Grazioli (who must not be confounded with the composer of the same name, who died at Venice in 1820). has published several operas and some sacred music.	Grazioli	Q1525873	person	country of citizenship	Q4948	Republic of Venice
TheQuarterlyMusicalMagazineAndReview__1825-025.txt_419	This Edition has been revised, and Passages for the additional Keys arranged for Piano Fortes up to C, by Mr. Moscheles.	Mr. Moscheles	Q159551	person	country of citizenship	"Q12548;Q131964;Q153136"	"Holy Roman Empire; Austrian Empire; Habsburg monarchy"
TheMusicalWorld__1843-029.txt_42	The exquisite drollery of Levassor and John Parry were highly relished.	John Parry	Q3399352	person	country of citizenship	"Q161885;Q174193"	"Kingdom of Great Britain; United Kingdom of Great Britain and Ireland"
TheMusicalTimes__1875-388.txt_2208	The reception of the work was most enthusiastic, Dr. Bridge receiving quite an ovation at the close of the Oratorio.	Dr. Bridge	Q5497415	person	country of citizenship	Q174193	United Kingdom of Great Britain and Ireland
TheHarmonicon__1832-012.txt_1878	The Societa Filodramatica is about to produce Bellini’s opera, I Montecchi e Capuleti.	Bellini	Q170209	person	country of citizenship	Q3932079	Kingdom of Sicily (1734-1816)
TheQuarterlyMusicalMagazineAndReview__1828-037.txt_720	we are moved only by admiration of the talents of Madame Pasta or Mademoiselle Sontag, displayed in executing the innumerable flights, arpeggios, and cadenzas which are allotted to them.	Madame Pasta	Q240963	person	country of citizenship	"Q172579;Q209857;Q213353;Q223936;Q723118"	"Kingdom of Italy; Kingdom of Lombardy–Venetia; Cisalpine Republic; Kingdom of Italy; Italian Republic"
TheQuarterlyMusicalMagazineAndReview__1828-037.txt_720	we are moved only by admiration of the talents of Madame Pasta or Mademoiselle Sontag, displayed in executing the innumerable flights, arpeggios, and cadenzas which are allotted to them.	Mademoiselle Sontag	Q64098	person	country of citizenship	Q27306	Kingdom of Prussia
TheHarmonicon__1828-001.txt_1127	Ramsay was an acute observer of the character and manners of the Scottish peasantry, and has produced many pleasing and humorous sketches of the habits and sentiments peculiar to that race.	Ramsay	Q654775	person	country of citizenship	Q22	Scotland
TheMusicalTimes__1873-366.txt_1370	To Mr. Willert Beale, the founder of these meetings, 8.	Mr. Willert Beale	Q7795125	person	country of citizenship	Q174193	United Kingdom of Great Britain and Ireland
DwightSJournalOfMusic__1873-016.txt_390	Franz Liszt played this piece once with such mighty power and passion, such eloquence and truth, as I never heard before, probably never shall hear again.	Franz Liszt	Q41309	person	country of citizenship	"Q28513;Q131964;Q171150"	"Austria-Hungary; Austrian Empire; Kingdom of Hungary"
TheMusicalTimes__1876-397.txt_744	3- SEVEN VOCAL DUETS, by Bellini, S. Glover, Macfarren, Donizetti, & c..	Macfarren	Q1374708	person	country of citizenship	Q174193	United Kingdom of Great Britain and Ireland
TheMusicalTimes__1876-397.txt_2289	, Mr. Joseph Skeaf, the president, occupied the chair, Mr. William Laidlaw and Mr. T. Armstrong vicechairmen.	Mr. William Laidlaw	Q8014247	person	country of citizenship		
TheQuarterlyMusicalMagazineAndReview__1825-025.txt_1896	In 1760 he sent him to Paris, and he there took lessons of Capron, and at the same time studied composition under Gossec.	Capron	Q120697	person	country of citizenship	Q142	France
TheQuarterlyMusicalMagazineAndReview__1825-025.txt_1896	In 1760 he sent him to Paris, and he there took lessons of Capron, and at the same time studied composition under Gossec.	Gossec	Q313667	person	country of citizenship	Q142	France
TheQuarterlyMusicalMagazineAndReview__1828-037.txt_1189	The church of Santa Maria Maggiore, the third in rank, had as chapel master the Maestro del Fante, who has now been dead some years.	Maestro del Fante	Q18416097	person	country of citizenship		
TheMusicalWorld__1843-038.txt_67	"The vocalists were the Misses C. Novello, Rainforth, and Mrs. Alfred Shaw; Messrs. Braham, Phillips, Bennett, Walton, and J. Isherwood."	C. Novello	Q4322567	person	country of citizenship	Q174193	United Kingdom of Great Britain and Ireland
TheMusicalWorld__1843-038.txt_67	"The vocalists were the Misses C. Novello, Rainforth, and Mrs. Alfred Shaw; Messrs. Braham, Phillips, Bennett, Walton, and J. Isherwood."	Braham	Q1699393	person	country of citizenship	Q174193	United Kingdom of Great Britain and Ireland
TheQuarterlyMusicalMagazineAndReview__1825-025.txt_1684	Francoeur was born at Paris, in 1698, and is mentioned as having belonged.	Francoeur	Q1396905	person	country of citizenship	Q142	France
DwightSJournalOfMusic__1875-006.txt_919	Now let our readers take the finale of any opera by Mozart, of the Fidelio by Beethoven, and compare it side by side with the finale by Wagner.	Wagner	Q1511	person	country of citizenship	Q153015	Kingdom of Saxony
TheQuarterlyMusicalMagazineAndReview__1825-025.txt_1686	"Jean Pierre Guignon was born at Turin, in 1702; but as he came to France whilst very young, and established himself there, we shall consider him as a French violinist."	Jean Pierre Guignon	Q337573	person	country of citizenship	Q70972	Kingdom of France
TheHarmonicon__1833-005.txt_173	This, I understand, was the method pursued by _ M. Chelard, the. maestro at the German opera last season at the King’s Theatre.	M. Chelard	Q924686	person	country of citizenship	Q142	France
TheQuarterlyMusicalMagazineAndReview__1826-029.txt_1733	De Begnis still occupies a place in the King’s Theatre.	De Begnis	Q3770409	person	country of citizenship		
TheMusicalTimes__1876-397.txt_1327	WE regret to have to announce the sudden death, from heart disease, of Dr. H. J. Gauntlett, on the a2ist ult.	Dr. H. J. Gauntlett	Q11925412	person	country of citizenship	Q174193	United Kingdom of Great Britain and Ireland
TheHarmonicon__1833-005.txt_1071	"Duet, ‘The streams that wind amid the hills,’ the Poetry by G. Darley, Esq.; the Music composed by Fanny Steers."	G. Darley	Q1450149	person	country of citizenship	Q27	Ireland
TheHarmonicon__1833-005.txt_1071	"Duet, ‘The streams that wind amid the hills,’ the Poetry by G. Darley, Esq.; the Music composed by Fanny Steers."	Fanny Steers	Q104234927	person	country of citizenship		
TheHarmonicon__1828-001.txt_1478	, Paer’s beautiful little duet, is better in its original form, than in that which is now given to it.	Paer	Q533022	person	country of citizenship	Q165040	Duchy of Parma and Piacenza
TheHarmonicon__1832-012.txt_126	Lord Bacon, Addison, Dr. Brown, Dugald Stewart, and many others,. are often betrayed into unconscious absurdities respecting musical effects by their ignorance of the science.	Lord Bacon	Q37388	person	country of citizenship	Q179876	Kingdom of England
TheHarmonicon__1832-012.txt_126	Lord Bacon, Addison, Dr. Brown, Dugald Stewart, and many others,. are often betrayed into unconscious absurdities respecting musical effects by their ignorance of the science.	Addison	Q206384	person	country of citizenship	Q21	England
TheHarmonicon__1832-012.txt_126	Lord Bacon, Addison, Dr. Brown, Dugald Stewart, and many others,. are often betrayed into unconscious absurdities respecting musical effects by their ignorance of the science.	Dugald Stewart	Q218254	person	country of citizenship		
TheQuarterlyMusicalMagazineAndReview__1826-029.txt_1038	Sir W. Jones, in his Catalogue of Manuscripts, deposited in the library of the Royal Society, gives us the names of some treatises in the Hindustanee language, which of course have never been translated..	Sir W. Jones	Q273969	person	country of citizenship	"Q21;Q161885"	"England; Kingdom of Great Britain"
TheQuarterlyMusicalMagazineAndReview__1825-025.txt_1806	He quitted Parma, and returned to Tartini, with whom he studied ull the year 1769.	Tartini	Q108555	person	country of citizenship	Q4948	Republic of Venice
TheMusicalTimes__1875-388.txt_2734	, Mrs. Mounsey Bartholomew, J. Barnby, H. Smart, G. A. Macfarren, Brinley Richard, H. S. Irons, Charles Salaman, Alberto Randegger, ].	Mrs. Mounsey Bartholomew	Q4766585	person	country of citizenship	Q174193	United Kingdom of Great Britain and Ireland
TheMusicalTimes__1875-388.txt_2734	, Mrs. Mounsey Bartholomew, J. Barnby, H. Smart, G. A. Macfarren, Brinley Richard, H. S. Irons, Charles Salaman, Alberto Randegger, ].	H. Smart	Q466189	person	country of citizenship	Q174193	United Kingdom of Great Britain and Ireland
TheMusicalTimes__1875-388.txt_2734	, Mrs. Mounsey Bartholomew, J. Barnby, H. Smart, G. A. Macfarren, Brinley Richard, H. S. Irons, Charles Salaman, Alberto Randegger, ].	Brinley Richard	Q4850963	person	country of citizenship	"Q25;Q174193"	"Wales; United Kingdom of Great Britain and Ireland"
TheMusicalTimes__1875-388.txt_2734	, Mrs. Mounsey Bartholomew, J. Barnby, H. Smart, G. A. Macfarren, Brinley Richard, H. S. Irons, Charles Salaman, Alberto Randegger, ].	Charles Salaman	Q2959519	person	country of citizenship	Q174193	United Kingdom of Great Britain and Ireland
TheQuarterlyMusicalMagazineAndReview__1825-025.txt_2356	He was born in Naples, where he studied the rudiments of music under Alessandro Scarlatti and Nicolo Porpora.	Alessandro Scarlatti	Q183087	person	country of citizenship		
TheQuarterlyMusicalMagazineAndReview__1825-025.txt_2356	He was born in Naples, where he studied the rudiments of music under Alessandro Scarlatti and Nicolo Porpora.	Nicolo Porpora	Q312788	person	country of citizenship	Q173065	Kingdom of Naples
TheHarmonicon__1832-012.txt_323	Mr. Linley proposed stating on his. song, that my quartett had been composed first.	Mr. Linley	Q5541748	person	country of citizenship	"Q161885;Q174193"	"Kingdom of Great Britain; United Kingdom of Great Britain and Ireland"
TheQuarterlyMusicalMagazineAndReview__1825-025.txt_2112	Luigi Rossi, Arcangelo Corelli, t with other great Italian compesers and imitators of Lulli at Paris, returned to their country with clearer and more distinct ideas of harmony.	Luigi Rossi	Q472714	person	country of citizenship	Q39	Switzerland
TheQuarterlyMusicalMagazineAndReview__1825-025.txt_2112	Luigi Rossi, Arcangelo Corelli, t with other great Italian compesers and imitators of Lulli at Paris, returned to their country with clearer and more distinct ideas of harmony.	Arcangelo Corelli	Q164475	person	country of citizenship	Q170174	Papal States
TheQuarterlyMusicalMagazineAndReview__1825-025.txt_2112	Luigi Rossi, Arcangelo Corelli, t with other great Italian compesers and imitators of Lulli at Paris, returned to their country with clearer and more distinct ideas of harmony.	Lulli	Q1192	person	country of citizenship	"Q70972;Q154849"	"Kingdom of France; Grand Duchy of Tuscany"
TheMusicalTimes__1876-397.txt_581	A COLLECTION OF ORGAN PIECE, “COMPOSED BY CHARLES JOSEPH FROST.	CHARLES JOSEPH FROST	Q94766323	person	country of citizenship		
TheHarmonicon__1824-016.txt_1821	A new opera has been produced here, entitled Temistocle, from the pen of Paccini.	Paccini	Q357022	person	country of citizenship	Q172579	Kingdom of Italy
TheQuarterlyMusicalMagazineAndReview__1825-025.txt_1645	When given over by his physicians,: the Chevalier de Lorraine came to seehim.	Chevalier de Lorraine	Q916954	person	country of citizenship	Q142	France
DwightSJournalOfMusic__1873-016.txt_305	His fugues are indeed ‘superior to those of Spohr, Schneider, Loewe	Schneider	Q213906	person	country of citizenship	Q153015	Kingdom of Saxony
DwightSJournalOfMusic__1873-016.txt_305	His fugues are indeed ‘superior to those of Spohr, Schneider, Loewe	Loewe	Q158899	person	country of citizenship	Q27306	Kingdom of Prussia
TheQuarterlyMusicalMagazineAndReview__1825-025.txt_2407	"Ferri, Matteucci, and Guadagni, were knighted; Farinelli was presented with the cross of Calatrava, in Spain, where, under his direction and management were revived, in theatrical spectacles, all the magnificence and good taste of ancient Athens."	Ferri	Q804749	person	country of citizenship		
TheQuarterlyMusicalMagazineAndReview__1825-025.txt_2407	"Ferri, Matteucci, and Guadagni, were knighted; Farinelli was presented with the cross of Calatrava, in Spain, where, under his direction and management were revived, in theatrical spectacles, all the magnificence and good taste of ancient Athens."	Guadagni	Q3094278	person	country of citizenship		
TheQuarterlyMusicalMagazineAndReview__1825-025.txt_2407	"Ferri, Matteucci, and Guadagni, were knighted; Farinelli was presented with the cross of Calatrava, in Spain, where, under his direction and management were revived, in theatrical spectacles, all the magnificence and good taste of ancient Athens."	Farinelli	Q223744	person	country of citizenship	"Q170174;Q173065"	"Papal States; Kingdom of Naples"
TheQuarterlyMusicalMagazineAndReview__1828-037.txt_2164	The season began with Madame Caradori and Mademoiselle Brambilla as principals, Signors Curioni, Pellegrini, and Porto. - Mr. A. Sapio also _ appeared, but only it should seem as an occasional assistant.	Madame Caradori	Q16065895	person	country of citizenship	"Q161885;Q174193"	"Kingdom of Great Britain; United Kingdom of Great Britain and Ireland"
TheQuarterlyMusicalMagazineAndReview__1828-037.txt_2164	The season began with Madame Caradori and Mademoiselle Brambilla as principals, Signors Curioni, Pellegrini, and Porto. - Mr. A. Sapio also _ appeared, but only it should seem as an occasional assistant.	Mademoiselle Brambilla	Q3847905	person	country of citizenship	Q172579	Kingdom of Italy
TheQuarterlyMusicalMagazineAndReview__1828-037.txt_2164	The season began with Madame Caradori and Mademoiselle Brambilla as principals, Signors Curioni, Pellegrini, and Porto. - Mr. A. Sapio also _ appeared, but only it should seem as an occasional assistant.	Signors Curioni	Q87346693	person	country of citizenship	Q172579	Kingdom of Italy
TheMusicalWorld__1843-036.txt_362	Who ever dreamed of’ an opera season coming to a close without hearing Rubini?	Rubini	Q941040	person	country of citizenship		
TheHarmonicon__1828-001.txt_28	18 Concerts at the Two Universities 18 On the Major and Minor Semitones, and on the Rev. Mr. Liston’s Organ.	Rev. Mr. Liston	Q5724966	person	country of citizenship		
DwightSJournalOfMusic__1868-012.txt_1398	A pleasing ballad, with fine melody, sung by Adelaide Phillips.	Adelaide Phillips	Q4681758	person	country of citizenship	Q30	United States
TheMusicalTimes__1875-388.txt_1053	Varesi has materially strengthened her position since her début in “Rigoletto” especially as the heroine in	Varesi	Q102075928	person	country of citizenship		
TheQuarterlyMusicalMagazineAndReview__1825-025.txt_1679	Michel Richard Lalande, who married the daughter of Rebel, was also a composer and violinist of some fame..	Michel Richard Lalande	Q312979	person	country of citizenship	Q142	France
TheMusicalTimes__1875-388.txt_1005	The vocalists thus honoured — Miss Edith Wynne, Madame Patey, Mr. Lloyd and Mr. Santley — have every reason to. congratulate themselves upon this.	Miss Edith Wynne	Q7422270	person	country of citizenship	"Q25;Q174193"	"Wales; United Kingdom of Great Britain and Ireland"
TheMusicalTimes__1875-388.txt_1005	The vocalists thus honoured — Miss Edith Wynne, Madame Patey, Mr. Lloyd and Mr. Santley — have every reason to. congratulate themselves upon this.	Madame Patey	Q6153509	person	country of citizenship	Q174193	United Kingdom of Great Britain and Ireland
TheMusicalTimes__1875-388.txt_1005	The vocalists thus honoured — Miss Edith Wynne, Madame Patey, Mr. Lloyd and Mr. Santley — have every reason to. congratulate themselves upon this.	Mr. Lloyd	Q5344187	person	country of citizenship	Q174193	United Kingdom of Great Britain and Ireland
TheMusicalTimes__1875-388.txt_1005	The vocalists thus honoured — Miss Edith Wynne, Madame Patey, Mr. Lloyd and Mr. Santley — have every reason to. congratulate themselves upon this.	Mr. Santley	Q521746	person	country of citizenship	Q174193	United Kingdom of Great Britain and Ireland
TheHarmonicon__1828-001.txt_39	39 Improvements in Music Printing, Account of Mr. Cowper’s Lecture on,.	Mr. Cowper	Q315537	person	country of citizenship	Q161885	Kingdom of Great Britain
TheHarmonicon__1832-012.txt_1587	The lithographed portrait of Sir W. Scott, in the title - page, is the best part of it.	Sir W. Scott	Q79025	person	country of citizenship	"Q145;Q161885"	"United Kingdom; Kingdom of Great Britain"
TheHarmonicon__1824-016.txt_129	In 1728, he ceded his privilege to M. Simard, who appointed M. Mouret the director of the music.	M. Mouret	Q960766	person	country of citizenship	Q142	France
TheQuarterlyMusicalMagazineAndReview__1824-022.txt_2925	We beg to be understood that we do not allude to Dr. Clarke Whitfield, whose respectability forbids the possibility of any such imputation.	Dr. Clarke Whitfield	Q6226247	person	country of citizenship	"Q161885;Q174193"	"Kingdom of Great Britain; United Kingdom of Great Britain and Ireland"
TheQuarterlyMusicalMagazineAndReview__1824-022.txt_1280	Gehring Jean Guillaume became master of the Chapel of Rudolstadt, after the death.of Gebel.	Gebel	Q472371	person	country of citizenship	Q183	Germany
TheMusicalTimes__1876-402.txt_1698	On the eve of going to press we have received intelligence of the death of Mr. T. M. Mudie, one of the pupils originally elected on the foundation of the Royal Academy of Music.	Mr. T. M. Mudie	Q18577092	person	country of citizenship		
TheMusicalWorld__1843-036.txt_785	performed at Her Majestvy’s Theatre, dedicated, by special permission, to Her Royal Highness the Duchess of Cambridge.	Her Royal Highness	Q61328	person	country of citizenship	"Q161215;Q174193"	"Grand Duchy of Mecklenburg-Strelitz; United Kingdom of Great Britain and Ireland"
TheMusicalTimes__1875-388.txt_2737	Baptiste Calkin, Boyton Smith, E. H. Thorne, W. G. Cusins, E. M. Delaborde, E. Silas, John Hullah, E. H. Turpin, Franz Nava, F. E. Gladstone, C. W. Lavington, J. E. Richardson, R. Forsey Brion, and J. Tilleard.	Baptiste Calkin	Q1449465	person	country of citizenship	Q174193	United Kingdom of Great Britain and Ireland
TheMusicalTimes__1875-388.txt_2737	Baptiste Calkin, Boyton Smith, E. H. Thorne, W. G. Cusins, E. M. Delaborde, E. Silas, John Hullah, E. H. Turpin, Franz Nava, F. E. Gladstone, C. W. Lavington, J. E. Richardson, R. Forsey Brion, and J. Tilleard.	Boyton Smith	Q110136517	person	country of citizenship		
TheMusicalTimes__1875-388.txt_2737	Baptiste Calkin, Boyton Smith, E. H. Thorne, W. G. Cusins, E. M. Delaborde, E. Silas, John Hullah, E. H. Turpin, Franz Nava, F. E. Gladstone, C. W. Lavington, J. E. Richardson, R. Forsey Brion, and J. Tilleard.	E. H. Thorne	Q5345615	person	country of citizenship	Q174193	United Kingdom of Great Britain and Ireland
TheMusicalTimes__1875-388.txt_2737	Baptiste Calkin, Boyton Smith, E. H. Thorne, W. G. Cusins, E. M. Delaborde, E. Silas, John Hullah, E. H. Turpin, Franz Nava, F. E. Gladstone, C. W. Lavington, J. E. Richardson, R. Forsey Brion, and J. Tilleard.	W. G. Cusins	Q4208355	person	country of citizenship	Q174193	United Kingdom of Great Britain and Ireland
TheMusicalTimes__1875-388.txt_2737	Baptiste Calkin, Boyton Smith, E. H. Thorne, W. G. Cusins, E. M. Delaborde, E. Silas, John Hullah, E. H. Turpin, Franz Nava, F. E. Gladstone, C. W. Lavington, J. E. Richardson, R. Forsey Brion, and J. Tilleard.	John Hullah	Q6253603	person	country of citizenship	Q174193	United Kingdom of Great Britain and Ireland
TheMusicalTimes__1875-388.txt_2737	Baptiste Calkin, Boyton Smith, E. H. Thorne, W. G. Cusins, E. M. Delaborde, E. Silas, John Hullah, E. H. Turpin, Franz Nava, F. E. Gladstone, C. W. Lavington, J. E. Richardson, R. Forsey Brion, and J. Tilleard.	F. E. Gladstone	Q5480836	person	country of citizenship		
TheQuarterlyMusicalMagazineAndReview__1828-037.txt_1669	Crescentini alone has adopted the method of the conservatory of Peris.	Crescentini	Q552124	person	country of citizenship		
DwightSJournalOfMusic__1868-012.txt_711	He was accompanied by the, French Ambassador, Prince de la Tour d’Auvergne, the Dake of Manchester, Mr. Mure, and other friends.	Prince de la Tour d’Auvergne	Q3132295	person	country of citizenship	Q142	France
DwightSJournalOfMusic__1868-012.txt_711	He was accompanied by the, French Ambassador, Prince de la Tour d’Auvergne, the Dake of Manchester, Mr. Mure, and other friends.	Dake of Manchester	Q860041	person	country of citizenship	Q174193	United Kingdom of Great Britain and Ireland
TheHarmonicon__1828-001.txt_1556	The chairman was supported by Messrs. Clementi, J. B. Cramer, Braham and Moscheles.	Messrs. Clementi	Q193673	person	country of citizenship	Q174193	United Kingdom of Great Britain and Ireland
TheHarmonicon__1828-001.txt_1556	The chairman was supported by Messrs. Clementi, J. B. Cramer, Braham and Moscheles.	J. B. Cramer	Q455212	person	country of citizenship	Q174193	United Kingdom of Great Britain and Ireland
TheHarmonicon__1833-005.txt_1729	The principal new productions, besides Der Templer und die Jiidin, which particularly delighted the Jews, have been Die Fremde (La Straniera), of Bellini, Der Vampyr, of Marschner, and Zampa, of Herold.	Marschner	Q160063	person	country of citizenship	Q12548	Holy Roman Empire
TheHarmonicon__1833-005.txt_1729	The principal new productions, besides Der Templer und die Jiidin, which particularly delighted the Jews, have been Die Fremde (La Straniera), of Bellini, Der Vampyr, of Marschner, and Zampa, of Herold.	Herold	Q362639	person	country of citizenship	Q142	France
TheQuarterlyMusicalMagazineAndReview__1828-037.txt_3478	Mr. De Beriot’s concerto had all his beautiful perfection — so smooth, so sweet, 80 brilliant, and in such exquisite taste.	Mr. De Beriot	Q385217	person	country of citizenship	Q31	Belgium
TheMusicalWorld__1843-029.txt_47	part with his never - failing ability, and M. Tolbeeque led the band.	M. Tolbeeque	Q2871419	person	country of citizenship	Q142	France
TheHarmonicon__1832-012.txt_421	In the reign of Edward I., it again rose to eminence.	Edward I.	Q57798	person	country of citizenship	Q179876	Kingdom of England
TheQuarterlyMusicalMagazineAndReview__1825-025.txt_1526	Mestrino published twelve concertos for his instrument, which contain extremely beautiful solos..	Mestrino	Q1984708	person	country of citizenship		
TheMusicalTimes__1875-388.txt_1017	I can not thank you sufficiently for this splendid testimonial which you and other friends have just presented to me under this hospitable roof by the hands of Lord Dudley.	Lord Dudley	Q8019995	person	country of citizenship		
TheQuarterlyMusicalMagazineAndReview__1825-025.txt_1927	Cupis, the rival of Leclair, was considered as a very superior chamber violinist.	Cupis	Q1684628	person	country of citizenship	Q142	France
TheQuarterlyMusicalMagazineAndReview__1825-025.txt_1927	Cupis, the rival of Leclair, was considered as a very superior chamber violinist.	Leclair	Q348875	person	country of citizenship	Q142	France
DwightSJournalOfMusic__1875-006.txt_394	Anton Stradler, the clarinettist, for whom Mozart wrote his admirable quintet, was not ashamed to take unfair advantage of that generosity.	Anton Stradler	Q78623	person	country of citizenship	Q153136	Habsburg monarchy
TheQuarterlyMusicalMagazineAndReview__1825-025.txt_4028	Dr. Harington was greatly overcome by the scene, and could only exclaim, ‘She is an angel,’ as he left the room.	Dr. Harington	Q18671401	person	country of citizenship	"Q161885;Q174193"	"Kingdom of Great Britain; United Kingdom of Great Britain and Ireland"
DwightSJournalOfMusic__1873-016.txt_1257	A committee of London gentlemen have issued a proposal for the representation of a series of ancient “Italian operas, to be given under the direction of “Signer -Monari	Signer -Monari	Q3680460	person	country of citizenship		
TheQuarterlyMusicalMagazineAndReview__1824-022.txt_1273	Gebauer Francois Réné was born at Veisailles, i in 1775.	Gebauer Francois Réné	Q96558	person	country of citizenship	Q142	France
TheQuarterlyMusicalMagazineAndReview__1825-025.txt_166	Three Grand Sonatas for the Piano F orte, composed by Charles Ambrose eoeesereeeceens ee 104 XVI.	Charles Ambrose	Q5075106	person	country of citizenship	"Q161885;Q174193"	"Kingdom of Great Britain; United Kingdom of Great Britain and Ireland"
TheMusicalTimes__1876-397.txt_1345	"the Duke of Edinburgh publicly announced that there was no intention, in founding this Institution, of interfering with the operations of the Royal Academy of Music; and that many other speakers, including Sir Julius Benedict, expressed their intention of supporting the new school as an ally, and not as a rival, of the older one."	Duke of Edinburgh	Q158143	person	country of citizenship	Q174193	United Kingdom of Great Britain and Ireland
TheMusicalTimes__1876-397.txt_1345	"the Duke of Edinburgh publicly announced that there was no intention, in founding this Institution, of interfering with the operations of the Royal Academy of Music; and that many other speakers, including Sir Julius Benedict, expressed their intention of supporting the new school as an ally, and not as a rival, of the older one."	Sir Julius Benedict	Q510435	person	country of citizenship	"Q159631;Q174193"	"Kingdom of Württemberg; United Kingdom of Great Britain and Ireland"
TheMusicalWorld__1843-038.txt_641	The programme will contain a new piano - forte and violoncello sonata by Mendelssohn, to be performed by Bennett and Lucas.	Lucas	Q5080372	person	country of citizenship	Q174193	United Kingdom of Great Britain and Ireland
TheMusicalTimes__1876-402.txt_1207	Sir J. Goss, Mus. D., Cantab., C. Steggall, Mus. D., Cantab., and the Principal.	Sir J. Goss	Q345870	person	country of citizenship	"Q161885;Q174193"	"Kingdom of Great Britain; United Kingdom of Great Britain and Ireland"
TheMusicalTimes__1876-402.txt_1207	Sir J. Goss, Mus. D., Cantab., C. Steggall, Mus. D., Cantab., and the Principal.	C. Steggall	Q5082654	person	country of citizenship	Q174193	United Kingdom of Great Britain and Ireland
DwightSJournalOfMusic__1873-016.txt_1105	who would insist upon the mountain's coming to Mahomet.	Mahomet	Q9458	person	country of citizenship		
TheMusicalTimes__1875-388.txt_1126	’s performance of the first Allegro and Andante of Rubinstein’s Violin Concerto in G, at the third concert, was in every respect admirable.	Rubinstein	Q87567	person	country of citizenship	Q34266	Russian Empire
TheHarmonicon__1824-016.txt_1884	Wis Royal Highness the Duke of Cumberland, Thursday, March 4th, 1824.	Duke of Cumberland	Q162302	person	country of citizenship	"Q164079;Q174193"	"Kingdom of Hanover; United Kingdom of Great Britain and Ireland"
TheHarmonicon__1824-016.txt_2237	"Under the direction of His Grace the Archbishop of York, Wednesday, March 24th; 1824."	Archbishop of	Q3048710	person	country of citizenship	"Q161885;Q174193"	"Kingdom of Great Britain; United Kingdom of Great Britain and Ireland"
TheMusicalTimes__1876-397.txt_2284	Mr. H. W. George presided at the harmonium, and Mr. J. Lunn conducted.	Mr. J. Lunn	Q16198956	person	country of citizenship	Q174193	United Kingdom of Great Britain and Ireland
TheMusicalWorld__1843-029.txt_43	The concert began with Auber’s pretty and sparkling overture to Les Diamans de la Cou-.	Auber	Q157672	person	country of citizenship	Q142	France
DwightSJournalOfMusic__1873-016.txt_615	The conversation turned upon Gnecco’s comic duet, which Malibran sang so frequently and charmingly with Lablache.	Gnecco	Q1121021	person	country of citizenship		
DwightSJournalOfMusic__1873-016.txt_615	The conversation turned upon Gnecco’s comic duet, which Malibran sang so frequently and charmingly with Lablache.	Malibran	Q232783	person	country of citizenship	Q142	France
DwightSJournalOfMusic__1873-016.txt_615	The conversation turned upon Gnecco’s comic duet, which Malibran sang so frequently and charmingly with Lablache.	Lablache	Q477681	person	country of citizenship		
TheMusicalTimes__1876-397.txt_3380	National Hymn, (with chorus), to celebrate the return of the Prince of Wales.	Prince of Wales	Q20875	person	country of citizenship	Q174193	United Kingdom of Great Britain and Ireland
TheMusicalTimes__1873-366.txt_350	This pointing of the Canticles is authorised by His Grace the Archbishop of York.	His Grace the Archbishop	Q377308	person	country of citizenship	Q174193	United Kingdom of Great Britain and Ireland
TheQuarterlyMusicalMagazineAndReview__1828-037.txt_1586	We also heard a superb Magnificat i in A minor by L. Leo, which seemed to us worthy of the composer..	L. Leo	Q316735	person	country of citizenship		
TheHarmonicon__1833-005.txt_1620	This was never heard of after the retreat of Mr. Waters to Calais.	Mr. Waters	Q16859200	person	country of citizenship	"Q25;Q161885;Q174193"	"Wales; Kingdom of Great Britain; United Kingdom of Great Britain and Ireland"
TheMusicalTimes__1876-402.txt_423	For terms, apply to Mr. E. J. Bilton, Trinity College, Cambridge.	Mr. E. J. Bilton	Q110966934	person	country of citizenship		
TheQuarterlyMusicalMagazineAndReview__1825-025.txt_54	[ i Crociato, 373 Mayseder’s Compositions, 360, 310 Mazurka, 236 Melographicon, 409 Mengozzi, 345 Mestrino, 40.	Mayseder	Q672225	person	country of citizenship	Q40	Austria
TheQuarterlyMusicalMagazineAndReview__1824-022.txt_1793	Fabio Constantini flourished about the year 1630, and ultimately became maestro at the chapel of Loretto.	Fabio Constantini	Q3737659	person	country of citizenship		
TheQuarterlyMusicalMagazineAndReview__1824-022.txt_3016	Book 8 opens witha composition in four parts, by Mr. Novello, of which the combined elegance and learning	Mr. Novello	Q2526705	person	country of citizenship	Q174193	United Kingdom of Great Britain and Ireland
TheMusicalWorld__1843-029.txt_472	M. Le- vassor will, moreover, sing two of his most popular chansonettes.	M. Le- vassor	Q3385954	person	country of citizenship	Q142	France
TheQuarterlyMusicalMagazineAndReview__1825-025.txt_3429	"The Banks of Allan Water, arranged with an Introduction and Coda for the Piano Forte; by Cipriani Potter."	Cipriani Potter	Q1092737	person	country of citizenship	"Q161885;Q174193"	"Kingdom of Great Britain; United Kingdom of Great Britain and Ireland"
TheMusicalTimes__1876-397.txt_1352	Mr. W. H.- Cummings, a most zealous musical antiquarian, as	W. H.- Cummings	Q3827349	person	country of citizenship	Q174193	United Kingdom of Great Britain and Ireland
TheQuarterlyMusicalMagazineAndReview__1828-037.txt_313	Three Easy Duets for Two Violoncellos, by F. W. Crouch -.... 254 XV.	F. W. Crouch	Q5497599	person	country of citizenship	Q174193	United Kingdom of Great Britain and Ireland
TheMusicalTimes__1875-388.txt_2219	Ebdon’s Magnificat and Nunc dimittis in C were admirably sung.	Ebdon	Q3525084	person	country of citizenship	"Q161885;Q174193"	"Kingdom of Great Britain; United Kingdom of Great Britain and Ireland"
TheQuarterlyMusicalMagazineAndReview__1824-022.txt_1349	In 1763 he composed a grand cantata for the chapel of Sonderhausen, which was performed at a féte on the birth - day of the Prince of Swartzburg.	Prince of Swartzburg	Q832878	person	country of citizenship	Q630163	Schwarzburg-Sondershausen
TheQuarterlyMusicalMagazineAndReview__1825-025.txt_1463	"He afterwards received further instructions from Saratelli, the predecessor of Galuppi;, as Chapel Master of St. Mark at Venice."	Saratelli	Q1522112	person	country of citizenship	Q4948	Republic of Venice
TheQuarterlyMusicalMagazineAndReview__1825-025.txt_1463	"He afterwards received further instructions from Saratelli, the predecessor of Galuppi;, as Chapel Master of St. Mark at Venice."	Galuppi	Q208338	person	country of citizenship	Q4948	Republic of Venice
TheMusicalTimes__1876-397.txt_1383	Mr. Manns deserves much credit for the introduction of this interesting composition.	Mr. Manns	Q4820769	person	country of citizenship	"Q151624;Q174193;Q1206012"	"German Confederation; United Kingdom of Great Britain and Ireland; German Reich"
TheQuarterlyMusicalMagazineAndReview__1826-029.txt_1158	These extracts are from Sir John Malcolm’ s Memoir of Central India.	Sir John Malcolm	Q1700959	person	country of citizenship	"Q161885;Q174193"	"Kingdom of Great Britain; United Kingdom of Great Britain and Ireland"
TheMusicalWorld__1843-038.txt_822	Composed and Dedicated to MISS DOLBY, BY FELIX MENDELLSOAN BARTHOLDY.	MISS DOLBY	Q4164386	person	country of citizenship	Q174193	United Kingdom of Great Britain and Ireland
TheQuarterlyMusicalMagazineAndReview__1828-037.txt_2288	Subsequently, in consequence of Miss Paton’s illness, Madame Caradori Allan, Mademoiselle Brambilla, and Signor de Begnis.	Miss Paton	Q16888398	person	country of citizenship	Q22	Scotland
TheQuarterlyMusicalMagazineAndReview__1828-037.txt_2288	Subsequently, in consequence of Miss Paton’s illness, Madame Caradori Allan, Mademoiselle Brambilla, and Signor de Begnis.	Mademoiselle Brambilla	Q3984276	person	country of citizenship	Q172579	Kingdom of Italy
TheHarmonicon__1824-016.txt_1690	_ Salieri, the composer, is so seriously indisposed, that great doubts are entertained of his recovery.	Salieri	Q51088	person	country of citizenship	"Q4948;Q131964"	"Republic of Venice; Austrian Empire"
TheHarmonicon__1832-012.txt_44	kins remarks, with more liberality, that Tudway was studious in his profession, and left behind him, in a letter to his son, an account of the music and musicians of his time, containing ‘many very curious particulars, and some facts which, but for him, must have been buried in oblivion.	Tudway	Q16704153	person	country of citizenship	Q161885	Kingdom of Great Britain
TheQuarterlyMusicalMagazineAndReview__1825-025.txt_567	The Sun on the Lake shines serene, composed by John Davy' 3.	John Davy	Q11928224	person	country of citizenship	"Q161885;Q174193"	"Kingdom of Great Britain; United Kingdom of Great Britain and Ireland"
TheMusicalWorld__1843-038.txt_29	Braham gives an impressive example to all young aspirants after fame in his conduct in the orchestra.	Braham	Q5231664	person	country of citizenship	Q30	United States
TheQuarterlyMusicalMagazineAndReview__1826-029.txt_3485	"The Rose and the Lil ly; Trio, by Sir Fohn Stevenson, Mus."	Sir Fohn Stevenson	Q4442571	person	country of citizenship	Q27	Ireland
DwightSJournalOfMusic__1875-006.txt_414	"re;plied the old man, overwhelmed with confusion ‘ey the presence of the Chapeltaster of his Majesty the Emperor,"	his Majesty the Emperor	Q76555	person	country of citizenship	Q12548	Holy Roman Empire
TheQuarterlyMusicalMagazineAndReview__1824-022.txt_1267	Eichner died at the beginning a of the year 1777.	Eichner	Q473837	person	country of citizenship	Q183	Germany
TheHarmonicon__1833-005.txt_38	His - next drama was Angelica, of which the plot is taken from Ariosto.	Ariosto	Q48900	person	country of citizenship		
TheHarmonicon__1824-016.txt_1731	Mehul's opera of Joseph and his Brethren, was lately given here, an opera that has now kept its place on the stage above fifteen years.	Mehul	Q364020	person	country of citizenship	Q142	France
TheQuarterlyMusicalMagazineAndReview__1828-037.txt_3647	and an extra sum of (we believe) ten guineas for the aid of Mr. Pixis, her accompanist.	Mr. Pixis	Q571716	person	country of citizenship	Q186320	Grand Duchy of Baden
TheQuarterlyMusicalMagazineAndReview__1828-037.txt_353	"Songs from Fairy Land; the Poetry by Thomas Haynes CONTENTS No. XXXIX."	Thomas Haynes	Q7790528	person	country of citizenship	"Q161885;Q174193"	"Kingdom of Great Britain; United Kingdom of Great Britain and Ireland"
DwightSJournalOfMusic__1873-016.txt_1056	Clara Schumann seems to have died of age, and not of sickness.	Clara Schumann	Q132232	person	country of citizenship	Q153015	Kingdom of Saxony
TheHarmonicon__1828-001.txt_1179	"The work is also graced with several of the elegant songs of Thomas Campbell, and Lord Byron; and it contains the best songs of the olden time, and of Ramsay, Hamilton; Thomson, Smollett, Skinner, Macneill, Hogg, Cunningham, and many others."	Thomas Campbell	Q1361189	person	country of citizenship	"Q161885;Q174193"	"Kingdom of Great Britain; United Kingdom of Great Britain and Ireland"
TheHarmonicon__1828-001.txt_1179	"The work is also graced with several of the elegant songs of Thomas Campbell, and Lord Byron; and it contains the best songs of the olden time, and of Ramsay, Hamilton; Thomson, Smollett, Skinner, Macneill, Hogg, Cunningham, and many others."	Lord Byron	Q5679	person	country of citizenship	"Q161885;Q174193"	"Kingdom of Great Britain; United Kingdom of Great Britain and Ireland"
TheHarmonicon__1828-001.txt_1179	"The work is also graced with several of the elegant songs of Thomas Campbell, and Lord Byron; and it contains the best songs of the olden time, and of Ramsay, Hamilton; Thomson, Smollett, Skinner, Macneill, Hogg, Cunningham, and many others."	Hamilton	Q18671568	person	country of citizenship		
TheHarmonicon__1828-001.txt_1179	"The work is also graced with several of the elegant songs of Thomas Campbell, and Lord Byron; and it contains the best songs of the olden time, and of Ramsay, Hamilton; Thomson, Smollett, Skinner, Macneill, Hogg, Cunningham, and many others."	Thomson	Q5545192	person	country of citizenship	Q22	Scotland
TheHarmonicon__1828-001.txt_1179	"The work is also graced with several of the elegant songs of Thomas Campbell, and Lord Byron; and it contains the best songs of the olden time, and of Ramsay, Hamilton; Thomson, Smollett, Skinner, Macneill, Hogg, Cunningham, and many others."	Smollett	Q356283	person	country of citizenship	Q161885	Kingdom of Great Britain
TheHarmonicon__1828-001.txt_1179	"The work is also graced with several of the elegant songs of Thomas Campbell, and Lord Byron; and it contains the best songs of the olden time, and of Ramsay, Hamilton; Thomson, Smollett, Skinner, Macneill, Hogg, Cunningham, and many others."	Macneill	Q5696799	person	country of citizenship		
TheHarmonicon__1828-001.txt_1179	"The work is also graced with several of the elegant songs of Thomas Campbell, and Lord Byron; and it contains the best songs of the olden time, and of Ramsay, Hamilton; Thomson, Smollett, Skinner, Macneill, Hogg, Cunningham, and many others."	Hogg	Q941810	person	country of citizenship	Q161885	Kingdom of Great Britain
TheQuarterlyMusicalMagazineAndReview__1825-025.txt_22	"Ebers takes the King’s Theatre, 187; Letters to Garcia, 191 Emdin’s Duet, 258: English and Italian Tone,"	Ebers	Q6231101	person	country of citizenship		
TheQuarterlyMusicalMagazineAndReview__1825-025.txt_1910	M. Barriere has published four sets of quartets, and several Symphonies, concertos, trios, and duets.	M. Barriere	Q726908	person	country of citizenship	Q70972	Kingdom of France
DwightSJournalOfMusic__1873-016.txt_1073	Schumann came from the gymnasium to Leipzig in 1828, to study Jurisprudence	Schumann	Q7351	person	country of citizenship	Q153015	Kingdom of Saxony
TheQuarterlyMusicalMagazineAndReview__1828-037.txt_655	it was accompanied ‘on the oboe (obligato) by N Mr. Parke..	Mr. Parke	Q18757223	person	country of citizenship		
TheHarmonicon__1824-016.txt_127	Philidor afterwards obtained permission to give this Concert Spirituel in the palace of the Tuileries, in the private theatre of which it continued to take place annually for many years.	Philidor	Q362339	person	country of citizenship	Q142	France
TheMusicalWorld__1843-029.txt_175	La Prisonniere, another comic opera in one act, of which Boieldieu had written the greater part, had a better fate: this work was plaved at the Theatre Montausier, on the 12th of September of the same year.	Boieldieu	Q109875	person	country of citizenship	Q142	France
TheMusicalWorld__1843-029.txt_477	Mr. Joseph Calkin made his debut in public very successfully, and sang a poor song by Mercadante with much energy and. taste.	Mercadante	Q313980	person	country of citizenship	Q172579	Kingdom of Italy
TheHarmonicon__1824-016.txt_232	Extract of a Letter from M. Siismayer, Kapelmeister at Vienna, to Messrs. Breitkopf and Haertel, dated Sept. 8, 1800..	M. Siismayer	Q310518	person	country of citizenship	"Q12548;Q153136"	"Holy Roman Empire; Habsburg monarchy"
TheHarmonicon__1824-016.txt_232	Extract of a Letter from M. Siismayer, Kapelmeister at Vienna, to Messrs. Breitkopf and Haertel, dated Sept. 8, 1800..	Breitkopf	Q55902416	person	country of citizenship		
TheHarmonicon__1824-016.txt_232	Extract of a Letter from M. Siismayer, Kapelmeister at Vienna, to Messrs. Breitkopf and Haertel, dated Sept. 8, 1800..	Haertel	Q1419801	person	country of citizenship	Q153015	Kingdom of Saxony
TheQuarterlyMusicalMagazineAndReview__1826-029.txt_776	We may now quit I Purcell and come » down toa period a little later.	Purcell	Q9695	person	country of citizenship	Q179876	Kingdom of England
TheQuarterlyMusicalMagazineAndReview__1828-037.txt_1532	In the soirees of the Princess Belmonte Spinelli, which take place.	Princess Belmonte Spinelli	Q23010905	person	country of citizenship	Q173065	Kingdom of Naples
TheMusicalTimes__1875-388.txt_1115	Mr. Sims Reeves made a genuine hit in Arthur Sullivan’s song,	Mr. Sims Reeves	Q7521239	person	country of citizenship	Q174193	United Kingdom of Great Britain and Ireland
TheMusicalWorld__1844-006.txt_980	"Mr. Sams, St. James's Street; and at M. Jullien’s office, 3, Maddox Street, Bond Street."	M. Jullien	Q660539	person	country of citizenship	Q142	France
TheHarmonicon__1828-001.txt_1782	We have had a French opera, at the head of which was M. ‘Nourrit, first tenor of the Academie Royale de Musique.	M. ‘ Nourrit	Q634623	person	country of citizenship	Q142	France
TheHarmonicon__1833-005.txt_383	In short, we may say, that to hear such an opera as La Gazza Ladra performed by such singers as Rubini, Tamburini, Lablache, Graziani, Malibran, and Mariano, is the perfection of dramatic music.	Tamburini	Q605376	person	country of citizenship	Q172579	Kingdom of Italy
TheHarmonicon__1828-001.txt_1069	adapted to the Airs, including upwards of ONE Hunprep Sones dy Burns.	Burns	Q81960	person	country of citizenship	Q161885	Kingdom of Great Britain
TheQuarterlyMusicalMagazineAndReview__1824-022.txt_1252	At some concerts, at the Feydeau, i in 1794, he executed some concerted symphonies of Devienne’s Sy with M. Huguot, Frederic and Charles Duvernoy.	Charles Duvernoy	Q1064184	person	country of citizenship	Q142	France
TheMusicalTimes__1876-397.txt_2165	The programme included some favourite songs, and Balfe’s duet	Balfe	Q434171	person	country of citizenship	Q174193	United Kingdom of Great Britain and Ireland
TheMusicalWorld__1844-006.txt_843	I composed these variations to a Theme which had already been varied by Paganini, I had no intention of publishing them.	Paganini	Q66075	person	country of citizenship	Q174306	Republic of Genoa
TheMusicalTimes__1876-402.txt_1235	H. R. Eyers, Walter Fitton, S. Kemp, Arthur O’ Leary, Harold Thomas, Brinley Richards, Frederick Westlake, T. Wingham, and the Principal.	Arthur O’ Leary	Q17984779	person	country of citizenship	Q27	Ireland
TheMusicalTimes__1876-402.txt_1235	H. R. Eyers, Walter Fitton, S. Kemp, Arthur O’ Leary, Harold Thomas, Brinley Richards, Frederick Westlake, T. Wingham, and the Principal.	Frederick Westlake	Q18546502	person	country of citizenship		
TheMusicalTimes__1873-366.txt_1044	In one of her most eloquent passages, Charlotte Bronté said: —	Charlotte Bronté	Q127332	person	country of citizenship	Q174193	United Kingdom of Great Britain and Ireland
DwightSJournalOfMusic__1873-016.txt_1086	Schumann was giving concerts there in Dresden with Joachim, the great. violinist.	Joachim	Q159976	person	country of citizenship	Q28	Hungary
TheHarmonicon__1828-001.txt_969	It is copied from the original, in the hand - writing of the composer, and which, if we are rightly informed, is now - in the possession- of M. Schlesinger, the wellknown music - seller, at Paris.	M. Schlesinger	Q70457	person	country of citizenship	Q27306	Kingdom of Prussia
TheQuarterlyMusicalMagazineAndReview__1825-025.txt_1509	This is the most important of Cimador’s Ss arrarigements.	Cimador	Q3762403	person	country of citizenship	Q4948	Republic of Venice
TheQuarterlyMusicalMagazineAndReview__1825-025.txt_1934	Antoine Barthelemi Bruni was born at Coni, in Piedmont, in 1752, and was a very distinguished violinist.	Antoine Barthelemi Bruni	Q599823	person	country of citizenship		
TheMusicalWorld__1844-006.txt_54	— though it was excellently well performed by Phillips, Hill, and Severn.	Phillips	Q18671452	person	country of citizenship	Q174193	United Kingdom of Great Britain and Ireland
TheQuarterlyMusicalMagazineAndReview__1824-022.txt_1561	Perluigi da Palestrina was born in the year 1529, at Palestrina, the Preeneste of the antients: he is stated by.	Perluigi da Palestrina	Q179277	person	country of citizenship	Q170174	Papal States
TheMusicalTimes__1876-397.txt_2270	The musical arrangements were under the direction of the organist and choirmaster of the parish church, Mr. J. V, Roberts, Mus, Bac.	Mr. J. V , Roberts	Q56183619	person	country of citizenship		
TheQuarterlyMusicalMagazineAndReview__1824-022.txt_2537	* Sento oh Dio” — Madame Ronzi de Begnis, Miss Stephens, Signor Garcia, Signor de Begnis, and Mr. oo Phillips	Madame Ronzi de Begnis	Q3266332	person	country of citizenship	Q145	United Kingdom
TheHarmonicon__1828-001.txt_195	- Dittersdorf’s music to the Doctor and Apothecary, a drama translated and prepared for the stage by Mr. Cobb.	Dittersdorf	Q78522	person	country of citizenship	Q40	Austria
TheHarmonicon__1828-001.txt_195	- Dittersdorf’s music to the Doctor and Apothecary, a drama translated and prepared for the stage by Mr. Cobb.	Mr. Cobb	Q6131504	person	country of citizenship		
TheHarmonicon__1828-001.txt_186	In March 1787, Storace, with his sister, returned to England.	Storace	Q2369747	person	country of citizenship	Q161885	Kingdom of Great Britain
TheMusicalTimes__1875-388.txt_2146	-The programme comprised selections from the works of Bach, Haydn, Mendelssohn, Bennett, Guilmant, Martini, & c., all of which were excellently	Guilmant	Q350359	person	country of citizenship	Q142	France
TheQuarterlyMusicalMagazineAndReview__1828-037.txt_1714	Louis Capotorti — who passes for a harmonist of Durante’ Ss.	Louis Capotorti	Q17992489	person	country of citizenship		
TheQuarterlyMusicalMagazineAndReview__1828-037.txt_1714	Louis Capotorti — who passes for a harmonist of Durante’ Ss.	Durante	Q314221	person	country of citizenship	Q38	Italy
TheQuarterlyMusicalMagazineAndReview__1826-029.txt_2202	Mr. Hummel’s rondo is a spirited piece, completely in the German style of composition.	Mr. Hummel	Q151953	person	country of citizenship	Q40	Austria
TheQuarterlyMusicalMagazineAndReview__1828-037.txt_1638	Furno, who fills this post, is equally active and skilful.	Furno	Q555808	person	country of citizenship		
TheMusicalTimes__1876-397.txt_1014	On this point, we learn a curious fact from Dr. Chrysander.	Dr. Chrysander	Q65274	person	country of citizenship	Q158445	Grand Duchy of Mecklenburg-Schwerin
TheMusicalTimes__1876-402.txt_1109	Out of the 626 works given in Kéchel’s Catalogue, about 540 will be included in this edition, the remainder being either lost, not quite com - plete, or of doubtful authenticity.	Kéchel	Q78529	person	country of citizenship	Q131964	Austrian Empire
TheMusicalWorld__1843-029.txt_350	"Miss Groom, Miss Flower, and Miss Cubitt; Mr. White, Mr. Giubilei, and Mr. John Parry."	Mr. John Parry	Q6251987	person	country of citizenship	Q161885	Kingdom of Great Britain
TheQuarterlyMusicalMagazineAndReview__1826-029.txt_514	"Song, composed by Signor de Beguis; the words by Eugenius Roche Esq."	Eugenius Roche	Q17015704	person	country of citizenship	Q142	France
TheMusicalTimes__1876-402.txt_2241	"The programme consisted of Mozart's String Quintett in C major; Haydn's Variations on the Austrian Hymn; Regondi’s us."	Regondi	Q981612	person	country of citizenship	Q172579	Kingdom of Italy
TheMusicalTimes__1876-402.txt_1158	The concert was conducted by Mr. Walter Macfarren with his usual judgment and precision.	Mr. Walter Macfarren	Q18954633	person	country of citizenship	Q174193	United Kingdom of Great Britain and Ireland
TheQuarterlyMusicalMagazineAndReview__1825-025.txt_2008	It is written in Italian, by Stefano Arteaga, a Spaniard and an ex - Jesuit.	Stefano Arteaga	Q3972360	person	country of citizenship	Q29	Spain
TheMusicalWorld__1843-036.txt_571	M. Danjou, organist of Notre Dame, at Paris, has recently discovered in the church of Soliez Ville, in the department of the Var, an organ built so far back as the year 1450.	M. Danjou	Q444728	person	country of citizenship	Q142	France
TheQuarterlyMusicalMagazineAndReview__1824-022.txt_1755	Since that period, Dr. Burney obtained two copies of it while in Italy — one from the Padre Martini, who possessed one himself, and the other from Signor Santar elli.	Signor Santar elli	Q5565524	person	country of citizenship		
TheMusicalTimes__1873-366.txt_1780	He was for many years the usical eptor of the family of the late King Louis ippe, of France.	King Louis ippe	Q7771	person	country of citizenship	Q142	France
TheQuarterlyMusicalMagazineAndReview__1825-025.txt_528	Books 1 and 2 of Cottage Divertimentos for the Piano Forte, by P. A. Corri 3.	P. A. Corri	Q7183128	person	country of citizenship	"Q161885;Q174193"	"Kingdom of Great Britain; United Kingdom of Great Britain and Ireland"
TheQuarterlyMusicalMagazineAndReview__1824-022.txt_1251	Delcambre Thomas, pupil of M. Ozi, professor of the bassoon ce2	Delcambre Thomas	Q55836534	person	country of citizenship	Q142	France
TheQuarterlyMusicalMagazineAndReview__1824-022.txt_1251	Delcambre Thomas, pupil of M. Ozi, professor of the bassoon ce2	M.	Q289996	person	country of citizenship	Q142	France
TheQuarterlyMusicalMagazineAndReview__1825-025.txt_2117	Immediately in their footsteps appeared those great harmonists Gaetano Greco, Albinoni Caldara,	Gaetano Greco	Q1339827	person	country of citizenship	Q173065	Kingdom of Naples
TheQuarterlyMusicalMagazineAndReview__1825-025.txt_2117	Immediately in their footsteps appeared those great harmonists Gaetano Greco, Albinoni Caldara,	Albinoni	Q174606	person	country of citizenship	Q4948	Republic of Venice
TheQuarterlyMusicalMagazineAndReview__1825-025.txt_2117	Immediately in their footsteps appeared those great harmonists Gaetano Greco, Albinoni Caldara,	Caldara	Q311571	person	country of citizenship	Q4948	Republic of Venice
TheMusicalTimes__1876-402.txt_1680	The honour of a musical doctorate has been but seldom granted by the University of Durham, one of the last to receive this distinction having been the late lamented Dr. Dykes.	Dr. Dykes	Q3269824	person	country of citizenship	Q174193	United Kingdom of Great Britain and Ireland
TheQuarterlyMusicalMagazineAndReview__1826-029.txt_3253	M. Choron has however re - embodied the bulk of his examples in his “Principes de Composition.	M. Choron	Q1392901	person	country of citizenship	Q142	France
The Harmonicon_1828-005_ms_1	An unfortunate intrigue with a lady of royal birth, having obliged Jarnowick to quit France @ la sourdine, in the year 1780, his situation was filled by the incomparable Viotti, whom the author of Les Jardins, Delille, used to call the “Pindar of the Violin.”	Delille	Q981922	person	country of citizenship	Q142	France
The_Quarterly_Musical_Magazine_And_Review_ms_1826-030_4_	Miss Sterling, a young Jady not more than 17 years of age, a pupil of Mr. Neate, played Mr. Moscheles’ fantasia on. the air, “du clair de la lune,” with such uncommon brilliancy of finger and excellence of style as to do equal honour to her own industry, and to the care even of so fine a master as Mr. Neate.	Mr. Neate	Q18526894	person	country of citizenship		
The_Musical_Times_ms_1896-646_2_	The foundation of the Church Orchestral Society, by the Honourable Richard Strutt, and the hearty support given it by Sir John Stainer, has furthered i m great measure this desirable movement, and its. progress has been assisted in no small degree by the individual efforts. of organists, whose endeavours deserve cordial: commendation.	the Honourable Richard Strutt	Q75270792	person	country of citizenship		
The_Musical_Times_ms_1896-646_2_	The foundation of the Church Orchestral Society, by the Honourable Richard Strutt, and the hearty support given it by Sir John Stainer, has furthered i m great measure this desirable movement, and its. progress has been assisted in no small degree by the individual efforts. of organists, whose endeavours deserve cordial: commendation.	Sir John Stainer	Q1388550	person	country of citizenship	Q174193	United Kingdom of Great Britain and Ireland
The_Musical_Times_ms_1896-646_3_	We advisedly say “our”! distinguished pianist, because forty - five years of residence in this country, and of unbroken hard work in our English schools of music, the Royal Academy, Royal College, Guildhall School, and the tentative National Training School entitle Mr. Pauer to the citizenship of our land as well as the gratitude of all those who know how important and. widespread his influence has been.	Mr. Pauer	Q79183	person	country of citizenship	Q40	Austria
The_Musical_World_ms_1855-025_1_	John of Procida was among the most active leaders in this revolt, and his name and exploits, forming the theme of many a poem and romance, have now been celebrated by MM. Scribe and Verdi in the opera of Les Vépres Siciliennes.	John of Procida	Q1227361	person	country of citizenship	Q204920	Crown of Aragon
The_Musical_World_ms_1855-025_1_	John of Procida was among the most active leaders in this revolt, and his name and exploits, forming the theme of many a poem and romance, have now been celebrated by MM. Scribe and Verdi in the opera of Les Vépres Siciliennes.	Scribe	Q319261	person	country of citizenship	Q142	France
The_Musical_World_ms_1855-025_1_	John of Procida was among the most active leaders in this revolt, and his name and exploits, forming the theme of many a poem and romance, have now been celebrated by MM. Scribe and Verdi in the opera of Les Vépres Siciliennes.	Verdi	Q7317	person	country of citizenship	Q172579	Kingdom of Italy
Dwight's Journal of Music_1857-001_ms_3	Nevertheless, the house was crowded, and the performances, consisting of a miscellaneous concert. by the orchestra, Thalberg, d’Angri, and various German singing societies, (the best of which, however, had withdrawn their servi, ces in view of the above - mentioned condition), and the first act of Fidelio.	Thalberg	Q347871	person	country of citizenship	Q131964	Austrian Empire
Dwight's Journal of Music_1857-001_ms_3	Nevertheless, the house was crowded, and the performances, consisting of a miscellaneous concert. by the orchestra, Thalberg, d’Angri, and various German singing societies, (the best of which, however, had withdrawn their servi, ces in view of the above - mentioned condition), and the first act of Fidelio.	d’Angri	Q5358988	person	country of citizenship	"Q41;Q172579"	"Greece; Kingdom of Italy"
Dwight's Journal of Music_1855-002_ms_3	"Below Schandau you pass the bold promontory of Schramstein, close sunder the fortified heights of Pfaffenstein, and ‘Konigstein with its impregnable fortress — against whose walls Napoleon battered: in vain — thence on, through a wild country of tale - telling tradition, “thé cradle of gnomes and. kobolds,”’ till, at length, near Dresden you emerge among thriving. Villages and cultivated fields; like the exit, on the. Neckar, from the vallies of Odenwald upon the plains of the Rhine at Heidelberg."	Napoleon	Q517	person	country of citizenship	Q142	France
The_Quarterly_Musical_Magazine_And_Review_ms_1826-030_5_	Until the appearance of Lully’s overtures such a prelude was never thought of, and what is even more singular, by their novelty and excellence, they continued for a long time to hold their place and pre - eminence, and were played before operas composed by Vinci, Leo, and Pergolesi, nearly a century after the date of their original production.	Vinci	Q29577	person	country of citizenship	Q173065	Kingdom of Naples
The_Quarterly_Musical_Magazine_And_Review_ms_1826-030_5_	Until the appearance of Lully’s overtures such a prelude was never thought of, and what is even more singular, by their novelty and excellence, they continued for a long time to hold their place and pre - eminence, and were played before operas composed by Vinci, Leo, and Pergolesi, nearly a century after the date of their original production.	Pergolesi	Q185312	person	country of citizenship	Q170174	Papal States
Dwight's Journal of Music_1854-002_ms_2	"His brightest years were those divided betwixt London and Paris, < when he formed one of the quartet - with Madame Grisi, Signori Lablache and Tamburini; his most luerdtive | professional’ days were possibly those last ones spent in St. Petersburgh, where H- M. the - Czar, to do him honor, made him Colonel of a regiment."	Czar	Q130734	person	country of citizenship	Q34266	Russian Empire
The_Musical_World__ms_1844-005_2_	Would the students in the London University be satisfied with Professor Morgan, if, in what he designated a course of lectures on Mathematics, he were content to regale them with a narrative of the life and adventures of Hermogenes — the birth and parentage of Euclid — the amours and idiosyncracies of Cardan the burning alive of Giordano Bruno and Vanini the simplicity and ingenious nature of the moral character of Spinoza — or the interesting peculiarities of Sir Isaac Newton’s dog?	Professor Morgan	Q208448	person	country of citizenship	Q174193	United Kingdom of Great Britain and Ireland
The_Musical_World__ms_1844-005_2_	Would the students in the London University be satisfied with Professor Morgan, if, in what he designated a course of lectures on Mathematics, he were content to regale them with a narrative of the life and adventures of Hermogenes — the birth and parentage of Euclid — the amours and idiosyncracies of Cardan the burning alive of Giordano Bruno and Vanini the simplicity and ingenious nature of the moral character of Spinoza — or the interesting peculiarities of Sir Isaac Newton’s dog?	Hermogenes	Q1336424	person	country of citizenship	Q844930	Classical Athens
The_Musical_World__ms_1844-005_2_	Would the students in the London University be satisfied with Professor Morgan, if, in what he designated a course of lectures on Mathematics, he were content to regale them with a narrative of the life and adventures of Hermogenes — the birth and parentage of Euclid — the amours and idiosyncracies of Cardan the burning alive of Giordano Bruno and Vanini the simplicity and ingenious nature of the moral character of Spinoza — or the interesting peculiarities of Sir Isaac Newton’s dog?	Euclid	Q8747	person	country of citizenship	Q844930	Classical Athens
The_Musical_World__ms_1844-005_2_	Would the students in the London University be satisfied with Professor Morgan, if, in what he designated a course of lectures on Mathematics, he were content to regale them with a narrative of the life and adventures of Hermogenes — the birth and parentage of Euclid — the amours and idiosyncracies of Cardan the burning alive of Giordano Bruno and Vanini the simplicity and ingenious nature of the moral character of Spinoza — or the interesting peculiarities of Sir Isaac Newton’s dog?	Cardan	Q184530	person	country of citizenship	Q153529	Duchy of Milan
The_Musical_World__ms_1844-005_2_	Would the students in the London University be satisfied with Professor Morgan, if, in what he designated a course of lectures on Mathematics, he were content to regale them with a narrative of the life and adventures of Hermogenes — the birth and parentage of Euclid — the amours and idiosyncracies of Cardan the burning alive of Giordano Bruno and Vanini the simplicity and ingenious nature of the moral character of Spinoza — or the interesting peculiarities of Sir Isaac Newton’s dog?	Giordano Bruno	Q36330	person	country of citizenship	Q173065	Kingdom of Naples
The_Musical_World__ms_1844-005_2_	Would the students in the London University be satisfied with Professor Morgan, if, in what he designated a course of lectures on Mathematics, he were content to regale them with a narrative of the life and adventures of Hermogenes — the birth and parentage of Euclid — the amours and idiosyncracies of Cardan the burning alive of Giordano Bruno and Vanini the simplicity and ingenious nature of the moral character of Spinoza — or the interesting peculiarities of Sir Isaac Newton’s dog?	Vanini	Q553128	person	country of citizenship		
The_Musical_World__ms_1844-005_2_	Would the students in the London University be satisfied with Professor Morgan, if, in what he designated a course of lectures on Mathematics, he were content to regale them with a narrative of the life and adventures of Hermogenes — the birth and parentage of Euclid — the amours and idiosyncracies of Cardan the burning alive of Giordano Bruno and Vanini the simplicity and ingenious nature of the moral character of Spinoza — or the interesting peculiarities of Sir Isaac Newton’s dog?	Spinoza	Q35802	person	country of citizenship	Q170072	Dutch Republic
The_Musical_World__ms_1844-005_2_	Would the students in the London University be satisfied with Professor Morgan, if, in what he designated a course of lectures on Mathematics, he were content to regale them with a narrative of the life and adventures of Hermogenes — the birth and parentage of Euclid — the amours and idiosyncracies of Cardan the burning alive of Giordano Bruno and Vanini the simplicity and ingenious nature of the moral character of Spinoza — or the interesting peculiarities of Sir Isaac Newton’s dog?	Sir Isaac Newton	Q935	person	country of citizenship	"Q161885;Q179876"	"Kingdom of Great Britain; Kingdom of England"
the_Musical_Times_ms_1895-634_3_	The rumour that the Church Choral Society will not sing this season has received recent confirmation, and this, if true, will leave the field in New York for choruses of moderate size open to the Musical Art Society (under Mr. Frank Damrosch), the New York Musical Society (under Mr. Dossert), and the new Harlem Oratorio Society.	Mr. Frank Damrosch	Q962237	person	country of citizenship	Q30	United States
The Harmonicon_1823-002_ms_3	La Clemenza di Tito was the first, in which‘a French lady, under the riame of Signora Clarini, took the part of Servilia, and a Madame’ Graziani filled the character ef Annio, both of which were massacred in their hands, and the whole opera necessarily partook in the - ruin.	Servilia	Q63534091	person	country of citizenship		
The Harmonicon_1823-002_ms_3	La Clemenza di Tito was the first, in which‘a French lady, under the riame of Signora Clarini, took the part of Servilia, and a Madame’ Graziani filled the character ef Annio, both of which were massacred in their hands, and the whole opera necessarily partook in the - ruin.	Annio	Q63534077	person	country of citizenship		
The_Quarterly_Musical_Magazine_And_Review_ms_1827-022_2_	Both however appeared we believe at last at Dr. Crotch’s, though. but for the very kind assistance of Madame Caradori, the poor Doctor would have had no little difficulty in - getting his Pavestine per- formed, notwithstanding it had been so long separately and specially announced that both Miss Stephens and Miss Paton were engaged to sing in it.	Dr. Crotch	Q718709	person	country of citizenship	"Q161885;Q174193"	"Kingdom of Great Britain; United Kingdom of Great Britain and Ireland"
the_Musical_Times_ms_1896-635_12_	The principal novelty of the Concert on the 1st ult. was “La Naissance de Venus,’ scéne mythologique, by M. Paul Collin, set to music by M. G. Fauré, an important work carefully scored, but wanting in the charm to which this.graceful composer has accustomed us.	M. Paul Collin	Q3370911	person	country of citizenship	Q142	France
the_Musical_Times_ms_1896-635_12_	The principal novelty of the Concert on the 1st ult. was “La Naissance de Venus,’ scéne mythologique, by M. Paul Collin, set to music by M. G. Fauré, an important work carefully scored, but wanting in the charm to which this.graceful composer has accustomed us.	M. G. Fauré	Q104919	person	country of citizenship	Q142	France
The Harmonicon_1827-002_ms_2	The productions of Tallis, Birde, Morley, and Farrant, of Gibbons and Child, of Blow and Purcell, of Croft, Greene, Boyce, Nares, and we might add others, are not only excellent qguoad compositions, but equally perfect as forming a part of our religious worship: they never for a moment lose the true devotional character, though their difference from each other, in many respects, is as wide as the several periods at which they were written.	Tallis	Q207789	person	country of citizenship	Q179876	Kingdom of England
The Harmonicon_1827-002_ms_2	The productions of Tallis, Birde, Morley, and Farrant, of Gibbons and Child, of Blow and Purcell, of Croft, Greene, Boyce, Nares, and we might add others, are not only excellent qguoad compositions, but equally perfect as forming a part of our religious worship: they never for a moment lose the true devotional character, though their difference from each other, in many respects, is as wide as the several periods at which they were written.	Birde	Q208375	person	country of citizenship	Q179876	Kingdom of England
The Harmonicon_1827-002_ms_2	The productions of Tallis, Birde, Morley, and Farrant, of Gibbons and Child, of Blow and Purcell, of Croft, Greene, Boyce, Nares, and we might add others, are not only excellent qguoad compositions, but equally perfect as forming a part of our religious worship: they never for a moment lose the true devotional character, though their difference from each other, in many respects, is as wide as the several periods at which they were written.	Morley	Q438141	person	country of citizenship	Q179876	Kingdom of England
The Harmonicon_1827-002_ms_2	The productions of Tallis, Birde, Morley, and Farrant, of Gibbons and Child, of Blow and Purcell, of Croft, Greene, Boyce, Nares, and we might add others, are not only excellent qguoad compositions, but equally perfect as forming a part of our religious worship: they never for a moment lose the true devotional character, though their difference from each other, in many respects, is as wide as the several periods at which they were written.	Farrant	Q7325622	person	country of citizenship	Q179876	Kingdom of England
The Harmonicon_1827-002_ms_2	The productions of Tallis, Birde, Morley, and Farrant, of Gibbons and Child, of Blow and Purcell, of Croft, Greene, Boyce, Nares, and we might add others, are not only excellent qguoad compositions, but equally perfect as forming a part of our religious worship: they never for a moment lose the true devotional character, though their difference from each other, in many respects, is as wide as the several periods at which they were written.	Blow	Q311110	person	country of citizenship	"Q21;Q161885"	"England; Kingdom of Great Britain"
The Harmonicon_1827-002_ms_2	The productions of Tallis, Birde, Morley, and Farrant, of Gibbons and Child, of Blow and Purcell, of Croft, Greene, Boyce, Nares, and we might add others, are not only excellent qguoad compositions, but equally perfect as forming a part of our religious worship: they never for a moment lose the true devotional character, though their difference from each other, in many respects, is as wide as the several periods at which they were written.	Croft	Q1236164	person	country of citizenship	Q161885	Kingdom of Great Britain
The Harmonicon_1827-002_ms_2	The productions of Tallis, Birde, Morley, and Farrant, of Gibbons and Child, of Blow and Purcell, of Croft, Greene, Boyce, Nares, and we might add others, are not only excellent qguoad compositions, but equally perfect as forming a part of our religious worship: they never for a moment lose the true devotional character, though their difference from each other, in many respects, is as wide as the several periods at which they were written.	Greene	Q615819	person	country of citizenship	Q161885	Kingdom of Great Britain
The Harmonicon_1827-002_ms_2	The productions of Tallis, Birde, Morley, and Farrant, of Gibbons and Child, of Blow and Purcell, of Croft, Greene, Boyce, Nares, and we might add others, are not only excellent qguoad compositions, but equally perfect as forming a part of our religious worship: they never for a moment lose the true devotional character, though their difference from each other, in many respects, is as wide as the several periods at which they were written.	Boyce	Q313152	person	country of citizenship	Q161885	Kingdom of Great Britain
The Harmonicon_1827-002_ms_2	The productions of Tallis, Birde, Morley, and Farrant, of Gibbons and Child, of Blow and Purcell, of Croft, Greene, Boyce, Nares, and we might add others, are not only excellent qguoad compositions, but equally perfect as forming a part of our religious worship: they never for a moment lose the true devotional character, though their difference from each other, in many respects, is as wide as the several periods at which they were written.	Nares	Q463998	person	country of citizenship	Q161885	Kingdom of Great Britain
The_Musical_World__ms_1843-042_3_	The rest of the concert was made up ofan exhibition on the violoncello, during which the “veteran” delighted us with “Polly put the kettle on’ — some sentimentalities by Bellini, Pacini and Zingarelli, and the worn out terzetto from Il Matrimonio Segretto, which by this time I am quite tired of, thongh Miss Marshall, Mrs. Shaw and Mrs. Bushe did it ample justice, as far as singing went — I say nothing about acting.	Zingarelli	Q505202	person	country of citizenship	Q223936	Kingdom of Italy
The Harmonicon_1832-006_ms_3	In the twenty - fifth number of our new series (January 1830), appeared a review of a work of great science, learning, and merit, under the title of Instructions to my Daughter for Playing on the Enharmonic Guitar, written by Lieutenant - Colonel Perronet.	Lieutenant - Colonel Perronet	Q4670375	person	country of citizenship	"Q161885;Q174193"	"Kingdom of Great Britain; United Kingdom of Great Britain and Ireland"
The_Musical_World__ms_1845-029_2_	"We may mention as a remarkable circumstance, that on the evening of the night on which he was born, his mother, notwithstanding the delicacy of her situation, was induced to go to a concert given by Paganini at the Teatro Santo Augustino in Genoa; when the performance of the great Maestro produced such an effect on her mind and nerves as to precipitate her accouchement, and the young Sivori came into the world somewhat before his time."	Sivori	Q1029423	person	country of citizenship	Q172579	Kingdom of Italy
the_Musical_Times_ms_1896-635_6_	At a second Advent Service, on the 12th ult., the “Last Judgment” of Spohr was. given, but without an orchestra, its place being filled at the organ as efficiently as it could be by Mr. G. R. Sinclair, the organist of Hereford Cathedral.	Mr. G. R. Sinclair	Q5543957	person	country of citizenship	Q174193	United Kingdom of Great Britain and Ireland
The Harmonicon_1826-048_ms_4	"Two of these compositions have been published, and are as follows: — Morgengruss an Goethe, & y., (Morning Salutation to Goéthe on his Birth - day); the poetry by F. W. Riemar, the music for two sopranos, tenor and basy by C. Eberwein, with an aceompaniment for the piano, (Bpth in score, andin parts.)"	C. Eberwein	Q216234	person	country of citizenship	Q183	Germany
The Harmonicon_1830-003_ms_2	"Madame Kraus - Wranisky is a singer superior to Madame Seidler, both in power and expression, although she is occasionally defective in execution; and, spite of a homely look and large person, does every thing with a grace and dignity strongly reminding me of Pasta."	Madame Kraus - Wranisky	Q55895823	person	country of citizenship	Q131964	Austrian Empire
The Harmonicon_1830-003_ms_2	"Madame Kraus - Wranisky is a singer superior to Madame Seidler, both in power and expression, although she is occasionally defective in execution; and, spite of a homely look and large person, does every thing with a grace and dignity strongly reminding me of Pasta."	Madame Seidler	Q6373188	person	country of citizenship	Q40	Austria
The_Quarterly_Musical_Magazine_And_Review_ms_1827-036_2_	"As a prima donna, Mademoiselle Lalande reminds me of Madame: Ronzi di Begnis in the force andenergy of her style; but, with an equality of talent as a musician and a charming person, as an actress she falls far short in the comparison."	Mademoiselle Lalande	Q3132487	person	country of citizenship	Q142	France
The_Musical_Times_ms_1905-754_9_	The Choral Society opened its sixteenth season in the Drill Hall on November 2 with a complete Elgar programme: ‘The Black Knight,’ ‘The Banner of St. George,’ ‘Imperial March,’ ‘In Hammersbach’ (from ‘The Bavarian Highlands’), and the ‘Pomp and Circumstance’ March No. 1.	Elgar	Q179631	person	country of citizenship	Q145	United Kingdom
Dwight's Journal of Music_1852-019_ms_2	"From evounds ‘of reflection, the Opera Seria; to which he had paid the tribute of - his youth, accompanied by thé most brilliant suc“cess, in Italy, disgusted him; and he began to reflect radically upon the conditions.of lyric I al tragedy, triéd to bring them ‘into application in his Orfeo, and developed them in writing in the { L preface to his Aleeste, which he dedicated to the ii grand * duke of Tuscany."	grand * duke of Tuscany	Q151321	person	country of citizenship	Q12548	Holy Roman Empire
The_Musical_World__ms_1844-005_1_	We read, in a cotemporary, some cogent observations in reply to the “Morning Post,” on the subject of the Professorship, which we transfer, in part, to our pages: — were to dilate profusely on the Mystéres de Parts of our worthy friend Eugéne Sue, and the profound morality of Soulié’s Memoires du Diable — what would be the result?	Eugéne Sue	Q315220	person	country of citizenship	Q142	France
The_Musical_World__ms_1844-005_1_	We read, in a cotemporary, some cogent observations in reply to the “Morning Post,” on the subject of the Professorship, which we transfer, in part, to our pages: — were to dilate profusely on the Mystéres de Parts of our worthy friend Eugéne Sue, and the profound morality of Soulié’s Memoires du Diable — what would be the result?	Soulié	Q2031275	person	country of citizenship	Q142	France
The_Musical_World__ms_1843-042_1_	"Miss Marshall won golden opinions by her charming delivery of Gluck’s “Che faro,” and Miss Birch, sang the superb “Ah perfido” of Beethoven better than I have ever heard it sung, except by Malibran; in the ranting air (with violin obligato) from Paer’s dull opera of Griselda, Miss Birch was no less successful, but, from the inferior nature of the composition, much less agreeable."	Gluck	Q130759	person	country of citizenship	"Q42585;Q699964"	"Kingdom of Bohemia; Archduchy of Austria"
the_Musical_Times_ms_1884-493_1_	"At who think with us that the selection of operatic works for performance in any country should not be bounded by geographical restrictions, can not but feel gratifled that the lessee of the Royal Italian Opera no longer confines himself to the creations of foreign composers; but, welcoming good music wherever it can be found, has chosen Mr. Mackenzie’s highly successful opera ‘Colomba”’ as one of the chief attractions of the coming season."	Mr. Mackenzie	Q674739	person	country of citizenship	Q145	United Kingdom
The Musical Times_1871-335_ms_3	"The strongest evidence for Carey’s claim should be an argument against it; for it isthe statement of John Christopher Smith, that Carey, unable to harmonize his own tune, asked Smith to write a bass to it; whereas in his Musical Century Carey has left plenty of proof that he was musician enough to put a very good bass to so simple a melody."	Carey	Q1606590	person	country of citizenship	Q161885	Kingdom of Great Britain
The Musical Times_1871-335_ms_3	"The strongest evidence for Carey’s claim should be an argument against it; for it isthe statement of John Christopher Smith, that Carey, unable to harmonize his own tune, asked Smith to write a bass to it; whereas in his Musical Century Carey has left plenty of proof that he was musician enough to put a very good bass to so simple a melody."	John Christopher	Q11727869	person	country of citizenship	Q161885	Kingdom of Great Britain
The Harmonicon_1829-002_ms_3	"The rival of Vinci and Porpora in dramatic composition, Leo was also desirous of emulating Durante in sacred music; and as in the former department of his art he had been by turns pathetic and gay, scientific and natural, so in the latter he attained to eminence, and produced numerous compositions of a character imposing, dignified, and sublime."	Durante	Q2286657	person	country of citizenship		
The Musical Times_1871-335_ms_1	It is a curious coincidence, to say the least of it, that an air with the same rhythmical*peculiarity — a peculiarity which is almost individualexists in a transcript of compositions by Dr. John Bull, the musical professor of Gresham College in the time of James I, and this has given occasion for the setting up in his favour of a claim to the authorship.	James I	Q79972	person	country of citizenship	"Q179876;Q215530;Q230791"	"Kingdom of England; Kingdom of Ireland; Kingdom of Scotland"
The Harmonicon_1824-020_ms_4	Music, learned and ingenicus, like that of Jomelli, abounding in harniony and con trivance, and requiring a careful execution, and the utmost stillness and attention in the audience, would not satisfy the frivolous and depraved taste of the Italians, who used to sav, that the music of Gluck, Jomelli, Hasse, and Bach, was too rough and German.	Jomelli	Q312891	person	country of citizenship	Q173065	Kingdom of Naples
The Harmonicon_1824-020_ms_4	Music, learned and ingenicus, like that of Jomelli, abounding in harniony and con trivance, and requiring a careful execution, and the utmost stillness and attention in the audience, would not satisfy the frivolous and depraved taste of the Italians, who used to sav, that the music of Gluck, Jomelli, Hasse, and Bach, was too rough and German.	Hasse	Q164732	person	country of citizenship	Q12548	Holy Roman Empire
The_Musical_Times_ms_1885-505_1_	The following works have been performed in their entirety during the season: Mendelssohn’s ‘Elijah, ‘Hear my Prayer,” * * Loreley,” 98th Psalm, ‘Ave Maria,” and ‘As the Hart pants,” Spohr’s ‘God, Thou art Great,” Gaul’s Sacred Cantata, ‘The Holy City,” and C. ]. Stevens’s Anthem “Sing, O Heavens,” selections having been also given from “The Messiah,” “Israel in Egypt,” ‘The Seasons,” ‘St. Paul,” “Samson,” and the “Song of Miriam.”	Gaul	Q4723319	person	country of citizenship	Q174193	United Kingdom of Great Britain and Ireland
the_Musical_Times_ms_1884-493_4_	"Besides the artists already mentioried we are promised Madame Adelina Patti, Madame Sembrich, Madame Maria Durand, Mdlle. De Vere (her first appearance at the Royai Italian Opera), Madame Scalchi, Mdlle. Reggiani, and Mdille. Tremelli; Signor Nicolini, Signor Marconi, M. Soulacroix, Signor Mierzwinski, Signor Cotogni, M. Devoyod, Signor De Reszké, Signor Monti, and Signor Novara."	Madame Sembrich	Q265698	person	country of citizenship	"Q30;Q36"	"United States; Poland"
the_Musical_Times_ms_1884-493_4_	"Besides the artists already mentioried we are promised Madame Adelina Patti, Madame Sembrich, Madame Maria Durand, Mdlle. De Vere (her first appearance at the Royai Italian Opera), Madame Scalchi, Mdlle. Reggiani, and Mdille. Tremelli; Signor Nicolini, Signor Marconi, M. Soulacroix, Signor Mierzwinski, Signor Cotogni, M. Devoyod, Signor De Reszké, Signor Monti, and Signor Novara."	Mdlle . De Vere	Q19998212	person	country of citizenship	Q142	France
the_Musical_Times_ms_1884-493_4_	"Besides the artists already mentioried we are promised Madame Adelina Patti, Madame Sembrich, Madame Maria Durand, Mdlle. De Vere (her first appearance at the Royai Italian Opera), Madame Scalchi, Mdlle. Reggiani, and Mdille. Tremelli; Signor Nicolini, Signor Marconi, M. Soulacroix, Signor Mierzwinski, Signor Cotogni, M. Devoyod, Signor De Reszké, Signor Monti, and Signor Novara."	Madame Scalchi	Q7553670	person	country of citizenship	Q172579	Kingdom of Italy
the_Musical_Times_ms_1884-493_4_	"Besides the artists already mentioried we are promised Madame Adelina Patti, Madame Sembrich, Madame Maria Durand, Mdlle. De Vere (her first appearance at the Royai Italian Opera), Madame Scalchi, Mdlle. Reggiani, and Mdille. Tremelli; Signor Nicolini, Signor Marconi, M. Soulacroix, Signor Mierzwinski, Signor Cotogni, M. Devoyod, Signor De Reszké, Signor Monti, and Signor Novara."	Signor Nicolini	Q3083329	person	country of citizenship	Q142	France
the_Musical_Times_ms_1884-493_4_	"Besides the artists already mentioried we are promised Madame Adelina Patti, Madame Sembrich, Madame Maria Durand, Mdlle. De Vere (her first appearance at the Royai Italian Opera), Madame Scalchi, Mdlle. Reggiani, and Mdille. Tremelli; Signor Nicolini, Signor Marconi, M. Soulacroix, Signor Mierzwinski, Signor Cotogni, M. Devoyod, Signor De Reszké, Signor Monti, and Signor Novara."	Signor Marconi	Q5479431	person	country of citizenship	Q172579	Kingdom of Italy
the_Musical_Times_ms_1884-493_4_	"Besides the artists already mentioried we are promised Madame Adelina Patti, Madame Sembrich, Madame Maria Durand, Mdlle. De Vere (her first appearance at the Royai Italian Opera), Madame Scalchi, Mdlle. Reggiani, and Mdille. Tremelli; Signor Nicolini, Signor Marconi, M. Soulacroix, Signor Mierzwinski, Signor Cotogni, M. Devoyod, Signor De Reszké, Signor Monti, and Signor Novara."	M. Soulacroix	Q5515856	person	country of citizenship	Q142	France
the_Musical_Times_ms_1884-493_4_	"Besides the artists already mentioried we are promised Madame Adelina Patti, Madame Sembrich, Madame Maria Durand, Mdlle. De Vere (her first appearance at the Royai Italian Opera), Madame Scalchi, Mdlle. Reggiani, and Mdille. Tremelli; Signor Nicolini, Signor Marconi, M. Soulacroix, Signor Mierzwinski, Signor Cotogni, M. Devoyod, Signor De Reszké, Signor Monti, and Signor Novara."	Signor Mierzwinski	Q5986416	person	country of citizenship	"Q34266;Q221457"	"Russian Empire; Congress Poland"
the_Musical_Times_ms_1884-493_4_	"Besides the artists already mentioried we are promised Madame Adelina Patti, Madame Sembrich, Madame Maria Durand, Mdlle. De Vere (her first appearance at the Royai Italian Opera), Madame Scalchi, Mdlle. Reggiani, and Mdille. Tremelli; Signor Nicolini, Signor Marconi, M. Soulacroix, Signor Mierzwinski, Signor Cotogni, M. Devoyod, Signor De Reszké, Signor Monti, and Signor Novara."	Signor Cotogni	Q2562468	person	country of citizenship	Q172579	Kingdom of Italy
the_Musical_Times_ms_1884-493_4_	"Besides the artists already mentioried we are promised Madame Adelina Patti, Madame Sembrich, Madame Maria Durand, Mdlle. De Vere (her first appearance at the Royai Italian Opera), Madame Scalchi, Mdlle. Reggiani, and Mdille. Tremelli; Signor Nicolini, Signor Marconi, M. Soulacroix, Signor Mierzwinski, Signor Cotogni, M. Devoyod, Signor De Reszké, Signor Monti, and Signor Novara."	M. Devoyod	Q27928845	person	country of citizenship		
The_Musical_Times_ms_1885-505_4_	A capital programme on the 23rd drew a full audience, the general public beinz attracted by Beethoven's Rasoumowski Quartet in F, No. 1, and Tartini'’s ‘Trillo del Diavolo,”” and musicians by Grieg’s Sonata in F, for piano and violin, Op. 8.	Grieg	Q80621	person	country of citizenship	Q20	Norway
The Harmonicon_1827-002_ms_3	After this, we had: Les Néces de Gamache, a comic opera, in three acts, by Mercadante, translated and arranged by Messrs. Sauvage and Dupin, and adapted to the stage by M. Guénée: we suppose it would be unpardonable to omit any of these important particulars, as the authors always show such marked anxiety te bring them befere the world.	M. Guénée	Q23901679	person	country of citizenship	Q142	France
Dwight's Journal of Music_1857-001_ms_1	One man may lived, who ean read the heart, and whose power was not: based upon, his own experience ‘but if so, we may well call William Shakspeare superhuman, THenee it was that whiffe i m ~ Rossint’s “Barber of Seville,” ar Cimarosa’s « Seeret Marriage.”	William Shakspeare	Q692	person	country of citizenship	Q179876	Kingdom of England
Dwight's Journal of Music_1857-001_ms_1	One man may lived, who ean read the heart, and whose power was not: based upon, his own experience ‘but if so, we may well call William Shakspeare superhuman, THenee it was that whiffe i m ~ Rossint’s “Barber of Seville,” ar Cimarosa’s « Seeret Marriage.”	Cimarosa	Q191775	person	country of citizenship	Q4948	Republic of Venice
The_Musical_World_ms_1843-040_1_	"Adolphe Adam, the composer of Le Postillon de Lonjumeau, was the first to apostrophize the acquirements of M. Vivier, ina Jengthened artiele in the France Wusicale; he has been followed by the rest of them, and last week, in the Gazelle AZusicale, we find a paper by Maurice Bourges, which makes M. Vivier something less than a demi - god, and extols his qualifications, in language, which applied to would be M. Bourges melts Paganini himself, nothing short of hyperbolical."	Adolphe Adam	Q189544	person	country of citizenship	Q142	France
The_Musical_World_ms_1843-040_1_	"Adolphe Adam, the composer of Le Postillon de Lonjumeau, was the first to apostrophize the acquirements of M. Vivier, ina Jengthened artiele in the France Wusicale; he has been followed by the rest of them, and last week, in the Gazelle AZusicale, we find a paper by Maurice Bourges, which makes M. Vivier something less than a demi - god, and extols his qualifications, in language, which applied to would be M. Bourges melts Paganini himself, nothing short of hyperbolical."	Maurice Bourges	Q73128734	person	country of citizenship	Q142	France
Dwight's Journal of Music_1860-012_ms_1	In 1824 her family was residing at Paris, where she received, musical instruction from M. Fétis, at present: director of the Brussels Conse rratoire, author of the Biographie Universelle de Musiciens, together with many didactic works, and compos at that time prefessor in the Conservatoire of ‘Paris.	M. Fétis	Q523581	person	country of citizenship	Q31	Belgium
The Harmonicon_1826-048_ms_3	"With respect to the pieces given, the following seven are new to our theatre: Die sieben Midchen, Das Hausgesinde, Der Unsichibare, Die Ochsenmenuett, Staberls Reise - abentheuer, ‘and Le Macon by Auber; Macbeth in Schiller’s translation, ‘and with Reichardt’s music, is also new to us."	Schiller	Q22670	person	country of citizenship	"Q315667;Q2227570"	"Saxe-Weimar; Duchy of Württemberg"
The Harmonicon_1826-048_ms_3	"With respect to the pieces given, the following seven are new to our theatre: Die sieben Midchen, Das Hausgesinde, Der Unsichibare, Die Ochsenmenuett, Staberls Reise - abentheuer, ‘and Le Macon by Auber; Macbeth in Schiller’s translation, ‘and with Reichardt’s music, is also new to us."	Reichardt	Q213742	person	country of citizenship	Q183	Germany
The_Musical_Times_ms_1885-505_3_	"Whether this kind of thing is permissible is open to question; but the audience settled the matter in the affirmative by encoring the performer. Miss Zimmermann gave Mendelssohn’s familiar Caprice in E, Op. 33, and Mr. Santley sang two equally familiar airs by Handel."	Miss Zimmermann	Q4693137	person	country of citizenship	Q183	Germany
The_Musical_World__ms_1843-042_2_	The above, an air from Handel’s Berenice sensibly rendered by Stretton, a duet from the Zauberflute by Mrs. Shaw and Mr. Phillips, and a droll kind of aria by Salvator Rosa, to which Mr. Manvers gave a life which in itself it lacks, were the only other features of interest.	Salvator Rosa	Q359421	person	country of citizenship	Q38	Italy
the_Musical_Times_ms_1896-635_4_	"The Musical Union (Dr. Coward), in the ‘Creation’; the Choral Union (Mr. Suckley), in Verdi’s opera “Ernani”; and the St.-Cecilia Musical Society (Mr. W. Brown), also in the ‘Creation,” have all given evidence oft hat abundant enthusiasm and plentiful supply of good vocal material which have led the supporters of the Festival scheme to foster ambitious hopes as to the future of South Yorkshire choral singing."	Dr. Coward	Q5719907	person	country of citizenship	"Q145;Q174193"	"United Kingdom; United Kingdom of Great Britain and Ireland"
the_Musical_Times_ms_1896-635_3_	"The principal pieces in the programme were Mendelssohn's String Quintet in B flat (Op. 87) and Svendsen’s String Octet in A (Op. 3), the latter being played by Messrs. Arthur Bent, Wallace Sutcliffe, William Ackroyd, Alfred Wall, Alfred Hobday, Percy Kearne, Paul Ludwig; and Tennyson Werge."	Svendsen	Q336668	person	country of citizenship	Q20	Norway
the_Musical_Times_ms_1896-635_3_	"The principal pieces in the programme were Mendelssohn's String Quintet in B flat (Op. 87) and Svendsen’s String Octet in A (Op. 3), the latter being played by Messrs. Arthur Bent, Wallace Sutcliffe, William Ackroyd, Alfred Wall, Alfred Hobday, Percy Kearne, Paul Ludwig; and Tennyson Werge."	William Ackroyd	Q109120689	person	country of citizenship		
the_Musical_Times_ms_1896-635_3_	"The principal pieces in the programme were Mendelssohn's String Quintet in B flat (Op. 87) and Svendsen’s String Octet in A (Op. 3), the latter being played by Messrs. Arthur Bent, Wallace Sutcliffe, William Ackroyd, Alfred Wall, Alfred Hobday, Percy Kearne, Paul Ludwig; and Tennyson Werge."	Alfred Wall	Q107203434	person	country of citizenship		
the_Musical_Times_ms_1896-635_3_	"The principal pieces in the programme were Mendelssohn's String Quintet in B flat (Op. 87) and Svendsen’s String Octet in A (Op. 3), the latter being played by Messrs. Arthur Bent, Wallace Sutcliffe, William Ackroyd, Alfred Wall, Alfred Hobday, Percy Kearne, Paul Ludwig; and Tennyson Werge."	Alfred Hobday	Q4722438	person	country of citizenship	"Q145;Q174193"	"United Kingdom; United Kingdom of Great Britain and Ireland"
The_Musical_World_ms_1843-040_2_	Queen Victoria, on one of these occasions, had the advantage of hearing this new wonder, and was so delighted as to press M. Vivier to pay England a visit, which, need we say, M. Vivier intends very shortly to do.	Queen Victoria	Q9439	person	country of citizenship	Q174193	United Kingdom of Great Britain and Ireland
The_Musical_World_ms_1843-040_2_	Queen Victoria, on one of these occasions, had the advantage of hearing this new wonder, and was so delighted as to press M. Vivier to pay England a visit, which, need we say, M. Vivier intends very shortly to do.	M. Vivier	Q16947558	person	country of citizenship	Q142	France
The_Musical_Times_ms_1896-646_7_	Perhaps the most interesting piece was Bemberg’s ‘La Ballade du Désespéré” for yoice“and declamation, beautifully rendered by Miss Gertrude Bevan and Miss Ellen M. Bowick, with the accompaniments well played by the Misses Edith Byford, May H. Mukle, and Mabel E. Colyer.	Bemberg	Q3134049	person	country of citizenship	"Q142;Q414"	"France; Argentina"
The_Musical_Times_ms_1896-646_7_	Perhaps the most interesting piece was Bemberg’s ‘La Ballade du Désespéré” for yoice“and declamation, beautifully rendered by Miss Gertrude Bevan and Miss Ellen M. Bowick, with the accompaniments well played by the Misses Edith Byford, May H. Mukle, and Mabel E. Colyer.	May H. Mukle	Q22312922	person	country of citizenship	Q145	United Kingdom
The Musical Times_1852-098_ms_3	In the course of the late season of morning concerts, we heard one of the best glees of Webbe, which we had not heard for thirty years before, when it was performed by the Vaughans, Knyvetts, & c., at a concert given by a Miss Bonwick, at the London Tavern	Webbe	Q7412899	person	country of citizenship	"Q161885;Q174193"	"Kingdom of Great Britain; United Kingdom of Great Britain and Ireland"
The_Musical_World__ms_1901-705_1_	The Beethoven festival, held from the 5th. to the 7th ult., under the direction of Capellmeister Steinbach, with the Meiningen orchestra and the choir of.the Musik - Verein, was exceedingly well attended, and there is but one voice as to the general excellence of the performances.	Capellmeister Steinbach	Q70648	person	country of citizenship	Q186320	Grand Duchy of Baden
The Harmonicon_1829-002_ms_4	Leo was the founder ofa school in Naples, that very widely spread the fame of his country, and became a nursery for those celebrated singers, who afterwards filled Giovanni Ansani, or Anzani, was an lalian singer and composer of some eminence.	Giovanni Ansani	Q2813673	person	country of citizenship		
Dwight's Journal of Music_1855-002_ms_1	And in the beautiful galleries of the Prince Es sterhdzy, (that munificent patron | of: Art) one can, at least, recall in imagination some- strains of the choice ¢hamber music. of, Beethoven, to which their walls echoed in the presence of the great master, and in his palmiest days. os se I was much impressed by the fine monument of the Archduchess Christina, by Canova, which stands in the Church of the Augustines.	Prince Es sterhdzy	Q597865	person	country of citizenship	Q28	Hungary
Dwight's Journal of Music_1855-002_ms_1	And in the beautiful galleries of the Prince Es sterhdzy, (that munificent patron | of: Art) one can, at least, recall in imagination some- strains of the choice ¢hamber music. of, Beethoven, to which their walls echoed in the presence of the great master, and in his palmiest days. os se I was much impressed by the fine monument of the Archduchess Christina, by Canova, which stands in the Church of the Augustines.	Canova	Q5547	person	country of citizenship	Q4948	Republic of Venice
The Musical Times_1853-106_ms_3	This gentleman, whose talents and amiable enjoying disposition still preserve his memory in the lively affection and esteem of his acquaintance, was an admirable chamber singer, and particularly excelled in Mozart’s music, which he sang with the same accent and inflections of tone as Dragonetti on his bass.	Dragonetti	Q504490	person	country of citizenship	Q4948	Republic of Venice
The_Musical_Times_ms_1896-646_6_	Other pieces by Chopin, Leschetizky, Moszkowski, and Padetewski were rendered with a command of expression and facility of execution that more than once elicited enthusiastic applause from the audience, and necessitated her playing an extra piece at the close of her programme.	Chopin	Q1268	person	country of citizenship	"Q142;Q34266;Q58326;Q152115;Q221457"	"France; Russian Empire; French Second Republic; Duchy of Warsaw; Congress Poland"
The_Musical_Times_ms_1896-646_6_	Other pieces by Chopin, Leschetizky, Moszkowski, and Padetewski were rendered with a command of expression and facility of execution that more than once elicited enthusiastic applause from the audience, and necessitated her playing an extra piece at the close of her programme.	Leschetizky	Q362340	person	country of citizenship	"Q36;Q34266"	"Poland; Russian Empire"
The_Musical_Times_ms_1896-646_6_	Other pieces by Chopin, Leschetizky, Moszkowski, and Padetewski were rendered with a command of expression and facility of execution that more than once elicited enthusiastic applause from the audience, and necessitated her playing an extra piece at the close of her programme.	Moszkowski	Q322427	person	country of citizenship	"Q36;Q142"	"Poland; France"
The_Musical_Times_ms_1896-646_6_	Other pieces by Chopin, Leschetizky, Moszkowski, and Padetewski were rendered with a command of expression and facility of execution that more than once elicited enthusiastic applause from the audience, and necessitated her playing an extra piece at the close of her programme.	Padetewski	Q191957	person	country of citizenship	"Q30;Q36;Q145"	"United States; Poland; United Kingdom"
The Harmonicon_1826-048_ms_2	It was at this period, as we learn from history, and from' Tinctor himself in one of his treatises, that the Flemish school of music began to form itself on the model of that of France, at that time the most celebrated in Europe.	Tinctor	Q370512	person	country of citizenship	Q330533	Seventeen Provinces
the_Musical_Times_ms_1896-635_8_	At Bradford, too, there has. been more than ordinary musical activity. On November 22 the second of the Subscription Concerts took place, a miscellaneous programme of much more than average interest being sustained by Miss Esther Palliser, Madame Marian McKenzie, Messrs. Ben Davies and Douglas Powell, with Herr Rosenthal as pianist and Mr. W. H. Squire as violoncellist.	Ben Davies	Q4888470	person	country of citizenship	"Q25;Q145;Q174193"	"Wales; United Kingdom; United Kingdom of Great Britain and Ireland"
the_Musical_Times_ms_1896-635_8_	At Bradford, too, there has. been more than ordinary musical activity. On November 22 the second of the Subscription Concerts took place, a miscellaneous programme of much more than average interest being sustained by Miss Esther Palliser, Madame Marian McKenzie, Messrs. Ben Davies and Douglas Powell, with Herr Rosenthal as pianist and Mr. W. H. Squire as violoncellist.	Herr Rosenthal	Q213772	person	country of citizenship	"Q30;Q36"	"United States; Poland"
the_Musical_Times_ms_1896-635_8_	At Bradford, too, there has. been more than ordinary musical activity. On November 22 the second of the Subscription Concerts took place, a miscellaneous programme of much more than average interest being sustained by Miss Esther Palliser, Madame Marian McKenzie, Messrs. Ben Davies and Douglas Powell, with Herr Rosenthal as pianist and Mr. W. H. Squire as violoncellist.	Mr. W. H. Squire	Q2377263	person	country of citizenship	"Q145;Q174193"	"United Kingdom; United Kingdom of Great Britain and Ireland"
The Musical Times_1881-455_ms_3	Tor, be it said parenthetically, that in literature also Mr. Pepys was' a sound judge of genuine merit, who, to name but (one instance, in an age of studied politeness was able to appreciate the racy force of the old popular ‘ballads of England and Scotland.	Mr. Pepys	Q106143	person	country of citizenship	Q179876	Kingdom of England
The Musical Times_1849-066_ms_2	As grace they sung a “Sanctus,” by Orlando Gibbons, upon which the Rev. Conductor made some interesting remarks, and on the excellence of the older English Church Music, congratulating his auditors on the brighter prospects for solid music, man. arising from the production of convenient and cheap copies sting In Inconsistent contrast to the other Psalms at / of the excellent music which had so long lain dormant in Morning Prayer.	Orlando Gibbons	Q311913	person	country of citizenship	Q179876	Kingdom of England
The Musical Times_1852-098_ms_4	Another gratifying circumstance presents itself to ‘our recollection, in the promised production of two new oratorios, by Englishmen, at the approaching Norwich Festival — Mr. Pierson’s Jerusalem, and Dr. Bexfield’s Israel Restored, in regard to both of which we have received very flattering accounts.	Mr. Pierson	Q97011	person	country of citizenship	"Q145;Q183"	"United Kingdom; Germany"
The Musical Times_1852-098_ms_4	Another gratifying circumstance presents itself to ‘our recollection, in the promised production of two new oratorios, by Englishmen, at the approaching Norwich Festival — Mr. Pierson’s Jerusalem, and Dr. Bexfield’s Israel Restored, in regard to both of which we have received very flattering accounts.	Dr. Bexfield	Q18531021	person	country of citizenship	Q174193	United Kingdom of Great Britain and Ireland
the_Musical_Times_ms_1896-635_5_	Despite this drawback, the Concert wasa brilliant success, and Dr. Mackenzie’s abilities as a conductor were watmly recognised. Mr. Brodsky, the new leader of the Hallé band, made a most tavourable impression on his first appearance before a Leeds audience by his highly poetic and technically perfect playing of the Mendelssohn Concerto, and Madame Marian McKenzie contributed several songs with good effect.	Mr. Brodsky	Q365287	person	country of citizenship	"Q15180;Q34266"	"Soviet Union; Russian Empire"
Dwight's Journal of Music_1856-001_ms_1	“Pwo souls in their essence so entirely kindred must have kneeled before each ether on first meeting, as the chronicle” relates of the first inter tew of Maria ot Burgundy with Masimilian: ot Austria, which adds: tans qJere fille xsé like that exclaim aticr the “Oh, “And qnust they not. merging leur moult grande. beaute et.	Maria ot Burgundy	Q157073	person	country of citizenship	Q142	France
Dwight's Journal of Music_1856-001_ms_1	“Pwo souls in their essence so entirely kindred must have kneeled before each ether on first meeting, as the chronicle” relates of the first inter tew of Maria ot Burgundy with Masimilian: ot Austria, which adds: tans qJere fille xsé like that exclaim aticr the “Oh, “And qnust they not. merging leur moult grande. beaute et.	Masimilian : ot Austria	Q150726	person	country of citizenship	Q12548	Holy Roman Empire
Dwight's Journal of Music_1858-11_BIS_ms_2	"then, instead of stepping forw: urd as a reformer, he ought, as a true disciple of honored and to effect nothing but what Gluck and Mozart; Cimarosa and Pacsicllé, Méhul and Boieldieu, Chert ahint and Spontini, Beethoven and= Weber, Spohr.and Weigl, Meyerbeer and Lortzing, also tried to effect, and which they succeeded more or less in doing. metadata={sent_text:then instead of stepping forw: urd as a reformer he ought as a true disciple of honored and to effect nothing but what Gluck and Mozart; Cimarosa and Pacsicllé Méhul and Boieldieu Chert ahint and Spontini Beethoven and: ""Weber Spohr.and Weigl Meyerbeer and Lortzing also tried to effect and which they succeeded more or less in doing.""}"	Weigl	Q78798	person	country of citizenship	Q153136	Habsburg monarchy
Dwight's Journal of Music_1858-11_BIS_ms_2	"then, instead of stepping forw: urd as a reformer, he ought, as a true disciple of honored and to effect nothing but what Gluck and Mozart; Cimarosa and Pacsicllé, Méhul and Boieldieu, Chert ahint and Spontini, Beethoven and= Weber, Spohr.and Weigl, Meyerbeer and Lortzing, also tried to effect, and which they succeeded more or less in doing. metadata={sent_text:then instead of stepping forw: urd as a reformer he ought as a true disciple of honored and to effect nothing but what Gluck and Mozart; Cimarosa and Pacsicllé Méhul and Boieldieu Chert ahint and Spontini Beethoven and: ""Weber Spohr.and Weigl Meyerbeer and Lortzing also tried to effect and which they succeeded more or less in doing.""}"	Meyerbeer	Q105237	person	country of citizenship	Q27306	Kingdom of Prussia
Dwight's Journal of Music_1858-11_BIS_ms_2	"then, instead of stepping forw: urd as a reformer, he ought, as a true disciple of honored and to effect nothing but what Gluck and Mozart; Cimarosa and Pacsicllé, Méhul and Boieldieu, Chert ahint and Spontini, Beethoven and= Weber, Spohr.and Weigl, Meyerbeer and Lortzing, also tried to effect, and which they succeeded more or less in doing. metadata={sent_text:then instead of stepping forw: urd as a reformer he ought as a true disciple of honored and to effect nothing but what Gluck and Mozart; Cimarosa and Pacsicllé Méhul and Boieldieu Chert ahint and Spontini Beethoven and: ""Weber Spohr.and Weigl Meyerbeer and Lortzing also tried to effect and which they succeeded more or less in doing.""}"	Lortzing	Q154203	person	country of citizenship	Q27306	Kingdom of Prussia
Dwight's Journal of Music_1854-002_ms_4	"Mr. DRESELr was greeted with a spontaneous ani fervent welcome, when he took his seat at the piano, and his exquisitely expressive rendering of the two Songs without Words by Mendelssohn (the “Duet” and “Spring Song”), the striking Etude by Ferdi-: nand Hiller, the Adagio from a Concerto and the Etude by Chopin, held the andience in hushed delight; indeed we know of more than one adverse prejudice that owned itself melted away by that performance."	Mr. DRESELr	Q96415095	person	country of citizenship		
Dwight's Journal of Music_1854-002_ms_4	"Mr. DRESELr was greeted with a spontaneous ani fervent welcome, when he took his seat at the piano, and his exquisitely expressive rendering of the two Songs without Words by Mendelssohn (the “Duet” and “Spring Song”), the striking Etude by Ferdi-: nand Hiller, the Adagio from a Concerto and the Etude by Chopin, held the andience in hushed delight; indeed we know of more than one adverse prejudice that owned itself melted away by that performance."	Ferdi- : nand Hiller	Q213530	person	country of citizenship	Q27306	Kingdom of Prussia
The Harmonicon_1830-003_ms_4	"On the 28th of December, Madame Fodor appeared, for the first time, in the Barbiere di Siviglia; and the applause of a house crowded in every part testified the delight caused by her performance."	Madame Fodor	Q1002317	person	country of citizenship	Q142	France
The Harmonicon_1824-020_ms_2	"The compositions for the former are generally firnished from Parts - and London; for the latter, choice is made of Momrt, Pleyel, Steibeit, and other easy masters."	Pleyel	Q314019	person	country of citizenship	"Q40;Q142"	"Austria; France"
The Harmonicon_1824-020_ms_2	"The compositions for the former are generally firnished from Parts - and London; for the latter, choice is made of Momrt, Pleyel, Steibeit, and other easy masters."	Steibeit	Q657464	person	country of citizenship	Q27306	Kingdom of Prussia
the_Musical_Times_ms_1895-634_6_	The works selected by the Philharmonic. Society for the forthcoming season include Handel’s “Acis and Galatea,” Villiers Stanford’s fine choral ballad ‘The Revenge,” and Schubert’s cantata' ‘The Song of Miriam.”	Villiers Stanford	Q368264	person	country of citizenship	"Q27;Q145;Q174193"	"Ireland; United Kingdom; United Kingdom of Great Britain and Ireland"
the_Musical_Times_ms_1895-634_6_	The works selected by the Philharmonic. Society for the forthcoming season include Handel’s “Acis and Galatea,” Villiers Stanford’s fine choral ballad ‘The Revenge,” and Schubert’s cantata' ‘The Song of Miriam.”	Schubert	Q7312	person	country of citizenship	"Q131964;Q699964"	"Austrian Empire; Archduchy of Austria"
the_Musical_Times_ms_1900-690_1_	‘Military Band Organisation’ read before the Royal United Service Institution, on March 25, 1892, -by Colonel T. B. Shaw - Hellier, a former Commandant of Kneller Hall, who is well known in the army for his musical abilities, andwho, during his six years’ tenure of office at Kneller Hall, did a great deal to improve the Institution.	Colonel T. B. Shaw - Hellier	Q98098664	person	country of citizenship		
The_Musical_World__ms_1845-029_1_	On his way to. Germany, through Holland, Vieuxtemps stopped at the Hague, which coming to the knowledge of His Majesty the King of Holland, that illustrious personage immediately sent for the eminent violinist, received him most graciously, and expressed his desire to hear the Concerto which Vieuxtemps has dedicated to him	Vieuxtemps	Q312790	person	country of citizenship	Q31	Belgium
The_Musical_World__ms_1845-029_1_	On his way to. Germany, through Holland, Vieuxtemps stopped at the Hague, which coming to the knowledge of His Majesty the King of Holland, that illustrious personage immediately sent for the eminent violinist, received him most graciously, and expressed his desire to hear the Concerto which Vieuxtemps has dedicated to him	His Majesty the King of	Q154287	person	country of citizenship	Q29999	Kingdom of the Netherlands
The_Musical_Times_ms_1901-705_3_	On St. Cecilia’s Day, 1695, the Plan of a Grand Concert of Music — at which some of the works of the forgotten Italian composer, Giovanni Battista Bassani (16571716), said to be the master of Corelli, were presented	St. Cecilia	Q80513	person	country of citizenship	Q1747689	Ancient Rome
The_Musical_Times_ms_1901-705_3_	On St. Cecilia’s Day, 1695, the Plan of a Grand Concert of Music — at which some of the works of the forgotten Italian composer, Giovanni Battista Bassani (16571716), said to be the master of Corelli, were presented	Giovanni Battista Bassani	Q465565	person	country of citizenship	Q4948	Republic of Venice
The_Musical_Times_ms_1900-692_1_	"The Scottish Orchestra has again been engaged, under its fourth conductor, Mr. Frederic H. Cowen; and the Edinburgh Choral Union, Mr. Kirkhope’s and Mr. Moonie’s choirs (the latter for the first time) will take part in the scheme."	Mr. Frederic H. Cowen	Q1452734	person	country of citizenship	"Q145;Q174193"	"United Kingdom; United Kingdom of Great Britain and Ireland"
The Harmonicon_1823-002_ms_1	The favourite airs in Rossini’s Opera of La Gazza LapRa, erranged for the Piano - Forte, with an Accompaniment for the Flute. by T. Latour, Pianiste ‘to His Majesty.	T. Latour	Q6171596	person	country of citizenship	Q142	France
The Harmonicon_1823-002_ms_1	The favourite airs in Rossini’s Opera of La Gazza LapRa, erranged for the Piano - Forte, with an Accompaniment for the Flute. by T. Latour, Pianiste ‘to His Majesty.	His Majesty	Q130586	person	country of citizenship	"Q161885;Q174193"	"Kingdom of Great Britain; United Kingdom of Great Britain and Ireland"
The Harmonicon_1831-004_ms_1	The Rev. Wiliam Gostling, Minor Canon of Canterbury Cathedral, was the son of that Mr. Gostling, Sub - Dean of St. Paul’s, for whom Purcell wrote his celebrated anthem,	Rev. Wiliam Gostling	Q15994466	person	country of citizenship	Q161885	Kingdom of Great Britain
The Harmonicon_1831-004_ms_1	The Rev. Wiliam Gostling, Minor Canon of Canterbury Cathedral, was the son of that Mr. Gostling, Sub - Dean of St. Paul’s, for whom Purcell wrote his celebrated anthem,	Mr. Gostling	Q3181623	person	country of citizenship	Q161885	Kingdom of Great Britain
The_Quarterly_Musical_Magazine_And_Review_ms_1826-030_3_	Madame Vestris is also a reigning favourite, which, strange to say, she becomes by lowering her original Italian ‘style to the light but coarse ballads of the Kuglish comic opera “Cherry ripe’ for example.	Madame Vestris	Q6696635	person	country of citizenship	Q174193	United Kingdom of Great Britain and Ireland
the_Musical_Times_ms_1896-635_10_	The Lamoureux Concert of November 24 proved to be particularly interesting, including as it did the first performance of the “Chansons de Miarka’” of M. Alexandre Georges, set to the poetry of M. Richepin	M. Alexandre Georges	Q2833698	person	country of citizenship	Q142	France
the_Musical_Times_ms_1896-635_10_	The Lamoureux Concert of November 24 proved to be particularly interesting, including as it did the first performance of the “Chansons de Miarka’” of M. Alexandre Georges, set to the poetry of M. Richepin	M. Richepin	Q551744	person	country of citizenship	Q142	France
the_Musical_Times_ms_1895-634_7_	"he programme contained Mendelssohn’s ‘Hear my Prayer,” the solo part of which was effectively sung by Madame San Carolo; Cowen’s ‘Bridal Chorus, ’’ Stewart’s ‘Bells of St. Michael’s Tower,” and Pinsuti’s ‘Good - night, beloved.”"	Stewart	Q4444837	person	country of citizenship	Q27	Ireland
The_Musical_Times_ms_1900-692_2_	Mr. Cowen will be assisted, when occasion requires, by M. Sons, the capable leader, who acted as conductor last year during Herr Bruch’s temporary indisposition, and Herr Moszkowski will. officiate at the first concert.	Herr Bruch	Q106434	person	country of citizenship	Q183	Germany
Dwight's Journal of Music_1852-019_ms_4	The names of Grisi, Persiani, and other celebrities who had made - their English: reputation before Mr. Lumley caine info the managemeut, will, of course, occur to all readers, who will also remember in how many brilliant particular school it’ professed to ilus-.	Grisi	Q287812	person	country of citizenship	Q172579	Kingdom of Italy
Dwight's Journal of Music_1852-019_ms_4	The names of Grisi, Persiani, and other celebrities who had made - their English: reputation before Mr. Lumley caine info the managemeut, will, of course, occur to all readers, who will also remember in how many brilliant particular school it’ professed to ilus-.	Persiani	Q2280304	person	country of citizenship	Q172579	Kingdom of Italy
Dwight's Journal of Music_1852-019_ms_4	The names of Grisi, Persiani, and other celebrities who had made - their English: reputation before Mr. Lumley caine info the managemeut, will, of course, occur to all readers, who will also remember in how many brilliant particular school it’ professed to ilus-.	Mr. Lumley	Q2896159	person	country of citizenship	Q174193	United Kingdom of Great Britain and Ireland
The Harmonicon_1830-003_ms_1	The songs composed for Mrs. Weichsel, many of which were written by C. Bach, show that she had a voice of unusual height, reaching to the in altissimo, and great facility of execution.	Mrs. Weichsel	Q5362421	person	country of citizenship	"Q161885;Q174193"	"Kingdom of Great Britain; United Kingdom of Great Britain and Ireland"
The Harmonicon_1830-003_ms_1	The songs composed for Mrs. Weichsel, many of which were written by C. Bach, show that she had a voice of unusual height, reaching to the in altissimo, and great facility of execution.	C. Bach	Q106641	person	country of citizenship	"Q156199;Q161885"	"Electorate of Saxony; Kingdom of Great Britain"
The_Musical_Times_ms_1899-680_3_	Mdlle. Carrozi, a harpist of great ability, whom Mr. Newman has engaged for his orchestra, played her first harp solo at the Queen’s Hall, on the rst ult., and proved herself to be an interesting player	Mr. Newman	Q7348018	person	country of citizenship		
The_Musical_Times_ms_1885-505_7_	As usual, Mr. Charles Hallé’s Manchester Orchestra was engaged, and the vocal and instrumental soloists were Signorina Barbi, Mr. Joseph Maas, Madame Norman - Néruda, and Mr. Hallé.	Mr. Charles Hallé	Q65648	person	country of citizenship	"Q27306;Q174193"	"Kingdom of Prussia; United Kingdom of Great Britain and Ireland"
The_Musical_Times_ms_1885-505_7_	As usual, Mr. Charles Hallé’s Manchester Orchestra was engaged, and the vocal and instrumental soloists were Signorina Barbi, Mr. Joseph Maas, Madame Norman - Néruda, and Mr. Hallé.	Signorina Barbi	Q3611669	person	country of citizenship	Q38	Italy
The_Musical_Times_ms_1885-505_7_	As usual, Mr. Charles Hallé’s Manchester Orchestra was engaged, and the vocal and instrumental soloists were Signorina Barbi, Mr. Joseph Maas, Madame Norman - Néruda, and Mr. Hallé.	Mr. Joseph Maas	Q686719	person	country of citizenship	"Q145;Q174193"	"United Kingdom; United Kingdom of Great Britain and Ireland"
The_Musical_Times_ms_1885-505_7_	As usual, Mr. Charles Hallé’s Manchester Orchestra was engaged, and the vocal and instrumental soloists were Signorina Barbi, Mr. Joseph Maas, Madame Norman - Néruda, and Mr. Hallé.	Madame Norman - Néruda	Q78938	person	country of citizenship	"Q34;Q131964"	"Sweden; Austrian Empire"
the_Musical_Times_ms_1884-493_2_	The prospectus announces that this work, translated into Italian, and the principal part sustained by Madame Pauline Lucca, will positively be produced, Mdlle. Gertrude Griswold (who will make her first appearance on the stage in England), being also included in the cast.	Madame Pauline Lucca	Q86422	person	country of citizenship	"Q27306;Q131964"	"Kingdom of Prussia; Austrian Empire"
The_Musical_Times_ms_1885-505_8_	Ar the eleventh Subscription Concert of the Choral Union Series, on the 3rd ult., the chief novelty was the late Friedrich Smetana’s ‘Comedy - Overture,’”’ performed last winter at the Philharmonic Concerts at Berlin and at the Crystal Palace Concerts.	Friedrich Smetana	Q48173	person	country of citizenship	"Q28513;Q131964"	"Austria-Hungary; Austrian Empire"
The_Quarterly_Musical_Magazine_And_Review_ms_1826-030_1_	Hence Mademoiselle Bonini has been probably underprized from the superiority of those supremely great singers, Catalani and Pasta, whom she has directly succeeded at the King’s Theatre, and with whom she is consequently immediately compared.	Mademoiselle Bonini	Q5479435	person	country of citizenship	Q172579	Kingdom of Italy
The_Quarterly_Musical_Magazine_And_Review_ms_1826-030_1_	Hence Mademoiselle Bonini has been probably underprized from the superiority of those supremely great singers, Catalani and Pasta, whom she has directly succeeded at the King’s Theatre, and with whom she is consequently immediately compared.	Catalani	Q263405	person	country of citizenship		
Dwight's Journal of Music_1860-012_ms_4	"The directors of the famous Gewandhaus Concerts in Leipzig have invited’ FErpinanp Ui1LER, of Cologne, to the post of conductor, vaca: ted by Rietz; but Hiller, probably the- best man ‘in all Germany, unfortunately declines."	Rietz	Q63745	person	country of citizenship	"Q27306;Q153015"	"Kingdom of Prussia; Kingdom of Saxony"
the_Musical_Times_ms_1896-635_9_	The Keighley Musical Union, on the 3rd ult., had distinction conferred upon it by the presence of Professor Prout, who conducted a creditable performance of his cantata ‘Hereward,” the chorus - singing being decidedly its finest feature.	Professor Prout	Q5331730	person	country of citizenship	Q174193	United Kingdom of Great Britain and Ireland
the_Musical_Times_ms_1901-698_2_	Mr. ARTHUR SOMERVELL gave a concert of his own compositions, at St. James's Hail, on the 7th ult.. at which he played, with Mr. Leonard Borwick, a set of Variations for two pianofortes on an original theme.	Mr. ARTHUR SOMERVELL	Q4800330	person	country of citizenship	"Q145;Q174193"	"United Kingdom; United Kingdom of Great Britain and Ireland"
the_Musical_Times_ms_1901-698_2_	Mr. ARTHUR SOMERVELL gave a concert of his own compositions, at St. James's Hail, on the 7th ult.. at which he played, with Mr. Leonard Borwick, a set of Variations for two pianofortes on an original theme.	Mr. Leonard Borwick	Q376085	person	country of citizenship	Q174193	United Kingdom of Great Britain and Ireland
the_Musical_Times_ms_1895-634_4_	On the evening of Sunday, the 3rd ult., a special Service was held in St. George’s Church, Stuyvesant Square, in commemoration of the twenty - fifth anniversary of Mr. George William Warren as organist of St. Thomas’s Church.	Mr. George William Warren	Q20726537	person	country of citizenship	Q30	United States
The_Musical_World_ms_1856-036_1_	Madame Viardot, too, must be noticed for the extraordinary fluency and fire she displayed in the unheard - of bravura from Graun’s Britannieus, and Herr Reichardt for his graceful and finished singing in Mozart’s “Dalla sua pace.”	Madame Viardot	Q122998	person	country of citizenship	Q142	France
The_Musical_World_ms_1856-036_1_	Madame Viardot, too, must be noticed for the extraordinary fluency and fire she displayed in the unheard - of bravura from Graun’s Britannieus, and Herr Reichardt for his graceful and finished singing in Mozart’s “Dalla sua pace.”	Graun	Q161208	person	country of citizenship	Q183	Germany
The_Musical_Times_ms_1905-754_4_	Mr. Arthur Bent’s orchestra is also announced to give two concerts on December 7, Tchaikovsky’s Serenade for The third concert by the Choral and Philstrings (Op. 48) and Bach’s Concerto for two violins and orchestra being the chief features.	Tchaikovsky	Q7315	person	country of citizenship	Q34266	Russian Empire
The_Musical_Times_ms_1905-754_5_	At their first concert, under the direction of Dr. Bates, Mark Ilambourg will be the solo pianist, and the Norwich Choral Society will contribute Hugh Blair’s ‘Trafalgar,’ composed expressly for the Nelson centenary.	Mark Ilambourg	Q1900092	person	country of citizenship	"Q145;Q15180;Q34266"	"United Kingdom; Soviet Union; Russian Empire"
The_Musical_Times_ms_1905-754_5_	At their first concert, under the direction of Dr. Bates, Mark Ilambourg will be the solo pianist, and the Norwich Choral Society will contribute Hugh Blair’s ‘Trafalgar,’ composed expressly for the Nelson centenary.	Hugh Blair	Q5930050	person	country of citizenship	"Q145;Q174193"	"United Kingdom; United Kingdom of Great Britain and Ireland"
The_Musical_Times_ms_1905-754_5_	At their first concert, under the direction of Dr. Bates, Mark Ilambourg will be the solo pianist, and the Norwich Choral Society will contribute Hugh Blair’s ‘Trafalgar,’ composed expressly for the Nelson centenary.	Nelson	Q83235	person	country of citizenship	Q174193	United Kingdom of Great Britain and Ireland
The_Musical_Times_ms_1885-505_5_	The performance of the work in St. James's Hall, under Myr. Otto Goldschmidt, had many good points, and Mr. Parry found no small part of a friendly audience willing to bestow applause.	Myr . Otto Goldschmidt	Q320046	person	country of citizenship	Q1055	Hamburg
The_Musical_Times_ms_1885-505_5_	The performance of the work in St. James's Hall, under Myr. Otto Goldschmidt, had many good points, and Mr. Parry found no small part of a friendly audience willing to bestow applause.	Mr. Parry	Q6251304	person	country of citizenship	Q174193	United Kingdom of Great Britain and Ireland
The Musical Times_1853-106_ms_1	Spagnoletti, the leader, the fine Roman lineaments of whose countenance should have been pourtrayed by a Titian or Vandyke, was the animating spirit of the orchestra.	Titian	Q47551	person	country of citizenship	Q4948	Republic of Venice
The Musical Times_1853-106_ms_1	Spagnoletti, the leader, the fine Roman lineaments of whose countenance should have been pourtrayed by a Titian or Vandyke, was the animating spirit of the orchestra.	Vandyke	Q150679	person	country of citizenship	Q622783	Spanish Netherlands
The_Musical_World_ms_1856-036_2_	The quartets from Rigoletto and Oberon, both excellent specimens of their widely different schools, could hardly have been intrusted to more competent artists than Madame Novello, Miss Dolby, Mr. Sims Reeves, and Mr. Weiss.	Mr. Weiss	Q8022239	person	country of citizenship	Q174193	United Kingdom of Great Britain and Ireland
The Harmonicon_1828-005_ms_2	When Pugnani and Viotti quitted St. Petersburg, where they had been loaded with favours by Catherine the Second, they paid a visit to Berlin, at the time that our violinist was in possession of the public favour.	Catherine the Second	Q36450	person	country of citizenship	"Q27306;Q34266"	"Kingdom of Prussia; Russian Empire"
the_Quarterly_Musical_Magazine_And_Review_ms_1827-034_4_	"About forty years ago the company of Italian singers, called the company of Monsieur (since Louis 18th), made the Parisians hear the divine accents of Paisiello and Pergolesi; but this company could not obtain the victory unassisted."	Paisiello	Q202303	person	country of citizenship	Q173065	Kingdom of Naples
The_Quarterly_Musical_Magazine_And_Review_ms_1826-030_6_	Scarlatti was the next composer of overtures. Then followed the Concerti grossi of Corelli and Vivaldi, and lastly the concertos and overtures of Handel, Bach, Jomelli, Porpora, and Bononcini, with others of less note.	Scarlatti	Q167837	person	country of citizenship	"Q173065;Q3399982"	"Kingdom of Naples; Kingdom of Spain"
The_Quarterly_Musical_Magazine_And_Review_ms_1826-030_6_	Scarlatti was the next composer of overtures. Then followed the Concerti grossi of Corelli and Vivaldi, and lastly the concertos and overtures of Handel, Bach, Jomelli, Porpora, and Bononcini, with others of less note.	Vivaldi	Q1340	person	country of citizenship	Q4948	Republic of Venice
The_Quarterly_Musical_Magazine_And_Review_ms_1826-030_6_	Scarlatti was the next composer of overtures. Then followed the Concerti grossi of Corelli and Vivaldi, and lastly the concertos and overtures of Handel, Bach, Jomelli, Porpora, and Bononcini, with others of less note.	Bononcini	Q315241	person	country of citizenship		
The_Musical_World_ms_1855-025_3_	Besides the advantage of Cervetto as a master, our departed friend, Lindley, had also the opportunity, in his youth, of hearing and playing with Crosdill, whose powerful tone excelled that of any previous performer.	Cervetto	Q1364637	person	country of citizenship		
The_Musical_World_ms_1855-025_3_	Besides the advantage of Cervetto as a master, our departed friend, Lindley, had also the opportunity, in his youth, of hearing and playing with Crosdill, whose powerful tone excelled that of any previous performer.	Lindley	Q18593452	person	country of citizenship	"Q161885;Q174193"	"Kingdom of Great Britain; United Kingdom of Great Britain and Ireland"
The_Musical_World_ms_1855-025_3_	Besides the advantage of Cervetto as a master, our departed friend, Lindley, had also the opportunity, in his youth, of hearing and playing with Crosdill, whose powerful tone excelled that of any previous performer.	Crosdill	Q6227740	person	country of citizenship	"Q161885;Q174193"	"Kingdom of Great Britain; United Kingdom of Great Britain and Ireland"
The_Musical_Times_ms_1901-705_2_	Under the auspices of the Society for the Cultivation of Danish Music, a composition, by Niels W. Gade, entitled ‘Baldur’s Dream,’ for solo voices, chorus, and orchestra, has just been published for the first time.	Niels W. Gade	Q154632	person	country of citizenship	Q756617	Kingdom of Denmark
Dwight's Journal of Music_1859-004_ms_3	"At the Opera we have‘had the “Prophet,” the fanchonette,” the ‘Lucia di Lammermoor,” and “the “Muette de Portici;” a night; each, of Mey erbecr, “Clapisson, Donizetti and Auber."	Clapisson	Q1871594	person	country of citizenship	Q142	France
The_Quarterly_Musical_Magazine_And_Review_ms_1827-036_1_	Fischer then passed to Italy, and from thence to England, where (in 1769) he formed one of those solo. performers with Abel, Cramer, Crosdill, and Cervetto, for whom John Christian Bach, then in England, wrote solos in his concertos when his - hand was likely to tire or he wanted support.	Fischer	Q820692	person	country of citizenship	Q183	Germany
The_Quarterly_Musical_Magazine_And_Review_ms_1827-036_1_	Fischer then passed to Italy, and from thence to England, where (in 1769) he formed one of those solo. performers with Abel, Cramer, Crosdill, and Cervetto, for whom John Christian Bach, then in England, wrote solos in his concertos when his - hand was likely to tire or he wanted support.	Abel	Q168539	person	country of citizenship	Q12548	Holy Roman Empire
The_Quarterly_Musical_Magazine_And_Review_ms_1827-036_1_	Fischer then passed to Italy, and from thence to England, where (in 1769) he formed one of those solo. performers with Abel, Cramer, Crosdill, and Cervetto, for whom John Christian Bach, then in England, wrote solos in his concertos when his - hand was likely to tire or he wanted support.	Cervetto	Q18529811	person	country of citizenship	"Q161885;Q174193"	"Kingdom of Great Britain; United Kingdom of Great Britain and Ireland"
Dwight's Journal of Music_1854-002_ms_3	Inthe year 1720, there appeared a satirical work of ‘Benedetto Marcello, the celebrated author of thé Psalms, which gives a lively -picture of the musical drama at that period.	Benedetto Marcello	Q312784	person	country of citizenship	Q4948	Republic of Venice
The Harmonicon_1832-006_ms_4	I hear with great regret of the sudden death of M. Frederick Kuhlau, of Copenhagen, a composer whose namie is very little known out of Denmark, but who posSessed a very considerable share of talent.	M. Frederick Kuhlau	Q157865	person	country of citizenship	"Q164079;Q756617"	"Kingdom of Hanover; Kingdom of Denmark"
The Musical Times_1881-455_ms_4	It was, indeed, on his extensive collection of such treasures that Bishop Percy drew when.he published his famous ‘Reliques,” and thus prepared a heaithy revolution ‘in English literature against the stiltedness and pom‘pousness of eighteenth century poets.	Percy	Q712930	person	country of citizenship	"Q161885;Q174193"	"Kingdom of Great Britain; United Kingdom of Great Britain and Ireland"
the_Musical_Times_ms_1895-634_1_	On the 5th ult. the Albert Hall was again crowded to excess on the occasion of Mr. Fould’s miscellaneous Concert, when Madame Albani, Miss Clara Butt, Mr. Norman Salmond, M. Johannes Wolff, M. Hollman, and ‘M. Raoul Pugno appeared.	Madame Albani	Q2503633	person	country of citizenship	"Q16;Q142;Q145;Q172579"	"Canada; France; United Kingdom; Kingdom of Italy"
the_Musical_Times_ms_1895-634_1_	On the 5th ult. the Albert Hall was again crowded to excess on the occasion of Mr. Fould’s miscellaneous Concert, when Madame Albani, Miss Clara Butt, Mr. Norman Salmond, M. Johannes Wolff, M. Hollman, and ‘M. Raoul Pugno appeared.	Miss Clara Butt	Q461921	person	country of citizenship	Q145	United Kingdom
the_Musical_Times_ms_1895-634_1_	On the 5th ult. the Albert Hall was again crowded to excess on the occasion of Mr. Fould’s miscellaneous Concert, when Madame Albani, Miss Clara Butt, Mr. Norman Salmond, M. Johannes Wolff, M. Hollman, and ‘M. Raoul Pugno appeared.	Mr. Norman Salmond	Q5442324	person	country of citizenship	"Q145;Q174193"	"United Kingdom; United Kingdom of Great Britain and Ireland"
the_Musical_Times_ms_1895-634_1_	On the 5th ult. the Albert Hall was again crowded to excess on the occasion of Mr. Fould’s miscellaneous Concert, when Madame Albani, Miss Clara Butt, Mr. Norman Salmond, M. Johannes Wolff, M. Hollman, and ‘M. Raoul Pugno appeared.	M. Johannes Wolff	Q21129875	person	country of citizenship	Q29999	Kingdom of the Netherlands
the_Musical_Times_ms_1895-634_1_	On the 5th ult. the Albert Hall was again crowded to excess on the occasion of Mr. Fould’s miscellaneous Concert, when Madame Albani, Miss Clara Butt, Mr. Norman Salmond, M. Johannes Wolff, M. Hollman, and ‘M. Raoul Pugno appeared.	M. Hollman	Q1406368	person	country of citizenship	"Q142;Q29999"	"France; Kingdom of the Netherlands"
the_Musical_Times_ms_1895-634_1_	On the 5th ult. the Albert Hall was again crowded to excess on the occasion of Mr. Fould’s miscellaneous Concert, when Madame Albani, Miss Clara Butt, Mr. Norman Salmond, M. Johannes Wolff, M. Hollman, and ‘M. Raoul Pugno appeared.	M. Raoul Pugno	Q1333281	person	country of citizenship	Q142	France
The_Musical_Times_ms_1885-505_6_	The choir is steadily improving in precision, delicacy, and refinement, as was shown on this occasion, more particularly in ‘The Silver Swan” of Orlando Gibbons, Wilbye’s “Stay, Corydon,” and Pearsall’s famous ballad dialogue for ten voices, ‘Sir Patrick Spens.’	Wilbye	Q682089	person	country of citizenship	Q179876	Kingdom of England
The_Musical_Times_ms_1885-505_6_	The choir is steadily improving in precision, delicacy, and refinement, as was shown on this occasion, more particularly in ‘The Silver Swan” of Orlando Gibbons, Wilbye’s “Stay, Corydon,” and Pearsall’s famous ballad dialogue for ten voices, ‘Sir Patrick Spens.’	Pearsall	Q3816877	person	country of citizenship	Q174193	United Kingdom of Great Britain and Ireland
Dwight's Journal of Music_1859-004_ms_2	M.. Lubeck, director of the Royal Conservatory ‘at the Hague, sends us his tuning - fork, which 1s somewhat less high than our own, and ‘at the same. time promises us his adhesion and support.	M .. Lubeck	Q4271413	person	country of citizenship		
the_Musical_Times_ms_1884-493_3_	We are glad also to find that Reyer’s Opera ‘Sigurd,” lately received with so much favour in Brussels, will be given, with Madame Albani in the character of the heroine.	Reyer	Q516937	person	country of citizenship	Q142	France
the_Quarterly_Musical_Magazine_And_Review_ms_1827-034_3_	"If you doubt the excess of folly to which we have been led, during the last three years in the fine arts by our ridiculous vanity, which our journalists distinguish by the name of national honour, I refer you to that amongst our periodical works which possesses most talent, the Jotirnal des Debats; you will there find, in 1824 or 1823, that M. Monsigny, an excellent man, who produced some operas at the Feydeau, is the musician of Europe, that is to say, he is not only as well known as Mozart’ or Cimarosa in London, Vienna, and Naples, but is reputed to be by far superior to them all."	M. Monsigny	Q705124	person	country of citizenship	Q142	France
the_Musical_Times_ms_1902-709_4_	The first chapter in the volume begins by mentioning Emilio del Cavalieri’s ‘Rappresentatione di anima e di corpo,’ with which the new style of music made its entry into Rome in the year 1600, and then he goes on to show how varied melody, choral polyphony, the lied form, the aria, new tonality, and a feeling for unity were. gradually introduced and developed by such composers as Agazzari, Marco da Gagliano, Stefano Landi (whose works show important advance in form, instrumentation, and characterisation), Michelangelo, Rossi, & c.	Agazzari	Q395563	person	country of citizenship		
the_Musical_Times_ms_1902-709_4_	The first chapter in the volume begins by mentioning Emilio del Cavalieri’s ‘Rappresentatione di anima e di corpo,’ with which the new style of music made its entry into Rome in the year 1600, and then he goes on to show how varied melody, choral polyphony, the lied form, the aria, new tonality, and a feeling for unity were. gradually introduced and developed by such composers as Agazzari, Marco da Gagliano, Stefano Landi (whose works show important advance in form, instrumentation, and characterisation), Michelangelo, Rossi, & c.	Marco da Gagliano	Q540638	person	country of citizenship		
the_Musical_Times_ms_1902-709_4_	The first chapter in the volume begins by mentioning Emilio del Cavalieri’s ‘Rappresentatione di anima e di corpo,’ with which the new style of music made its entry into Rome in the year 1600, and then he goes on to show how varied melody, choral polyphony, the lied form, the aria, new tonality, and a feeling for unity were. gradually introduced and developed by such composers as Agazzari, Marco da Gagliano, Stefano Landi (whose works show important advance in form, instrumentation, and characterisation), Michelangelo, Rossi, & c.	Stefano Landi	Q381943	person	country of citizenship		
the_Musical_Times_ms_1902-709_4_	The first chapter in the volume begins by mentioning Emilio del Cavalieri’s ‘Rappresentatione di anima e di corpo,’ with which the new style of music made its entry into Rome in the year 1600, and then he goes on to show how varied melody, choral polyphony, the lied form, the aria, new tonality, and a feeling for unity were. gradually introduced and developed by such composers as Agazzari, Marco da Gagliano, Stefano Landi (whose works show important advance in form, instrumentation, and characterisation), Michelangelo, Rossi, & c.	Michelangelo , Rossi	Q966250	person	country of citizenship		
TheHarmonicon__1832-012.txt_1315	We now open the volume, and the presentation - plate immediately attracts our notice — an elegant lithographed design by Hamerton.	Hamerton	Q52498671	person	country of citizenship	Q145	United Kingdom
The Musical Times_1871-335_ms_5	"On the Ist of April following, Judas Maccabeus was reproduced, which had been brought out in the previous year as an ode of victory, a musical ovation, to William, Duke of Cumberland, in honour of his success against the unfortunate Charles Edward; and, on its reproduction, the song of triumph was interpolated into it from the other work, for, we may well believe, it had already become popular, although it had been first heard but three weeks before, and it embodied to the very life the people’s feelings; and since that occasion the piece has been integral to both Oratorios."	Charles Edward	Q312581	person	country of citizenship	Q161885	Kingdom of Great Britain
TheQuarterlyMusicalMagazineAndReview__1824-022.txt_3025	The next is a solo for an alto, anda quartet from Naumann.	Naumann	Q213927	person	country of citizenship	Q183	Germany
The Harmonicon_1832-006_ms_1	In the course of his studies he had composed several masses, motets, hymns, kyries,. magnificats, and other June, 1832. works in the church - style, which were occasionally performed at the chapel at Munich, so greatly to his reputation, that Ernest Augustus, Duke of Brunswick, the father of George I. of England, though a Protestant prince, being a passionate lover of music, invited him to the court of Hanover, conferred on him, it has been said, the appointment of master of his chapel *, and committed to his care the management of the Opera, an entertainment which had then but lately found its way into Germany.	Ernest Augustus , Duke of Brunswick	Q372190	person	country of citizenship	Q145	United Kingdom
The Harmonicon_1832-006_ms_1	In the course of his studies he had composed several masses, motets, hymns, kyries,. magnificats, and other June, 1832. works in the church - style, which were occasionally performed at the chapel at Munich, so greatly to his reputation, that Ernest Augustus, Duke of Brunswick, the father of George I. of England, though a Protestant prince, being a passionate lover of music, invited him to the court of Hanover, conferred on him, it has been said, the appointment of master of his chapel *, and committed to his care the management of the Opera, an entertainment which had then but lately found its way into Germany.	George I. of England	Q130805	person	country of citizenship	"Q161885;Q706018"	"Kingdom of Great Britain; Electorate of Hanover"
The Harmonicon_1827-002_ms_4	"Among the many that resorted to him for instruction, was Lord Paisley, afterwards Earl of Abercorn; to whom Dr. Pepusch had communicated lessons in writing for his private study, with no other stipulation not to impart them to the world, than is implied in the mutual relation of teacher and scholar: which, however, it seems, was so ill understood, that in the year 1730 the substance of these lessons was by his pupil published, under the following title: A short Treatise on Harmony, containing the chief rules for composing in two, three, and four parts, dedicated to all lovers of music."	Lord Paisley	Q3806590	person	country of citizenship	Q22	Scotland
TheMusicalWorld__1844-006.txt_135	, Wilson’s lecture was distinguished, as usual, by its good sense, and his vocal illustrations were exquisite	Wilson	Q6264502	person	country of citizenship	"Q161885;Q174193"	"Kingdom of Great Britain; United Kingdom of Great Britain and Ireland"
The_Musical_Times_ms_1899-680_1_	"In addition to the works already named, Mr. Randegger has composeda scena, ‘Medea,” sung by Madame Rudersdorff at the Leipzig Gewandhaus in 1869, of which the original autograph score is now preserved in the library of the Gewandhaus; “Saffo,” sung by Madame Lemmens Sherrington at the British Orchestral Society’s concert, March 31, 1875; the 150th Psalm, for. soprano solo, chorus, orchestra, and organ, written for the Boston (Mass.) Festival, 1872; and a scena, “The Prayer of Nature” (Byron), for Mr. Edward Lloyd, Philharmonic: Society, June 9, 1887."	Madame Rudersdorff	Q17575680	person	country of citizenship	Q34266	Russian Empire
The_Musical_Times_ms_1899-680_1_	"In addition to the works already named, Mr. Randegger has composeda scena, ‘Medea,” sung by Madame Rudersdorff at the Leipzig Gewandhaus in 1869, of which the original autograph score is now preserved in the library of the Gewandhaus; “Saffo,” sung by Madame Lemmens Sherrington at the British Orchestral Society’s concert, March 31, 1875; the 150th Psalm, for. soprano solo, chorus, orchestra, and organ, written for the Boston (Mass.) Festival, 1872; and a scena, “The Prayer of Nature” (Byron), for Mr. Edward Lloyd, Philharmonic: Society, June 9, 1887."	Madame Lemmens Sherrington	Q1027279	person	country of citizenship	Q174193	United Kingdom of Great Britain and Ireland
TheQuarterlyMusicalMagazineAndReview__1825-025.txt_1732	Gavinies published three books of sonatas, and several concertos, which are very highly esteemed by connoisseurs.	Gavinies	Q490205	person	date of birth	1728-05-11T00:00:00Z	1728-05-11T00:00:00Z
TheHarmonicon__1832-012.txt_996	, I believe Have you ever remonstrated or. petitioned the Lord Chamberlain upon the subject?	Lord Chamberlain	Q541755	person	date of birth	1790-05-21T00:00:00Z	1790-05-21T00:00:00Z
TheMusicalTimes__1875-388.txt_2262	Mr. Liddle officiated as leader of the band, Mr. C. Hancock presided at the harmonium, and Sir George Elvey conducted.	Mr. C. Hancock	Q16030597	person	date of birth	1852-01-04T00:00:00Z	1852-01-04T00:00:00Z
TheMusicalTimes__1875-388.txt_2262	Mr. Liddle officiated as leader of the band, Mr. C. Hancock presided at the harmonium, and Sir George Elvey conducted.	Sir George Elvey	Q5541104	person	date of birth	1816-03-27T00:00:00Z	1816-03-27T00:00:00Z
TheHarmonicon__1824-016.txt_50	Mr. Viotti had some share in the management of the King’s Theatre.	Mr. Viotti	Q313188	person	date of birth	1755-05-12T00:00:00Z	1755-05-12T00:00:00Z
TheMusicalWorld__1843-038.txt_147	of Rameau was represented in 1735, it was a balletopera Les Indes galantes.	Rameau	Q1145	person	date of birth	1683-09-25T00:00:00Z	1683-09-25T00:00:00Z
TheHarmonicon__1832-012.txt_4	Benzamin Rogenrs, son of Peter Rogers of St. George's Chapel, Windsor, was born in that town, and after being a chorister, became a lay - clerk, or singing - man, of the choir of which his father was a member.	Benzamin Rogenrs	Q18546476	person	date of birth	1614-06-02T00:00:00Z	1614-06-02T00:00:00Z
TheMusicalTimes__1876-402.txt_2227	The programme contained selections from the works of Bach, Handel, Mendelssohn, Cherubini, and Lefébure - Wély.	Bach	Q1339	person	date of birth	1685-03-31T00:00:00Z	1685-03-31T00:00:00Z
TheMusicalTimes__1876-402.txt_2227	The programme contained selections from the works of Bach, Handel, Mendelssohn, Cherubini, and Lefébure - Wély.	Handel	Q7302	person	date of birth	1685-03-05T00:00:00Z	1685-03-05T00:00:00Z
TheMusicalTimes__1876-402.txt_2227	The programme contained selections from the works of Bach, Handel, Mendelssohn, Cherubini, and Lefébure - Wély.	Mendelssohn	Q46096	person	date of birth	1809-02-03T00:00:00Z	1809-02-03T00:00:00Z
TheMusicalTimes__1876-402.txt_2227	The programme contained selections from the works of Bach, Handel, Mendelssohn, Cherubini, and Lefébure - Wély.	Cherubini	Q20721	person	date of birth	1760-09-14T00:00:00Z	1760-09-14T00:00:00Z
TheMusicalTimes__1876-402.txt_2227	The programme contained selections from the works of Bach, Handel, Mendelssohn, Cherubini, and Lefébure - Wély.	Lefébure - Wély	Q546919	person	date of birth	1817-11-13T00:00:00Z	1817-11-13T00:00:00Z
TheQuarterlyMusicalMagazineAndReview__1824-022.txt_3748	Mr. Mocre is the adaptor of words to this composition, which is a tirana, arranged by Mr. Bishop.	Mr. Mocre	Q315346	person	date of birth	1779-05-28T00:00:00Z	1779-05-28T00:00:00Z
TheQuarterlyMusicalMagazineAndReview__1824-022.txt_3748	Mr. Mocre is the adaptor of words to this composition, which is a tirana, arranged by Mr. Bishop.	Mr. Bishop	Q1200639	person	date of birth	1787-11-18T00:00:00Z	1787-11-18T00:00:00Z
TheMusicalTimes__1876-402.txt_1237	F. J. Amor, H. Lazarus, Walter Pettit, F. Ralph, P. Sainton, J. Thomas, A. White, and the Principal.	H. Lazarus	Q5724751	person	date of birth	1815-01-01T00:00:00Z	1815-01-01T00:00:00Z
TheMusicalTimes__1876-402.txt_1237	F. J. Amor, H. Lazarus, Walter Pettit, F. Ralph, P. Sainton, J. Thomas, A. White, and the Principal.	J. Thomas	Q1701921	person	date of birth	1826-03-01T00:00:00Z	1826-03-01T00:00:00Z
TheMusicalTimes__1876-402.txt_2212	Batiste’s Andante in G, an Offertoire by Lefébure - Wély, 2 Fugue by Mendelssohn, and Gounod’s	Batiste	Q274231	person	date of birth	1820-03-28T00:00:00Z	1820-03-28T00:00:00Z
TheMusicalTimes__1876-402.txt_2212	Batiste’s Andante in G, an Offertoire by Lefébure - Wély, 2 Fugue by Mendelssohn, and Gounod’s	Gounod	Q180278	person	date of birth	1818-06-17T00:00:00Z	1818-06-17T00:00:00Z
TheHarmonicon__1833-005.txt_1306	Under the Direction of the Earl of Cawdor, Wednesday, April 24, 1833.	Earl of Cawdor	Q6224952	person	date of birth	1790-11-08T00:00:00Z	1790-11-08T00:00:00Z
TheHarmonicon__1833-005.txt_274	Of the publication of Volume II. of Dr. Burney’s great work we have the following account:	Dr. Burney	Q547002	person	date of birth	1726-04-07T00:00:00Z	1726-04-07T00:00:00Z
TheHarmonicon__1824-016.txt_3646	On the same occasion, a quintett and chorus from Jerusalem delivered, an oratorio by M. Eberwein, which is still in MS. was received with much applause.	M. Eberwein	Q215521	person	date of birth	"1770-09-27T00:00:00Z;1775-10-27T00:00:00Z"	"1770-09-27T00:00:00Z; 1775-10-27T00:00:00Z"
TheMusicalTimes__1875-388.txt_580	The Music adapted from SPINDLER’s HUSARENRITT by Louis Dien1.	Louis Dien1	Q19900926	person	date of birth	1827-12-27T00:00:00Z	1827-12-27T00:00:00Z
DwightSJournalOfMusic__1873-016.txt_337	Some think they detect already in Weber's “Preciosa” and	Weber	Q154812	person	date of birth	"1786-11-01T00:00:00Z;1786-11-18T00:00:00Z;1786-12-18T00:00:00Z"	"1786-11-01T00:00:00Z; 1786-11-18T00:00:00Z; 1786-12-18T00:00:00Z"
TheHarmonicon__1824-016.txt_1362	Oakley, Esq., of Tavistock Place, and the late James Perry Esq.,. of the Morning Chronicle.	James Perry	Q15047460	person	date of birth	1756-10-30T00:00:00Z	1756-10-30T00:00:00Z
TheQuarterlyMusicalMagazineAndReview__1828-037.txt_1289	that many composers who lose themselves in the clouds of mannerism and affectation, would imitate thewisdom of Sirletti, Asioli, and Pollini —	Sirletti	Q102283903	person	date of birth		
TheQuarterlyMusicalMagazineAndReview__1828-037.txt_1289	that many composers who lose themselves in the clouds of mannerism and affectation, would imitate thewisdom of Sirletti, Asioli, and Pollini —	Asioli	Q892563	person	date of birth	1769-08-30T00:00:00Z	1769-08-30T00:00:00Z
TheQuarterlyMusicalMagazineAndReview__1828-037.txt_1289	that many composers who lose themselves in the clouds of mannerism and affectation, would imitate thewisdom of Sirletti, Asioli, and Pollini —	Pollini	Q1351579	person	date of birth	1762-03-26T00:00:00Z	1762-03-26T00:00:00Z
TheQuarterlyMusicalMagazineAndReview__1826-029.txt_43	"Second Concerto and Di Tanti, 294 Kiallmark, his Le pas de Polichinelle, 1145, Are ye'angry, 238;"	Kiallmark	Q18671297	person	date of birth	1781-01-01T00:00:00Z	1781-01-01T00:00:00Z
TheQuarterlyMusicalMagazineAndReview__1828-037.txt_1246	This enthusiastic composer, rich in talent, of the school of Bartolomeo Felici, wrote in the purest style.	Bartolomeo Felici	Q20757883	person	date of birth	1695-01-01T00:00:00Z	1695-01-01T00:00:00Z
TheQuarterlyMusicalMagazineAndReview__1828-037.txt_255	"Piano Forte ed Arpa da L. Cherubini, » Almen se non possio, Canzonetta; Poetry by Metastasio; Music by"	Metastasio	Q29473	person	date of birth	1698-01-03T00:00:00Z	1698-01-03T00:00:00Z
TheQuarterlyMusicalMagazineAndReview__1828-037.txt_2042	Here examples are given of the psalms of Marot and some of the earliest psalmists, whose compositions were even then considered as impudent innovations.	Marot	Q108926	person	date of birth	1495-12-11T00:00:00Z	1495-12-11T00:00:00Z
TheQuarterlyMusicalMagazineAndReview__1826-029.txt_1274	This will serve to give some idea of the extensive field entered upon by Martini, and the diffuseness of that part which is completed.	Martini	Q283651	person	date of birth		"1706-04-24T00:00:00Z; 1706-04-25T00:00:00Z"
TheHarmonicon__1828-001.txt_1842	the Bacchanalian Song from Spontini’s Danaides, and several other pieces too numerous to particularize.	Spontini	Q168485	person	date of birth	1774-11-14T00:00:00Z	1774-11-14T00:00:00Z
TheMusicalWorld__1844-006.txt_405	Vienna, Jan. 10. _ Donizetti has arrived in this city in perfect health.	Donizetti	Q101698	person	date of birth	1797-11-29T00:00:00Z	1797-11-29T00:00:00Z
TheQuarterlyMusicalMagazineAndReview__1824-022.txt_1692	Nevertheless, to be the rival of Carissimi he must have possessed considerable talent, both as a musician and a composer.	Carissimi	Q312686	person	date of birth	1605-04-18T00:00:00Z	1605-04-18T00:00:00Z
TheQuarterlyMusicalMagazineAndReview__1826-029.txt_1062	Since this note was written, a strong confirmation has been given to my opinion by a perusal of the History of the East Indies, from the French of L’Abbe Guyon.	L’Abbe Guyon	Q2976789	person	date of birth	1699-12-13T00:00:00Z	1699-12-13T00:00:00Z
TheMusicalWorld__1844-006.txt_932	Her Majesty and Prince Albert took a part in ‘Die Elfen Walzer.	Prince Albert	Q152245	person	date of birth	1819-08-26T00:00:00Z	1819-08-26T00:00:00Z
TheMusicalWorld__1843-036.txt_391	Nor let us omit the performance of Grisias the Lady Norina in Pasquale, which was one of the most admirable specimens of comic talent ever seen on any stage.	Grisias	Q287344	person	date of birth	"1811-05-22T00:00:00Z;1811-07-28T00:00:00Z"	"1811-05-22T00:00:00Z; 1811-07-28T00:00:00Z"
TheQuarterlyMusicalMagazineAndReview__1825-025.txt_1373	Sabadini also composed oratorios, the best of which was “La Divina Sapienza.	Sabadini	Q3638803	person	date of birth	1601-01-01T00:00:00Z	1601-01-01T00:00:00Z
TheMusicalTimes__1873-366.txt_1521	The chair was occupied en the occasion by Sir Thomas Gladstone, Bart.	Sir Thomas Gladstone	Q7529140	person	date of birth	1804-07-25T00:00:00Z	1804-07-25T00:00:00Z
TheMusicalTimes__1876-402.txt_2623	’s 24th Psalm, adapted to the English version, by W. T. Freemantle (and revised by the late Dr. S. S. Wesley).	W. T. Freemantle	Q8019310	person	date of birth	1849-01-01T00:00:00Z	1849-01-01T00:00:00Z
TheMusicalTimes__1876-402.txt_2623	’s 24th Psalm, adapted to the English version, by W. T. Freemantle (and revised by the late Dr. S. S. Wesley).	Dr. S. S. Wesley	Q746420	person	date of birth	1810-08-14T00:00:00Z	1810-08-14T00:00:00Z
TheMusicalTimes__1876-402.txt_1166	, Arthur Sullivan, Mus. D., Cantab., the Conductor, and the Principal — Eaton Faning.	Arthur Sullivan	Q212692	person	date of birth	1842-05-13T00:00:00Z	1842-05-13T00:00:00Z
TheMusicalTimes__1876-402.txt_1166	, Arthur Sullivan, Mus. D., Cantab., the Conductor, and the Principal — Eaton Faning.	Eaton Faning	Q5331349	person	date of birth	1850-05-20T00:00:00Z	1850-05-20T00:00:00Z
TheQuarterlyMusicalMagazineAndReview__1828-037.txt_2268	‘Carron side,” an opera by Signor Liverati, was produced with success.	Signor Liverati	Q3767573	person	date of birth	1772-03-27T00:00:00Z	1772-03-27T00:00:00Z
TheQuarterlyMusicalMagazineAndReview__1825-025.txt_1821	For ten years Jarnowick was in great favour with the public.	Jarnowick	Q1526160	person	date of birth	1747-10-26T00:00:00Z	1747-10-26T00:00:00Z
TheQuarterlyMusicalMagazineAndReview__1826-029.txt_2209	Mr. Kalkbrenner’s inelange displays great taste, both in the selection and treatment. of his subjects.	Mr. Kalkbrenner	Q170270	person	date of birth	"1785-11-02T00:00:00Z;1785-11-07T00:00:00Z"	"1785-11-02T00:00:00Z; 1785-11-07T00:00:00Z"
TheQuarterlyMusicalMagazineAndReview__1828-037.txt_208	“Qui est Rex Gloriosus,” Canon four in two, composed and dedicated to Thomas Attwood, Esq.	Thomas Attwood	Q2422110	person	date of birth	1765-11-23T00:00:00Z	1765-11-23T00:00:00Z
TheQuarterlyMusicalMagazineAndReview__1826-029.txt_3161	There are few persons in this country, we apprehend, who are not now aware of the splendid donation made by the late Viscount Fitzwilliam to the University of Cambridge.	Viscount Fitzwilliam	Q7325692	person	date of birth	1745-08-01T00:00:00Z	1745-08-01T00:00:00Z
TheMusicalWorld__1844-006.txt_464	The vocal music was scarcely so good as usual — with the exception of the scena of Miss Rainforth.	Miss Rainforth	Q17355767	person	date of birth	1814-01-01T00:00:00Z	1814-01-01T00:00:00Z
TheMusicalWorld__1844-006.txt_48	We can not speak too highly of the manner in which this magnificent burst of grandeur was rendered, by Mr. Sterndale Bennett and his able assistants,	Mr. Sterndale Bennett	Q201164	person	date of birth	1816-04-13T00:00:00Z	1816-04-13T00:00:00Z
TheQuarterlyMusicalMagazineAndReview__1825-025.txt_2506	passage, taken up by the other parts as a round, like Rossini’s	Rossini	Q9726	person	date of birth	1792-02-29T00:00:00Z	1792-02-29T00:00:00Z
TheMusicalTimes__1876-402.txt_1201	G. Benson, Ettore Fiori, Manuel Garcia, P. Goldberg, A. Randegger, T. A. Wallworth, and the Principal.	Ettore Fiori	Q55912552	person	date of birth	1826-10-04T00:00:00Z	1826-10-04T00:00:00Z
TheMusicalTimes__1876-402.txt_1201	G. Benson, Ettore Fiori, Manuel Garcia, P. Goldberg, A. Randegger, T. A. Wallworth, and the Principal.	Manuel Garcia	Q333183	person	date of birth	1805-03-17T00:00:00Z	1805-03-17T00:00:00Z
TheMusicalTimes__1876-402.txt_1201	G. Benson, Ettore Fiori, Manuel Garcia, P. Goldberg, A. Randegger, T. A. Wallworth, and the Principal.	A. Randegger	Q4712167	person	date of birth	1832-04-13T00:00:00Z	1832-04-13T00:00:00Z
TheHarmonicon__1832-012.txt_37	Thornhill drew ail their portraits in pencil, and Prior wrote humorous verses under each.	Thornhill	Q1681192	person	date of birth	"1675-07-25T00:00:00Z;1676-07-25T00:00:00Z"	"1675-07-25T00:00:00Z; 1676-07-25T00:00:00Z"
TheMusicalTimes__1875-388.txt_1671	The artists engaged were the Misses Agnes Drummond, Josephine Pulham, Marian Haigh, Florence Wydford, and Messrs. Henry Guy, Theodore Distin, E. Stone, and Thurley Beale.	Theodore Distin	Q76098551	person	date of birth	1824-01-01T00:00:00Z	1824-01-01T00:00:00Z
TheMusicalWorld__1843-038.txt_419	Mrs. Shaw sang the next piece, No. 17, with more grace and power of vocalization than she had displayed during her visit.	Mrs. Shaw	Q3291051	person	date of birth	1814-01-01T00:00:00Z	1814-01-01T00:00:00Z
TheMusicalTimes__1876-402.txt_2038	“Lives of the Professors of Gresham College” is a list of musical works in manuscript of Dr. J. Bull, in possession of Dr. Pepusch	Dr. J. Bull	Q511463	person	date of birth	1562-01-01T00:00:00Z	1562-01-01T00:00:00Z
TheMusicalTimes__1876-402.txt_2038	“Lives of the Professors of Gresham College” is a list of musical works in manuscript of Dr. J. Bull, in possession of Dr. Pepusch	Dr. Pepusch	Q371825	person	date of birth	1667-01-01T00:00:00Z	1667-01-01T00:00:00Z
TheQuarterlyMusicalMagazineAndReview__1828-037.txt_387	Air Suisse, with an Introduction and Variations for the Piano Forte, composed by H. Herz.	H. Herz	Q572547	person	date of birth	1802-01-06T00:00:00Z	1802-01-06T00:00:00Z
TheQuarterlyMusicalMagazineAndReview__1824-022.txt_3868	Dr. Anslem Bayly, Sub - Dean of this Majesty’s Chapels Royal.	Dr. Anslem Bayly	Q4770596	person	date of birth	1719-01-01T00:00:00Z	1719-01-01T00:00:00Z
TheQuarterlyMusicalMagazineAndReview__1825-025.txt_1912	Charles Phillippe Lafont, a very distinguished violinist, began to learn the violin with his mother, who was the sister of Berthaume, when yet very young.	Charles Phillippe Lafont	Q517502	person	date of birth	1781-12-01T00:00:00Z	1781-12-01T00:00:00Z
TheHarmonicon__1832-012.txt_1860	Among the pieces were Beethoven’s grand symphony in bp, and the overtures to Don Juan and Reissiger’s Felsenmithle, all of which were exquisitely played.	Beethoven	Q255	person	date of birth	1770-12-16T00:00:00Z	1770-12-16T00:00:00Z
TheHarmonicon__1832-012.txt_1860	Among the pieces were Beethoven’s grand symphony in bp, and the overtures to Don Juan and Reissiger’s Felsenmithle, all of which were exquisitely played.	Reissiger	Q213894	person	date of birth	1798-01-31T00:00:00Z	1798-01-31T00:00:00Z
TheQuarterlyMusicalMagazineAndReview__1825-025.txt_2308	Venice, besides the advantage of having orators destined to educate the singers, had Gasparini and Lotti as directors of the schools..	Gasparini	Q446955	person	date of birth	1668-03-19T00:00:00Z	1668-03-19T00:00:00Z
TheQuarterlyMusicalMagazineAndReview__1825-025.txt_2308	Venice, besides the advantage of having orators destined to educate the singers, had Gasparini and Lotti as directors of the schools..	Lotti	Q168345	person	date of birth	1667-01-05T00:00:00Z	1667-01-05T00:00:00Z
TheQuarterlyMusicalMagazineAndReview__1826-029.txt_3512	the subject of the Air from a French Melody, composed by Pio Glanchettini.	Pio Glanchettini	Q18819786	person	date of birth	1799-01-01T00:00:00Z	1799-01-01T00:00:00Z
TheQuarterlyMusicalMagazineAndReview__1825-025.txt_1788	w ho were accustomed to meet there frequently, such as Pagin, Gavinies, Pugnani, Gi- ardini, Van Malder, Dominico Ferrari, & c.	Pagin	Q516496	person	date of birth	1723-06-01T00:00:00Z	1723-06-01T00:00:00Z
TheQuarterlyMusicalMagazineAndReview__1825-025.txt_1788	w ho were accustomed to meet there frequently, such as Pagin, Gavinies, Pugnani, Gi- ardini, Van Malder, Dominico Ferrari, & c.	Pugnani	Q560926	person	date of birth	1731-11-27T00:00:00Z	1731-11-27T00:00:00Z
TheQuarterlyMusicalMagazineAndReview__1825-025.txt_1788	w ho were accustomed to meet there frequently, such as Pagin, Gavinies, Pugnani, Gi- ardini, Van Malder, Dominico Ferrari, & c.	Van Malder	Q509130	person	date of birth	1729-10-16T00:00:00Z	1729-10-16T00:00:00Z
TheQuarterlyMusicalMagazineAndReview__1825-025.txt_1788	w ho were accustomed to meet there frequently, such as Pagin, Gavinies, Pugnani, Gi- ardini, Van Malder, Dominico Ferrari, & c.	Dominico Ferrari	Q1237139	person	date of birth	1722-01-01T00:00:00Z	1722-01-01T00:00:00Z
TheHarmonicon__1828-001.txt_447	I am marvellously curious to see the violin quartet written by Rossini for Ricordi, the music - dealer, of Milan.	Ricordi	Q1046463	person	date of birth		
DwightSJournalOfMusic__1873-016.txt_742	When Garibaldi raised the standard of revolt at Marsala, a number of volunteers.	Garibaldi	Q539	person	date of birth	1807-07-04T00:00:00Z	1807-07-04T00:00:00Z
TheQuarterlyMusicalMagazineAndReview__1828-037.txt_3630	the paucity of the English female singers — Miss Stephens and.	Miss Stephens	Q5052928	person	date of birth	1794-09-18T00:00:00Z	1794-09-18T00:00:00Z
TheMusicalTimes__1876-402.txt_22	For further particulars apply to Mr. H. Keeton, “Registered for transmission abroad.	Mr. H. Keeton	Q1438256	person	date of birth	1847-10-26T00:00:00Z	1847-10-26T00:00:00Z
TheQuarterlyMusicalMagazineAndReview__1824-022.txt_3659	They are all tinctured with a certain degree of elegance and expressiveness, particularly these by Mr. Clifton, Mr. Crouch, Mr. Eavestaff, and Mr. Banister.	Mr. Clifton	Q6224338	person	date of birth	1781-11-07T00:00:00Z	1781-11-07T00:00:00Z
TheHarmonicon__1824-016.txt_1800	Since Barbaja seceded from the theatre, San Carlo has thrice been in danger of being burnt down.	Barbaja	Q908235	person	date of birth	1777-08-10T00:00:00Z	1777-08-10T00:00:00Z
TheQuarterlyMusicalMagazineAndReview__1825-025.txt_294	Variations, and an Introductory Prelude on some Passages from: the Incantation Scene, by N.C. Bochsa 4.	N.C. Bochsa	Q251397	person	date of birth	1789-08-09T00:00:00Z	1789-08-09T00:00:00Z
TheHarmonicon__1828-001.txt_1889	Signor Sabastiani, first clarinet at the theatre St. Carlo at Naples, is arrived in Paris.	Signor Sabastiani	Q109802688	person	date of birth	1803-01-01T00:00:00Z	1803-01-01T00:00:00Z
TheMusicalWorld__1843-036.txt_211	The predominant feature of Spohr’s music is a voluptuous monotony — a luxury indeed, but a vicious one.	Spohr	Q57226	person	date of birth	1784-04-05T00:00:00Z	1784-04-05T00:00:00Z
TheHarmonicon__1824-016.txt_1988	but, after all, why not have given a symphony or overture of Haydn or Mozart?	Haydn	Q7349	person	date of birth	1732-03-31T00:00:00Z	1732-03-31T00:00:00Z
TheHarmonicon__1824-016.txt_1988	but, after all, why not have given a symphony or overture of Haydn or Mozart?	Mozart	Q254	person	date of birth	1756-01-27T00:00:00Z	1756-01-27T00:00:00Z
DwightSJournalOfMusic__1868-012.txt_745	Adelina Patti — for that will continue to be her professional.	Adelina Patti	Q234166	person	date of birth	1843-02-19T00:00:00Z	1843-02-19T00:00:00Z
TheMusicalWorld__1843-029.txt_176	These two operas, and also two odes to Anacreon set to the Greek text, are the only fruits of our author's pen in the year 1799.	Anacreon	Q213484	person	date of birth	-0569-01-01T00:00:00Z	-0569-01-01T00:00:00Z
TheQuarterlyMusicalMagazineAndReview__1828-037.txt_1291	Grazioli (who must not be confounded with the composer of the same name, who died at Venice in 1820). has published several operas and some sacred music.	Grazioli	Q1525873	person	date of birth	1746-07-06T00:00:00Z	1746-07-06T00:00:00Z
TheQuarterlyMusicalMagazineAndReview__1825-025.txt_419	This Edition has been revised, and Passages for the additional Keys arranged for Piano Fortes up to C, by Mr. Moscheles.	Mr. Moscheles	Q159551	person	date of birth	1794-05-23T00:00:00Z	1794-05-23T00:00:00Z
TheMusicalWorld__1843-029.txt_42	The exquisite drollery of Levassor and John Parry were highly relished.	John Parry	Q3399352	person	date of birth	1776-02-18T00:00:00Z	1776-02-18T00:00:00Z
TheMusicalTimes__1875-388.txt_2208	The reception of the work was most enthusiastic, Dr. Bridge receiving quite an ovation at the close of the Oratorio.	Dr. Bridge	Q5497415	person	date of birth	1844-12-05T00:00:00Z	1844-12-05T00:00:00Z
TheHarmonicon__1832-012.txt_1878	The Societa Filodramatica is about to produce Bellini’s opera, I Montecchi e Capuleti.	Bellini	Q170209	person	date of birth	1801-11-03T00:00:00Z	1801-11-03T00:00:00Z
TheQuarterlyMusicalMagazineAndReview__1828-037.txt_720	we are moved only by admiration of the talents of Madame Pasta or Mademoiselle Sontag, displayed in executing the innumerable flights, arpeggios, and cadenzas which are allotted to them.	Madame Pasta	Q240963	person	date of birth	1797-10-26T00:00:00Z	1797-10-26T00:00:00Z
TheQuarterlyMusicalMagazineAndReview__1828-037.txt_720	we are moved only by admiration of the talents of Madame Pasta or Mademoiselle Sontag, displayed in executing the innumerable flights, arpeggios, and cadenzas which are allotted to them.	Mademoiselle Sontag	Q64098	person	date of birth	1806-01-03T00:00:00Z	1806-01-03T00:00:00Z
TheHarmonicon__1828-001.txt_1127	Ramsay was an acute observer of the character and manners of the Scottish peasantry, and has produced many pleasing and humorous sketches of the habits and sentiments peculiar to that race.	Ramsay	Q654775	person	date of birth	1686-10-15T00:00:00Z	1686-10-15T00:00:00Z
TheMusicalTimes__1873-366.txt_1370	To Mr. Willert Beale, the founder of these meetings, 8.	Mr. Willert Beale	Q7795125	person	date of birth	1828-01-01T00:00:00Z	1828-01-01T00:00:00Z
DwightSJournalOfMusic__1873-016.txt_390	Franz Liszt played this piece once with such mighty power and passion, such eloquence and truth, as I never heard before, probably never shall hear again.	Franz Liszt	Q41309	person	date of birth	1811-10-22T00:00:00Z	1811-10-22T00:00:00Z
TheMusicalTimes__1876-397.txt_744	3- SEVEN VOCAL DUETS, by Bellini, S. Glover, Macfarren, Donizetti, & c..	Macfarren	Q1374708	person	date of birth	1813-03-02T00:00:00Z	1813-03-02T00:00:00Z
TheMusicalTimes__1876-397.txt_2289	, Mr. Joseph Skeaf, the president, occupied the chair, Mr. William Laidlaw and Mr. T. Armstrong vicechairmen.	Mr. William Laidlaw	Q8014247	person	date of birth	1780-01-01T00:00:00Z	1780-01-01T00:00:00Z
TheQuarterlyMusicalMagazineAndReview__1825-025.txt_1896	In 1760 he sent him to Paris, and he there took lessons of Capron, and at the same time studied composition under Gossec.	Capron	Q120697	person	date of birth	1740-01-01T00:00:00Z	1740-01-01T00:00:00Z
TheQuarterlyMusicalMagazineAndReview__1825-025.txt_1896	In 1760 he sent him to Paris, and he there took lessons of Capron, and at the same time studied composition under Gossec.	Gossec	Q313667	person	date of birth	1734-01-17T00:00:00Z	1734-01-17T00:00:00Z
TheQuarterlyMusicalMagazineAndReview__1828-037.txt_1189	The church of Santa Maria Maggiore, the third in rank, had as chapel master the Maestro del Fante, who has now been dead some years.	Maestro del Fante	Q18416097	person	date of birth	1770-01-01T00:00:00Z	1770-01-01T00:00:00Z
TheMusicalWorld__1843-038.txt_67	"The vocalists were the Misses C. Novello, Rainforth, and Mrs. Alfred Shaw; Messrs. Braham, Phillips, Bennett, Walton, and J. Isherwood."	C. Novello	Q4322567	person	date of birth	1818-06-10T00:00:00Z	1818-06-10T00:00:00Z
TheMusicalWorld__1843-038.txt_67	"The vocalists were the Misses C. Novello, Rainforth, and Mrs. Alfred Shaw; Messrs. Braham, Phillips, Bennett, Walton, and J. Isherwood."	Braham	Q1699393	person	date of birth	1774-01-01T00:00:00Z	1774-01-01T00:00:00Z
TheQuarterlyMusicalMagazineAndReview__1825-025.txt_1684	Francoeur was born at Paris, in 1698, and is mentioned as having belonged.	Francoeur	Q1396905	person	date of birth	1698-09-21T00:00:00Z	1698-09-21T00:00:00Z
DwightSJournalOfMusic__1875-006.txt_919	Now let our readers take the finale of any opera by Mozart, of the Fidelio by Beethoven, and compare it side by side with the finale by Wagner.	Wagner	Q1511	person	date of birth	1813-05-22T00:00:00Z	1813-05-22T00:00:00Z
TheQuarterlyMusicalMagazineAndReview__1825-025.txt_1686	"Jean Pierre Guignon was born at Turin, in 1702; but as he came to France whilst very young, and established himself there, we shall consider him as a French violinist."	Jean Pierre Guignon	Q337573	person	date of birth	1702-02-10T00:00:00Z	1702-02-10T00:00:00Z
TheHarmonicon__1833-005.txt_173	This, I understand, was the method pursued by _ M. Chelard, the. maestro at the German opera last season at the King’s Theatre.	M. Chelard	Q924686	person	date of birth	1789-02-01T00:00:00Z	1789-02-01T00:00:00Z
TheQuarterlyMusicalMagazineAndReview__1826-029.txt_1733	De Begnis still occupies a place in the King’s Theatre.	De Begnis	Q3770409	person	date of birth	1793-01-01T00:00:00Z	1793-01-01T00:00:00Z
TheMusicalTimes__1876-397.txt_1327	WE regret to have to announce the sudden death, from heart disease, of Dr. H. J. Gauntlett, on the a2ist ult.	Dr. H. J. Gauntlett	Q11925412	person	date of birth	1805-07-09T00:00:00Z	1805-07-09T00:00:00Z
TheHarmonicon__1833-005.txt_1071	"Duet, ‘The streams that wind amid the hills,’ the Poetry by G. Darley, Esq.; the Music composed by Fanny Steers."	G. Darley	Q1450149	person	date of birth	1795-01-01T00:00:00Z	1795-01-01T00:00:00Z
TheHarmonicon__1833-005.txt_1071	"Duet, ‘The streams that wind amid the hills,’ the Poetry by G. Darley, Esq.; the Music composed by Fanny Steers."	Fanny Steers	Q104234927	person	date of birth	1797-01-01T00:00:00Z	1797-01-01T00:00:00Z
TheHarmonicon__1828-001.txt_1478	, Paer’s beautiful little duet, is better in its original form, than in that which is now given to it.	Paer	Q533022	person	date of birth	1771-07-01T00:00:00Z	1771-07-01T00:00:00Z
TheHarmonicon__1832-012.txt_126	Lord Bacon, Addison, Dr. Brown, Dugald Stewart, and many others,. are often betrayed into unconscious absurdities respecting musical effects by their ignorance of the science.	Lord Bacon	Q37388	person	date of birth	1561-02-01T00:00:00Z	1561-02-01T00:00:00Z
TheHarmonicon__1832-012.txt_126	Lord Bacon, Addison, Dr. Brown, Dugald Stewart, and many others,. are often betrayed into unconscious absurdities respecting musical effects by their ignorance of the science.	Addison	Q206384	person	date of birth	1672-05-01T00:00:00Z	1672-05-01T00:00:00Z
TheHarmonicon__1832-012.txt_126	Lord Bacon, Addison, Dr. Brown, Dugald Stewart, and many others,. are often betrayed into unconscious absurdities respecting musical effects by their ignorance of the science.	Dugald Stewart	Q218254	person	date of birth	1753-11-22T00:00:00Z	1753-11-22T00:00:00Z
TheQuarterlyMusicalMagazineAndReview__1826-029.txt_1038	Sir W. Jones, in his Catalogue of Manuscripts, deposited in the library of the Royal Society, gives us the names of some treatises in the Hindustanee language, which of course have never been translated..	Sir W. Jones	Q273969	person	date of birth	1746-09-28T00:00:00Z	1746-09-28T00:00:00Z
TheQuarterlyMusicalMagazineAndReview__1825-025.txt_1806	He quitted Parma, and returned to Tartini, with whom he studied ull the year 1769.	Tartini	Q108555	person	date of birth	1692-04-08T00:00:00Z	1692-04-08T00:00:00Z
TheMusicalTimes__1875-388.txt_2734	, Mrs. Mounsey Bartholomew, J. Barnby, H. Smart, G. A. Macfarren, Brinley Richard, H. S. Irons, Charles Salaman, Alberto Randegger, ].	Mrs. Mounsey Bartholomew	Q4766585	person	date of birth	1811-04-17T00:00:00Z	1811-04-17T00:00:00Z
TheMusicalTimes__1875-388.txt_2734	, Mrs. Mounsey Bartholomew, J. Barnby, H. Smart, G. A. Macfarren, Brinley Richard, H. S. Irons, Charles Salaman, Alberto Randegger, ].	H. Smart	Q466189	person	date of birth	1813-10-26T00:00:00Z	1813-10-26T00:00:00Z
TheMusicalTimes__1875-388.txt_2734	, Mrs. Mounsey Bartholomew, J. Barnby, H. Smart, G. A. Macfarren, Brinley Richard, H. S. Irons, Charles Salaman, Alberto Randegger, ].	Brinley Richard	Q4850963	person	date of birth	1819-11-13T00:00:00Z	1819-11-13T00:00:00Z
TheMusicalTimes__1875-388.txt_2734	, Mrs. Mounsey Bartholomew, J. Barnby, H. Smart, G. A. Macfarren, Brinley Richard, H. S. Irons, Charles Salaman, Alberto Randegger, ].	Charles Salaman	Q2959519	person	date of birth	1814-03-03T00:00:00Z	1814-03-03T00:00:00Z
TheQuarterlyMusicalMagazineAndReview__1825-025.txt_2356	He was born in Naples, where he studied the rudiments of music under Alessandro Scarlatti and Nicolo Porpora.	Alessandro Scarlatti	Q183087	person	date of birth	1660-05-02T00:00:00Z	1660-05-02T00:00:00Z
TheQuarterlyMusicalMagazineAndReview__1825-025.txt_2356	He was born in Naples, where he studied the rudiments of music under Alessandro Scarlatti and Nicolo Porpora.	Nicolo Porpora	Q312788	person	date of birth	1686-08-17T00:00:00Z	1686-08-17T00:00:00Z
TheHarmonicon__1832-012.txt_323	Mr. Linley proposed stating on his. song, that my quartett had been composed first.	Mr. Linley	Q5541748	person	date of birth	1797-12-27T00:00:00Z	1797-12-27T00:00:00Z
TheQuarterlyMusicalMagazineAndReview__1825-025.txt_2112	Luigi Rossi, Arcangelo Corelli, t with other great Italian compesers and imitators of Lulli at Paris, returned to their country with clearer and more distinct ideas of harmony.	Luigi Rossi	Q472714	person	date of birth	1597-01-01T00:00:00Z	1597-01-01T00:00:00Z
TheQuarterlyMusicalMagazineAndReview__1825-025.txt_2112	Luigi Rossi, Arcangelo Corelli, t with other great Italian compesers and imitators of Lulli at Paris, returned to their country with clearer and more distinct ideas of harmony.	Arcangelo Corelli	Q164475	person	date of birth	1653-02-17T00:00:00Z	1653-02-17T00:00:00Z
TheQuarterlyMusicalMagazineAndReview__1825-025.txt_2112	Luigi Rossi, Arcangelo Corelli, t with other great Italian compesers and imitators of Lulli at Paris, returned to their country with clearer and more distinct ideas of harmony.	Lulli	Q1192	person	date of birth	1632-11-28T00:00:00Z	1632-11-28T00:00:00Z
TheMusicalTimes__1876-397.txt_581	A COLLECTION OF ORGAN PIECE, “COMPOSED BY CHARLES JOSEPH FROST.	CHARLES JOSEPH FROST	Q94766323	person	date of birth	1848-06-20T00:00:00Z	1848-06-20T00:00:00Z
TheHarmonicon__1824-016.txt_1821	A new opera has been produced here, entitled Temistocle, from the pen of Paccini.	Paccini	Q357022	person	date of birth	"1796-02-11T00:00:00Z;1796-02-17T00:00:00Z"	"1796-02-11T00:00:00Z; 1796-02-17T00:00:00Z"
TheQuarterlyMusicalMagazineAndReview__1825-025.txt_1645	When given over by his physicians,: the Chevalier de Lorraine came to seehim.	Chevalier de Lorraine	Q916954	person	date of birth	1643-01-01T00:00:00Z	1643-01-01T00:00:00Z
DwightSJournalOfMusic__1873-016.txt_305	His fugues are indeed ‘superior to those of Spohr, Schneider, Loewe	Schneider	Q213906	person	date of birth	1786-01-03T00:00:00Z	1786-01-03T00:00:00Z
DwightSJournalOfMusic__1873-016.txt_305	His fugues are indeed ‘superior to those of Spohr, Schneider, Loewe	Loewe	Q158899	person	date of birth	1796-11-30T00:00:00Z	1796-11-30T00:00:00Z
TheQuarterlyMusicalMagazineAndReview__1825-025.txt_2407	"Ferri, Matteucci, and Guadagni, were knighted; Farinelli was presented with the cross of Calatrava, in Spain, where, under his direction and management were revived, in theatrical spectacles, all the magnificence and good taste of ancient Athens."	Ferri	Q804749	person	date of birth	1610-12-09T00:00:00Z	1610-12-09T00:00:00Z
TheQuarterlyMusicalMagazineAndReview__1825-025.txt_2407	"Ferri, Matteucci, and Guadagni, were knighted; Farinelli was presented with the cross of Calatrava, in Spain, where, under his direction and management were revived, in theatrical spectacles, all the magnificence and good taste of ancient Athens."	Guadagni	Q3094278	person	date of birth	1728-02-16T00:00:00Z	1728-02-16T00:00:00Z
TheQuarterlyMusicalMagazineAndReview__1825-025.txt_2407	"Ferri, Matteucci, and Guadagni, were knighted; Farinelli was presented with the cross of Calatrava, in Spain, where, under his direction and management were revived, in theatrical spectacles, all the magnificence and good taste of ancient Athens."	Farinelli	Q223744	person	date of birth	1705-01-24T00:00:00Z	1705-01-24T00:00:00Z
TheQuarterlyMusicalMagazineAndReview__1828-037.txt_2164	The season began with Madame Caradori and Mademoiselle Brambilla as principals, Signors Curioni, Pellegrini, and Porto. - Mr. A. Sapio also _ appeared, but only it should seem as an occasional assistant.	Madame Caradori	Q16065895	person	date of birth		1800-01-01T00:00:00Z
TheQuarterlyMusicalMagazineAndReview__1828-037.txt_2164	The season began with Madame Caradori and Mademoiselle Brambilla as principals, Signors Curioni, Pellegrini, and Porto. - Mr. A. Sapio also _ appeared, but only it should seem as an occasional assistant.	Mademoiselle Brambilla	Q3847905	person	date of birth	1807-06-06T00:00:00Z	1807-06-06T00:00:00Z
TheQuarterlyMusicalMagazineAndReview__1828-037.txt_2164	The season began with Madame Caradori and Mademoiselle Brambilla as principals, Signors Curioni, Pellegrini, and Porto. - Mr. A. Sapio also _ appeared, but only it should seem as an occasional assistant.	Signors Curioni	Q87346693	person	date of birth	1785-01-01T00:00:00Z	1785-01-01T00:00:00Z
TheMusicalWorld__1843-036.txt_362	Who ever dreamed of’ an opera season coming to a close without hearing Rubini?	Rubini	Q941040	person	date of birth	1794-04-07T00:00:00Z	1794-04-07T00:00:00Z
TheHarmonicon__1828-001.txt_28	18 Concerts at the Two Universities 18 On the Major and Minor Semitones, and on the Rev. Mr. Liston’s Organ.	Rev. Mr. Liston	Q5724966	person	date of birth	1771-06-30T00:00:00Z	1771-06-30T00:00:00Z
DwightSJournalOfMusic__1868-012.txt_1398	A pleasing ballad, with fine melody, sung by Adelaide Phillips.	Adelaide Phillips	Q4681758	person	date of birth	1833-10-26T00:00:00Z	1833-10-26T00:00:00Z
TheMusicalTimes__1875-388.txt_1053	Varesi has materially strengthened her position since her début in “Rigoletto” especially as the heroine in	Varesi	Q102075928	person	date of birth	1856-01-01T00:00:00Z	1856-01-01T00:00:00Z
TheQuarterlyMusicalMagazineAndReview__1825-025.txt_1679	Michel Richard Lalande, who married the daughter of Rebel, was also a composer and violinist of some fame..	Michel Richard Lalande	Q312979	person	date of birth	1657-12-15T00:00:00Z	1657-12-15T00:00:00Z
TheMusicalTimes__1875-388.txt_1005	The vocalists thus honoured — Miss Edith Wynne, Madame Patey, Mr. Lloyd and Mr. Santley — have every reason to. congratulate themselves upon this.	Miss Edith Wynne	Q7422270	person	date of birth	1842-03-11T00:00:00Z	1842-03-11T00:00:00Z
TheMusicalTimes__1875-388.txt_1005	The vocalists thus honoured — Miss Edith Wynne, Madame Patey, Mr. Lloyd and Mr. Santley — have every reason to. congratulate themselves upon this.	Madame Patey	Q6153509	person	date of birth	1842-05-01T00:00:00Z	1842-05-01T00:00:00Z
TheMusicalTimes__1875-388.txt_1005	The vocalists thus honoured — Miss Edith Wynne, Madame Patey, Mr. Lloyd and Mr. Santley — have every reason to. congratulate themselves upon this.	Mr. Lloyd	Q5344187	person	date of birth	1845-03-07T00:00:00Z	1845-03-07T00:00:00Z
TheMusicalTimes__1875-388.txt_1005	The vocalists thus honoured — Miss Edith Wynne, Madame Patey, Mr. Lloyd and Mr. Santley — have every reason to. congratulate themselves upon this.	Mr. Santley	Q521746	person	date of birth	1834-02-28T00:00:00Z	1834-02-28T00:00:00Z
TheHarmonicon__1828-001.txt_39	39 Improvements in Music Printing, Account of Mr. Cowper’s Lecture on,.	Mr. Cowper	Q315537	person	date of birth	1731-11-26T00:00:00Z	1731-11-26T00:00:00Z
TheHarmonicon__1832-012.txt_1587	The lithographed portrait of Sir W. Scott, in the title - page, is the best part of it.	Sir W. Scott	Q79025	person	date of birth	1771-08-15T00:00:00Z	1771-08-15T00:00:00Z
TheHarmonicon__1824-016.txt_129	In 1728, he ceded his privilege to M. Simard, who appointed M. Mouret the director of the music.	M. Mouret	Q960766	person	date of birth	1682-04-11T00:00:00Z	1682-04-11T00:00:00Z
TheQuarterlyMusicalMagazineAndReview__1824-022.txt_2925	We beg to be understood that we do not allude to Dr. Clarke Whitfield, whose respectability forbids the possibility of any such imputation.	Dr. Clarke Whitfield	Q6226247	person	date of birth	1770-12-13T00:00:00Z	1770-12-13T00:00:00Z
TheQuarterlyMusicalMagazineAndReview__1824-022.txt_1280	Gehring Jean Guillaume became master of the Chapel of Rudolstadt, after the death.of Gebel.	Gebel	Q472371	person	date of birth	1709-10-25T00:00:00Z	1709-10-25T00:00:00Z
TheMusicalTimes__1876-402.txt_1698	On the eve of going to press we have received intelligence of the death of Mr. T. M. Mudie, one of the pupils originally elected on the foundation of the Royal Academy of Music.	Mr. T. M. Mudie	Q18577092	person	date of birth	1809-11-30T00:00:00Z	1809-11-30T00:00:00Z
TheMusicalWorld__1843-036.txt_785	performed at Her Majestvy’s Theatre, dedicated, by special permission, to Her Royal Highness the Duchess of Cambridge.	Her Royal Highness	Q61328	person	date of birth	1822-07-19T00:00:00Z	1822-07-19T00:00:00Z
TheMusicalTimes__1875-388.txt_2737	Baptiste Calkin, Boyton Smith, E. H. Thorne, W. G. Cusins, E. M. Delaborde, E. Silas, John Hullah, E. H. Turpin, Franz Nava, F. E. Gladstone, C. W. Lavington, J. E. Richardson, R. Forsey Brion, and J. Tilleard.	Baptiste Calkin	Q1449465	person	date of birth	1827-03-16T00:00:00Z	1827-03-16T00:00:00Z
TheMusicalTimes__1875-388.txt_2737	Baptiste Calkin, Boyton Smith, E. H. Thorne, W. G. Cusins, E. M. Delaborde, E. Silas, John Hullah, E. H. Turpin, Franz Nava, F. E. Gladstone, C. W. Lavington, J. E. Richardson, R. Forsey Brion, and J. Tilleard.	Boyton Smith	Q110136517	person	date of birth	1837-01-01T00:00:00Z	1837-01-01T00:00:00Z
TheMusicalTimes__1875-388.txt_2737	Baptiste Calkin, Boyton Smith, E. H. Thorne, W. G. Cusins, E. M. Delaborde, E. Silas, John Hullah, E. H. Turpin, Franz Nava, F. E. Gladstone, C. W. Lavington, J. E. Richardson, R. Forsey Brion, and J. Tilleard.	E. H. Thorne	Q5345615	person	date of birth	1834-01-01T00:00:00Z	1834-01-01T00:00:00Z
TheMusicalTimes__1875-388.txt_2737	Baptiste Calkin, Boyton Smith, E. H. Thorne, W. G. Cusins, E. M. Delaborde, E. Silas, John Hullah, E. H. Turpin, Franz Nava, F. E. Gladstone, C. W. Lavington, J. E. Richardson, R. Forsey Brion, and J. Tilleard.	W. G. Cusins	Q4208355	person	date of birth	1833-10-14T00:00:00Z	1833-10-14T00:00:00Z
TheMusicalTimes__1875-388.txt_2737	Baptiste Calkin, Boyton Smith, E. H. Thorne, W. G. Cusins, E. M. Delaborde, E. Silas, John Hullah, E. H. Turpin, Franz Nava, F. E. Gladstone, C. W. Lavington, J. E. Richardson, R. Forsey Brion, and J. Tilleard.	John Hullah	Q6253603	person	date of birth	1812-06-27T00:00:00Z	1812-06-27T00:00:00Z
TheMusicalTimes__1875-388.txt_2737	Baptiste Calkin, Boyton Smith, E. H. Thorne, W. G. Cusins, E. M. Delaborde, E. Silas, John Hullah, E. H. Turpin, Franz Nava, F. E. Gladstone, C. W. Lavington, J. E. Richardson, R. Forsey Brion, and J. Tilleard.	F. E. Gladstone	Q5480836	person	date of birth	1845-03-02T00:00:00Z	1845-03-02T00:00:00Z
TheQuarterlyMusicalMagazineAndReview__1828-037.txt_1669	Crescentini alone has adopted the method of the conservatory of Peris.	Crescentini	Q552124	person	date of birth	"1762-02-02T00:00:00Z;1766-02-02T00:00:00Z"	"1762-02-02T00:00:00Z; 1766-02-02T00:00:00Z"
DwightSJournalOfMusic__1868-012.txt_711	He was accompanied by the, French Ambassador, Prince de la Tour d’Auvergne, the Dake of Manchester, Mr. Mure, and other friends.	Prince de la Tour d’Auvergne	Q3132295	person	date of birth	1823-10-21T00:00:00Z	1823-10-21T00:00:00Z
DwightSJournalOfMusic__1868-012.txt_711	He was accompanied by the, French Ambassador, Prince de la Tour d’Auvergne, the Dake of Manchester, Mr. Mure, and other friends.	Dake of Manchester	Q860041	person	date of birth	1823-10-15T00:00:00Z	1823-10-15T00:00:00Z
TheHarmonicon__1828-001.txt_1556	The chairman was supported by Messrs. Clementi, J. B. Cramer, Braham and Moscheles.	Messrs. Clementi	Q193673	person	date of birth	1752-01-23T00:00:00Z	1752-01-23T00:00:00Z
TheHarmonicon__1828-001.txt_1556	The chairman was supported by Messrs. Clementi, J. B. Cramer, Braham and Moscheles.	J. B. Cramer	Q455212	person	date of birth		1771-02-24T00:00:00Z
TheHarmonicon__1833-005.txt_1729	The principal new productions, besides Der Templer und die Jiidin, which particularly delighted the Jews, have been Die Fremde (La Straniera), of Bellini, Der Vampyr, of Marschner, and Zampa, of Herold.	Marschner	Q160063	person	date of birth	1795-08-16T00:00:00Z	1795-08-16T00:00:00Z
TheHarmonicon__1833-005.txt_1729	The principal new productions, besides Der Templer und die Jiidin, which particularly delighted the Jews, have been Die Fremde (La Straniera), of Bellini, Der Vampyr, of Marschner, and Zampa, of Herold.	Herold	Q362639	person	date of birth	1791-01-28T00:00:00Z	1791-01-28T00:00:00Z
TheQuarterlyMusicalMagazineAndReview__1828-037.txt_3478	Mr. De Beriot’s concerto had all his beautiful perfection — so smooth, so sweet, 80 brilliant, and in such exquisite taste.	Mr. De Beriot	Q385217	person	date of birth	1802-02-20T00:00:00Z	1802-02-20T00:00:00Z
TheMusicalWorld__1843-029.txt_47	part with his never - failing ability, and M. Tolbeeque led the band.	M. Tolbeeque	Q2871419	person	date of birth	1830-03-30T00:00:00Z	1830-03-30T00:00:00Z
TheHarmonicon__1832-012.txt_421	In the reign of Edward I., it again rose to eminence.	Edward I.	Q57798	person	date of birth	1239-06-24T00:00:00Z	1239-06-24T00:00:00Z
TheQuarterlyMusicalMagazineAndReview__1825-025.txt_1526	Mestrino published twelve concertos for his instrument, which contain extremely beautiful solos..	Mestrino	Q1984708	person	date of birth	1748-01-01T00:00:00Z	1748-01-01T00:00:00Z
TheMusicalTimes__1875-388.txt_1017	I can not thank you sufficiently for this splendid testimonial which you and other friends have just presented to me under this hospitable roof by the hands of Lord Dudley.	Lord Dudley	Q8019995	person	date of birth	1817-03-27T00:00:00Z	1817-03-27T00:00:00Z
TheQuarterlyMusicalMagazineAndReview__1825-025.txt_1927	Cupis, the rival of Leclair, was considered as a very superior chamber violinist.	Cupis	Q1684628	person	date of birth	1711-11-23T00:00:00Z	1711-11-23T00:00:00Z
TheQuarterlyMusicalMagazineAndReview__1825-025.txt_1927	Cupis, the rival of Leclair, was considered as a very superior chamber violinist.	Leclair	Q348875	person	date of birth	1697-05-10T00:00:00Z	1697-05-10T00:00:00Z
DwightSJournalOfMusic__1875-006.txt_394	Anton Stradler, the clarinettist, for whom Mozart wrote his admirable quintet, was not ashamed to take unfair advantage of that generosity.	Anton Stradler	Q78623	person	date of birth	1753-06-28T00:00:00Z	1753-06-28T00:00:00Z
TheQuarterlyMusicalMagazineAndReview__1825-025.txt_4028	Dr. Harington was greatly overcome by the scene, and could only exclaim, ‘She is an angel,’ as he left the room.	Dr. Harington	Q18671401	person	date of birth	1727-01-01T00:00:00Z	1727-01-01T00:00:00Z
DwightSJournalOfMusic__1873-016.txt_1257	A committee of London gentlemen have issued a proposal for the representation of a series of ancient “Italian operas, to be given under the direction of “Signer -Monari	Signer -Monari	Q3680460	person	date of birth	1660-01-01T00:00:00Z	1660-01-01T00:00:00Z
TheQuarterlyMusicalMagazineAndReview__1824-022.txt_1273	Gebauer Francois Réné was born at Veisailles, i in 1775.	Gebauer Francois Réné	Q96558	person	date of birth	1773-03-15T00:00:00Z	1773-03-15T00:00:00Z
TheQuarterlyMusicalMagazineAndReview__1825-025.txt_166	Three Grand Sonatas for the Piano F orte, composed by Charles Ambrose eoeesereeeceens ee 104 XVI.	Charles Ambrose	Q5075106	person	date of birth	1791-01-01T00:00:00Z	1791-01-01T00:00:00Z
TheMusicalTimes__1876-397.txt_1345	"the Duke of Edinburgh publicly announced that there was no intention, in founding this Institution, of interfering with the operations of the Royal Academy of Music; and that many other speakers, including Sir Julius Benedict, expressed their intention of supporting the new school as an ally, and not as a rival, of the older one."	Duke of Edinburgh	Q158143	person	date of birth	1844-08-06T00:00:00Z	1844-08-06T00:00:00Z
TheMusicalTimes__1876-397.txt_1345	"the Duke of Edinburgh publicly announced that there was no intention, in founding this Institution, of interfering with the operations of the Royal Academy of Music; and that many other speakers, including Sir Julius Benedict, expressed their intention of supporting the new school as an ally, and not as a rival, of the older one."	Sir Julius Benedict	Q510435	person	date of birth	1804-11-27T00:00:00Z	1804-11-27T00:00:00Z
TheMusicalWorld__1843-038.txt_641	The programme will contain a new piano - forte and violoncello sonata by Mendelssohn, to be performed by Bennett and Lucas.	Lucas	Q5080372	person	date of birth	1808-07-28T00:00:00Z	1808-07-28T00:00:00Z
TheMusicalTimes__1876-402.txt_1207	Sir J. Goss, Mus. D., Cantab., C. Steggall, Mus. D., Cantab., and the Principal.	Sir J. Goss	Q345870	person	date of birth	1800-12-27T00:00:00Z	1800-12-27T00:00:00Z
TheMusicalTimes__1876-402.txt_1207	Sir J. Goss, Mus. D., Cantab., C. Steggall, Mus. D., Cantab., and the Principal.	C. Steggall	Q5082654	person	date of birth	1826-06-03T00:00:00Z	1826-06-03T00:00:00Z
DwightSJournalOfMusic__1873-016.txt_1105	who would insist upon the mountain's coming to Mahomet.	Mahomet	Q9458	person	date of birth	0571-04-22T00:00:00Z	0571-04-22T00:00:00Z
TheMusicalTimes__1875-388.txt_1126	’s performance of the first Allegro and Andante of Rubinstein’s Violin Concerto in G, at the third concert, was in every respect admirable.	Rubinstein	Q87567	person	date of birth	1829-11-28T00:00:00Z	1829-11-28T00:00:00Z
TheHarmonicon__1824-016.txt_1884	Wis Royal Highness the Duke of Cumberland, Thursday, March 4th, 1824.	Duke of Cumberland	Q162302	person	date of birth	1771-06-05T00:00:00Z	1771-06-05T00:00:00Z
TheHarmonicon__1824-016.txt_2237	"Under the direction of His Grace the Archbishop of York, Wednesday, March 24th; 1824."	Archbishop of	Q3048710	person	date of birth	1757-10-10T00:00:00Z	1757-10-10T00:00:00Z
TheMusicalTimes__1876-397.txt_2284	Mr. H. W. George presided at the harmonium, and Mr. J. Lunn conducted.	Mr. J. Lunn	Q16198956	person	date of birth	1831-03-08T00:00:00Z	1831-03-08T00:00:00Z
TheMusicalWorld__1843-029.txt_43	The concert began with Auber’s pretty and sparkling overture to Les Diamans de la Cou-.	Auber	Q157672	person	date of birth	1782-01-29T00:00:00Z	1782-01-29T00:00:00Z
DwightSJournalOfMusic__1873-016.txt_615	The conversation turned upon Gnecco’s comic duet, which Malibran sang so frequently and charmingly with Lablache.	Gnecco	Q1121021	person	date of birth	1769-01-01T00:00:00Z	1769-01-01T00:00:00Z
DwightSJournalOfMusic__1873-016.txt_615	The conversation turned upon Gnecco’s comic duet, which Malibran sang so frequently and charmingly with Lablache.	Malibran	Q232783	person	date of birth	1808-03-24T00:00:00Z	1808-03-24T00:00:00Z
DwightSJournalOfMusic__1873-016.txt_615	The conversation turned upon Gnecco’s comic duet, which Malibran sang so frequently and charmingly with Lablache.	Lablache	Q477681	person	date of birth	1794-12-06T00:00:00Z	1794-12-06T00:00:00Z
TheMusicalTimes__1876-397.txt_3380	National Hymn, (with chorus), to celebrate the return of the Prince of Wales.	Prince of Wales	Q20875	person	date of birth	1841-11-09T00:00:00Z	1841-11-09T00:00:00Z
TheMusicalTimes__1873-366.txt_350	This pointing of the Canticles is authorised by His Grace the Archbishop of York.	His Grace the Archbishop	Q377308	person	date of birth	1819-02-11T00:00:00Z	1819-02-11T00:00:00Z
TheQuarterlyMusicalMagazineAndReview__1828-037.txt_1586	We also heard a superb Magnificat i in A minor by L. Leo, which seemed to us worthy of the composer..	L. Leo	Q316735	person	date of birth	1694-08-05T00:00:00Z	1694-08-05T00:00:00Z
TheHarmonicon__1833-005.txt_1620	This was never heard of after the retreat of Mr. Waters to Calais.	Mr. Waters	Q16859200	person	date of birth	1774-01-01T00:00:00Z	1774-01-01T00:00:00Z
TheMusicalTimes__1876-402.txt_423	For terms, apply to Mr. E. J. Bilton, Trinity College, Cambridge.	Mr. E. J. Bilton	Q110966934	person	date of birth	1839-01-01T00:00:00Z	1839-01-01T00:00:00Z
TheQuarterlyMusicalMagazineAndReview__1825-025.txt_54	[ i Crociato, 373 Mayseder’s Compositions, 360, 310 Mazurka, 236 Melographicon, 409 Mengozzi, 345 Mestrino, 40.	Mayseder	Q672225	person	date of birth	"1789-10-16T00:00:00Z;1789-10-26T00:00:00Z;1789-10-27T00:00:00Z"	"1789-10-16T00:00:00Z; 1789-10-26T00:00:00Z; 1789-10-27T00:00:00Z"
TheQuarterlyMusicalMagazineAndReview__1824-022.txt_1793	Fabio Constantini flourished about the year 1630, and ultimately became maestro at the chapel of Loretto.	Fabio Constantini	Q3737659	person	date of birth	1575-01-01T00:00:00Z	1575-01-01T00:00:00Z
TheQuarterlyMusicalMagazineAndReview__1824-022.txt_3016	Book 8 opens witha composition in four parts, by Mr. Novello, of which the combined elegance and learning	Mr. Novello	Q2526705	person	date of birth	1781-09-06T00:00:00Z	1781-09-06T00:00:00Z
TheMusicalWorld__1843-029.txt_472	M. Le- vassor will, moreover, sing two of his most popular chansonettes.	M. Le- vassor	Q3385954	person	date of birth	1808-01-25T00:00:00Z	1808-01-25T00:00:00Z
TheQuarterlyMusicalMagazineAndReview__1825-025.txt_3429	"The Banks of Allan Water, arranged with an Introduction and Coda for the Piano Forte; by Cipriani Potter."	Cipriani Potter	Q1092737	person	date of birth	1792-10-03T00:00:00Z	1792-10-03T00:00:00Z
TheMusicalTimes__1876-397.txt_1352	Mr. W. H.- Cummings, a most zealous musical antiquarian, as	W. H.- Cummings	Q3827349	person	date of birth	1831-08-22T00:00:00Z	1831-08-22T00:00:00Z
TheQuarterlyMusicalMagazineAndReview__1828-037.txt_313	Three Easy Duets for Two Violoncellos, by F. W. Crouch -.... 254 XV.	F. W. Crouch	Q5497599	person	date of birth	1808-07-30T00:00:00Z	1808-07-30T00:00:00Z
TheMusicalTimes__1875-388.txt_2219	Ebdon’s Magnificat and Nunc dimittis in C were admirably sung.	Ebdon	Q3525084	person	date of birth	1738-01-01T00:00:00Z	1738-01-01T00:00:00Z
TheQuarterlyMusicalMagazineAndReview__1824-022.txt_1349	In 1763 he composed a grand cantata for the chapel of Sonderhausen, which was performed at a féte on the birth - day of the Prince of Swartzburg.	Prince of Swartzburg	Q832878	person	date of birth	1760-12-05T00:00:00Z	1760-12-05T00:00:00Z
TheQuarterlyMusicalMagazineAndReview__1825-025.txt_1463	"He afterwards received further instructions from Saratelli, the predecessor of Galuppi;, as Chapel Master of St. Mark at Venice."	Saratelli	Q1522112	person	date of birth	1682-01-01T00:00:00Z	1682-01-01T00:00:00Z
TheQuarterlyMusicalMagazineAndReview__1825-025.txt_1463	"He afterwards received further instructions from Saratelli, the predecessor of Galuppi;, as Chapel Master of St. Mark at Venice."	Galuppi	Q208338	person	date of birth	1706-10-18T00:00:00Z	1706-10-18T00:00:00Z
TheMusicalTimes__1876-397.txt_1383	Mr. Manns deserves much credit for the introduction of this interesting composition.	Mr. Manns	Q4820769	person	date of birth	1825-03-12T00:00:00Z	1825-03-12T00:00:00Z
TheQuarterlyMusicalMagazineAndReview__1826-029.txt_1158	These extracts are from Sir John Malcolm’ s Memoir of Central India.	Sir John Malcolm	Q1700959	person	date of birth	1769-05-02T00:00:00Z	1769-05-02T00:00:00Z
TheMusicalWorld__1843-038.txt_822	Composed and Dedicated to MISS DOLBY, BY FELIX MENDELLSOAN BARTHOLDY.	MISS DOLBY	Q4164386	person	date of birth	1821-05-17T00:00:00Z	1821-05-17T00:00:00Z
TheQuarterlyMusicalMagazineAndReview__1828-037.txt_2288	Subsequently, in consequence of Miss Paton’s illness, Madame Caradori Allan, Mademoiselle Brambilla, and Signor de Begnis.	Miss Paton	Q16888398	person	date of birth	1802-10-01T00:00:00Z	1802-10-01T00:00:00Z
TheQuarterlyMusicalMagazineAndReview__1828-037.txt_2288	Subsequently, in consequence of Miss Paton’s illness, Madame Caradori Allan, Mademoiselle Brambilla, and Signor de Begnis.	Mademoiselle Brambilla	Q3984276	person	date of birth	1813-10-23T00:00:00Z	1813-10-23T00:00:00Z
TheHarmonicon__1824-016.txt_1690	_ Salieri, the composer, is so seriously indisposed, that great doubts are entertained of his recovery.	Salieri	Q51088	person	date of birth	1750-08-18T00:00:00Z	1750-08-18T00:00:00Z
TheHarmonicon__1832-012.txt_44	kins remarks, with more liberality, that Tudway was studious in his profession, and left behind him, in a letter to his son, an account of the music and musicians of his time, containing ‘many very curious particulars, and some facts which, but for him, must have been buried in oblivion.	Tudway	Q16704153	person	date of birth	1656-01-01T00:00:00Z	1656-01-01T00:00:00Z
TheQuarterlyMusicalMagazineAndReview__1825-025.txt_567	The Sun on the Lake shines serene, composed by John Davy' 3.	John Davy	Q11928224	person	date of birth	1763-12-23T00:00:00Z	1763-12-23T00:00:00Z
TheMusicalWorld__1843-038.txt_29	Braham gives an impressive example to all young aspirants after fame in his conduct in the orchestra.	Braham	Q5231664	person	date of birth	"1834-02-01T00:00:00Z;1838-01-01T00:00:00Z"	"1834-02-01T00:00:00Z; 1838-01-01T00:00:00Z"
TheQuarterlyMusicalMagazineAndReview__1826-029.txt_3485	"The Rose and the Lil ly; Trio, by Sir Fohn Stevenson, Mus."	Sir Fohn Stevenson	Q4442571	person	date of birth	1761-01-01T00:00:00Z	1761-01-01T00:00:00Z
DwightSJournalOfMusic__1875-006.txt_414	"re;plied the old man, overwhelmed with confusion ‘ey the presence of the Chapeltaster of his Majesty the Emperor,"	his Majesty the Emperor	Q76555	person	date of birth	1741-03-13T00:00:00Z	1741-03-13T00:00:00Z
TheQuarterlyMusicalMagazineAndReview__1824-022.txt_1267	Eichner died at the beginning a of the year 1777.	Eichner	Q473837	person	date of birth		1740-02-15T00:00:00Z
TheHarmonicon__1833-005.txt_38	His - next drama was Angelica, of which the plot is taken from Ariosto.	Ariosto	Q48900	person	date of birth	1474-09-17T00:00:00Z	1474-09-17T00:00:00Z
TheHarmonicon__1824-016.txt_1731	Mehul's opera of Joseph and his Brethren, was lately given here, an opera that has now kept its place on the stage above fifteen years.	Mehul	Q364020	person	date of birth	"1763-06-22T00:00:00Z;1763-06-23T00:00:00Z"	"1763-06-22T00:00:00Z; 1763-06-23T00:00:00Z"
TheQuarterlyMusicalMagazineAndReview__1828-037.txt_3647	and an extra sum of (we believe) ten guineas for the aid of Mr. Pixis, her accompanist.	Mr. Pixis	Q571716	person	date of birth	1788-02-10T00:00:00Z	1788-02-10T00:00:00Z
TheQuarterlyMusicalMagazineAndReview__1828-037.txt_353	"Songs from Fairy Land; the Poetry by Thomas Haynes CONTENTS No. XXXIX."	Thomas Haynes	Q7790528	person	date of birth	1797-10-13T00:00:00Z	1797-10-13T00:00:00Z
DwightSJournalOfMusic__1873-016.txt_1056	Clara Schumann seems to have died of age, and not of sickness.	Clara Schumann	Q132232	person	date of birth	1819-09-13T00:00:00Z	1819-09-13T00:00:00Z
TheHarmonicon__1828-001.txt_1179	"The work is also graced with several of the elegant songs of Thomas Campbell, and Lord Byron; and it contains the best songs of the olden time, and of Ramsay, Hamilton; Thomson, Smollett, Skinner, Macneill, Hogg, Cunningham, and many others."	Thomas Campbell	Q1361189	person	date of birth	1777-07-27T00:00:00Z	1777-07-27T00:00:00Z
TheHarmonicon__1828-001.txt_1179	"The work is also graced with several of the elegant songs of Thomas Campbell, and Lord Byron; and it contains the best songs of the olden time, and of Ramsay, Hamilton; Thomson, Smollett, Skinner, Macneill, Hogg, Cunningham, and many others."	Lord Byron	Q5679	person	date of birth	1788-01-22T00:00:00Z	1788-01-22T00:00:00Z
TheHarmonicon__1828-001.txt_1179	"The work is also graced with several of the elegant songs of Thomas Campbell, and Lord Byron; and it contains the best songs of the olden time, and of Ramsay, Hamilton; Thomson, Smollett, Skinner, Macneill, Hogg, Cunningham, and many others."	Hamilton	Q18671568	person	date of birth	1785-01-01T00:00:00Z	1785-01-01T00:00:00Z
TheHarmonicon__1828-001.txt_1179	"The work is also graced with several of the elegant songs of Thomas Campbell, and Lord Byron; and it contains the best songs of the olden time, and of Ramsay, Hamilton; Thomson, Smollett, Skinner, Macneill, Hogg, Cunningham, and many others."	Thomson	Q5545192	person	date of birth	1757-03-04T00:00:00Z	1757-03-04T00:00:00Z
TheHarmonicon__1828-001.txt_1179	"The work is also graced with several of the elegant songs of Thomas Campbell, and Lord Byron; and it contains the best songs of the olden time, and of Ramsay, Hamilton; Thomson, Smollett, Skinner, Macneill, Hogg, Cunningham, and many others."	Smollett	Q356283	person	date of birth	1721-03-19T00:00:00Z	1721-03-19T00:00:00Z
TheHarmonicon__1828-001.txt_1179	"The work is also graced with several of the elegant songs of Thomas Campbell, and Lord Byron; and it contains the best songs of the olden time, and of Ramsay, Hamilton; Thomson, Smollett, Skinner, Macneill, Hogg, Cunningham, and many others."	Macneill	Q5696799	person	date of birth	1746-10-22T00:00:00Z	1746-10-22T00:00:00Z
TheHarmonicon__1828-001.txt_1179	"The work is also graced with several of the elegant songs of Thomas Campbell, and Lord Byron; and it contains the best songs of the olden time, and of Ramsay, Hamilton; Thomson, Smollett, Skinner, Macneill, Hogg, Cunningham, and many others."	Hogg	Q941810	person	date of birth	1770-12-09T00:00:00Z	1770-12-09T00:00:00Z
TheQuarterlyMusicalMagazineAndReview__1825-025.txt_22	"Ebers takes the King’s Theatre, 187; Letters to Garcia, 191 Emdin’s Duet, 258: English and Italian Tone,"	Ebers	Q6231101	person	date of birth	1785-01-01T00:00:00Z	1785-01-01T00:00:00Z
TheQuarterlyMusicalMagazineAndReview__1825-025.txt_1910	M. Barriere has published four sets of quartets, and several Symphonies, concertos, trios, and duets.	M. Barriere	Q726908	person	date of birth	1707-05-02T00:00:00Z	1707-05-02T00:00:00Z
DwightSJournalOfMusic__1873-016.txt_1073	Schumann came from the gymnasium to Leipzig in 1828, to study Jurisprudence	Schumann	Q7351	person	date of birth	1810-06-08T00:00:00Z	1810-06-08T00:00:00Z
TheQuarterlyMusicalMagazineAndReview__1828-037.txt_655	it was accompanied ‘on the oboe (obligato) by N Mr. Parke..	Mr. Parke	Q18757223	person	date of birth	1761-02-15T00:00:00Z	1761-02-15T00:00:00Z
TheHarmonicon__1824-016.txt_127	Philidor afterwards obtained permission to give this Concert Spirituel in the palace of the Tuileries, in the private theatre of which it continued to take place annually for many years.	Philidor	Q362339	person	date of birth	1652-01-01T00:00:00Z	1652-01-01T00:00:00Z
TheMusicalWorld__1843-029.txt_175	La Prisonniere, another comic opera in one act, of which Boieldieu had written the greater part, had a better fate: this work was plaved at the Theatre Montausier, on the 12th of September of the same year.	Boieldieu	Q109875	person	date of birth	1775-12-16T00:00:00Z	1775-12-16T00:00:00Z
TheMusicalWorld__1843-029.txt_477	Mr. Joseph Calkin made his debut in public very successfully, and sang a poor song by Mercadante with much energy and. taste.	Mercadante	Q313980	person	date of birth	1795-09-16T00:00:00Z	1795-09-16T00:00:00Z
TheHarmonicon__1824-016.txt_232	Extract of a Letter from M. Siismayer, Kapelmeister at Vienna, to Messrs. Breitkopf and Haertel, dated Sept. 8, 1800..	M. Siismayer	Q310518	person	date of birth	1766-01-01T00:00:00Z	1766-01-01T00:00:00Z
TheHarmonicon__1824-016.txt_232	Extract of a Letter from M. Siismayer, Kapelmeister at Vienna, to Messrs. Breitkopf and Haertel, dated Sept. 8, 1800..	Breitkopf	Q55902416	person	date of birth	1749-03-11T00:00:00Z	1749-03-11T00:00:00Z
TheHarmonicon__1824-016.txt_232	Extract of a Letter from M. Siismayer, Kapelmeister at Vienna, to Messrs. Breitkopf and Haertel, dated Sept. 8, 1800..	Haertel	Q1419801	person	date of birth	1763-01-27T00:00:00Z	1763-01-27T00:00:00Z
TheQuarterlyMusicalMagazineAndReview__1826-029.txt_776	We may now quit I Purcell and come » down toa period a little later.	Purcell	Q9695	person	date of birth	1659-09-10T00:00:00Z	1659-09-10T00:00:00Z
TheQuarterlyMusicalMagazineAndReview__1828-037.txt_1532	In the soirees of the Princess Belmonte Spinelli, which take place.	Princess Belmonte Spinelli	Q23010905	person	date of birth	1744-01-10T00:00:00Z	1744-01-10T00:00:00Z
TheMusicalTimes__1875-388.txt_1115	Mr. Sims Reeves made a genuine hit in Arthur Sullivan’s song,	Mr. Sims Reeves	Q7521239	person	date of birth	"1818-09-26T00:00:00Z;1821-10-21T00:00:00Z"	"1818-09-26T00:00:00Z; 1821-10-21T00:00:00Z"
TheMusicalWorld__1844-006.txt_980	"Mr. Sams, St. James's Street; and at M. Jullien’s office, 3, Maddox Street, Bond Street."	M. Jullien	Q660539	person	date of birth	1812-04-23T00:00:00Z	1812-04-23T00:00:00Z
TheHarmonicon__1828-001.txt_1782	We have had a French opera, at the head of which was M. ‘Nourrit, first tenor of the Academie Royale de Musique.	M. ‘ Nourrit	Q634623	person	date of birth	1802-03-03T00:00:00Z	1802-03-03T00:00:00Z
TheHarmonicon__1833-005.txt_383	In short, we may say, that to hear such an opera as La Gazza Ladra performed by such singers as Rubini, Tamburini, Lablache, Graziani, Malibran, and Mariano, is the perfection of dramatic music.	Tamburini	Q605376	person	date of birth	1800-03-28T00:00:00Z	1800-03-28T00:00:00Z
TheHarmonicon__1828-001.txt_1069	adapted to the Airs, including upwards of ONE Hunprep Sones dy Burns.	Burns	Q81960	person	date of birth	1759-01-25T00:00:00Z	1759-01-25T00:00:00Z
TheQuarterlyMusicalMagazineAndReview__1824-022.txt_1252	At some concerts, at the Feydeau, i in 1794, he executed some concerted symphonies of Devienne’s Sy with M. Huguot, Frederic and Charles Duvernoy.	Charles Duvernoy	Q1064184	person	date of birth	1766-01-01T00:00:00Z	1766-01-01T00:00:00Z
TheMusicalTimes__1876-397.txt_2165	The programme included some favourite songs, and Balfe’s duet	Balfe	Q434171	person	date of birth	1808-05-15T00:00:00Z	1808-05-15T00:00:00Z
TheMusicalWorld__1844-006.txt_843	I composed these variations to a Theme which had already been varied by Paganini, I had no intention of publishing them.	Paganini	Q66075	person	date of birth	1782-10-27T00:00:00Z	1782-10-27T00:00:00Z
TheMusicalTimes__1876-402.txt_1235	H. R. Eyers, Walter Fitton, S. Kemp, Arthur O’ Leary, Harold Thomas, Brinley Richards, Frederick Westlake, T. Wingham, and the Principal.	Arthur O’ Leary	Q17984779	person	date of birth	1834-03-15T00:00:00Z	1834-03-15T00:00:00Z
TheMusicalTimes__1876-402.txt_1235	H. R. Eyers, Walter Fitton, S. Kemp, Arthur O’ Leary, Harold Thomas, Brinley Richards, Frederick Westlake, T. Wingham, and the Principal.	Frederick Westlake	Q18546502	person	date of birth	1840-01-01T00:00:00Z	1840-01-01T00:00:00Z
TheMusicalTimes__1873-366.txt_1044	In one of her most eloquent passages, Charlotte Bronté said: —	Charlotte Bronté	Q127332	person	date of birth	1816-04-21T00:00:00Z	1816-04-21T00:00:00Z
DwightSJournalOfMusic__1873-016.txt_1086	Schumann was giving concerts there in Dresden with Joachim, the great. violinist.	Joachim	Q159976	person	date of birth	1831-06-28T00:00:00Z	1831-06-28T00:00:00Z
TheHarmonicon__1828-001.txt_969	It is copied from the original, in the hand - writing of the composer, and which, if we are rightly informed, is now - in the possession- of M. Schlesinger, the wellknown music - seller, at Paris.	M. Schlesinger	Q70457	person	date of birth	1798-10-30T00:00:00Z	1798-10-30T00:00:00Z
TheQuarterlyMusicalMagazineAndReview__1825-025.txt_1509	This is the most important of Cimador’s Ss arrarigements.	Cimador	Q3762403	person	date of birth	1761-01-01T00:00:00Z	1761-01-01T00:00:00Z
TheQuarterlyMusicalMagazineAndReview__1825-025.txt_1934	Antoine Barthelemi Bruni was born at Coni, in Piedmont, in 1752, and was a very distinguished violinist.	Antoine Barthelemi Bruni	Q599823	person	date of birth	1757-01-28T00:00:00Z	1757-01-28T00:00:00Z
TheMusicalWorld__1844-006.txt_54	— though it was excellently well performed by Phillips, Hill, and Severn.	Phillips	Q18671452	person	date of birth	1801-01-01T00:00:00Z	1801-01-01T00:00:00Z
TheQuarterlyMusicalMagazineAndReview__1824-022.txt_1561	Perluigi da Palestrina was born in the year 1529, at Palestrina, the Preeneste of the antients: he is stated by.	Perluigi da Palestrina	Q179277	person	date of birth	1525-01-01T00:00:00Z	1525-01-01T00:00:00Z
TheMusicalTimes__1876-397.txt_2270	The musical arrangements were under the direction of the organist and choirmaster of the parish church, Mr. J. V, Roberts, Mus, Bac.	Mr. J. V , Roberts	Q56183619	person	date of birth	1841-12-01T00:00:00Z	1841-12-01T00:00:00Z
TheQuarterlyMusicalMagazineAndReview__1824-022.txt_2537	* Sento oh Dio” — Madame Ronzi de Begnis, Miss Stephens, Signor Garcia, Signor de Begnis, and Mr. oo Phillips	Madame Ronzi de Begnis	Q3266332	person	date of birth	1800-01-11T00:00:00Z	1800-01-11T00:00:00Z
TheHarmonicon__1828-001.txt_195	- Dittersdorf’s music to the Doctor and Apothecary, a drama translated and prepared for the stage by Mr. Cobb.	Dittersdorf	Q78522	person	date of birth	1739-11-02T00:00:00Z	1739-11-02T00:00:00Z
TheHarmonicon__1828-001.txt_195	- Dittersdorf’s music to the Doctor and Apothecary, a drama translated and prepared for the stage by Mr. Cobb.	Mr. Cobb	Q6131504	person	date of birth	1756-01-01T00:00:00Z	1756-01-01T00:00:00Z
TheHarmonicon__1828-001.txt_186	In March 1787, Storace, with his sister, returned to England.	Storace	Q2369747	person	date of birth	1762-04-04T00:00:00Z	1762-04-04T00:00:00Z
TheMusicalTimes__1875-388.txt_2146	-The programme comprised selections from the works of Bach, Haydn, Mendelssohn, Bennett, Guilmant, Martini, & c., all of which were excellently	Guilmant	Q350359	person	date of birth	1837-03-12T00:00:00Z	1837-03-12T00:00:00Z
TheQuarterlyMusicalMagazineAndReview__1828-037.txt_1714	Louis Capotorti — who passes for a harmonist of Durante’ Ss.	Louis Capotorti	Q17992489	person	date of birth	1767-03-17T00:00:00Z	1767-03-17T00:00:00Z
TheQuarterlyMusicalMagazineAndReview__1828-037.txt_1714	Louis Capotorti — who passes for a harmonist of Durante’ Ss.	Durante	Q314221	person	date of birth	"1684-03-13T00:00:00Z;1684-03-31T00:00:00Z"	"1684-03-13T00:00:00Z; 1684-03-31T00:00:00Z"
TheQuarterlyMusicalMagazineAndReview__1826-029.txt_2202	Mr. Hummel’s rondo is a spirited piece, completely in the German style of composition.	Mr. Hummel	Q151953	person	date of birth	1778-11-14T00:00:00Z	1778-11-14T00:00:00Z
TheQuarterlyMusicalMagazineAndReview__1828-037.txt_1638	Furno, who fills this post, is equally active and skilful.	Furno	Q555808	person	date of birth	1748-01-01T00:00:00Z	1748-01-01T00:00:00Z
TheMusicalTimes__1876-397.txt_1014	On this point, we learn a curious fact from Dr. Chrysander.	Dr. Chrysander	Q65274	person	date of birth	1826-07-08T00:00:00Z	1826-07-08T00:00:00Z
TheMusicalTimes__1876-402.txt_1109	Out of the 626 works given in Kéchel’s Catalogue, about 540 will be included in this edition, the remainder being either lost, not quite com - plete, or of doubtful authenticity.	Kéchel	Q78529	person	date of birth	1800-01-14T00:00:00Z	1800-01-14T00:00:00Z
TheMusicalWorld__1843-029.txt_350	"Miss Groom, Miss Flower, and Miss Cubitt; Mr. White, Mr. Giubilei, and Mr. John Parry."	Mr. John Parry	Q6251987	person	date of birth	1710-01-01T00:00:00Z	1710-01-01T00:00:00Z
TheQuarterlyMusicalMagazineAndReview__1826-029.txt_514	"Song, composed by Signor de Beguis; the words by Eugenius Roche Esq."	Eugenius Roche	Q17015704	person	date of birth	1786-02-23T00:00:00Z	1786-02-23T00:00:00Z
TheMusicalTimes__1876-402.txt_2241	"The programme consisted of Mozart's String Quintett in C major; Haydn's Variations on the Austrian Hymn; Regondi’s us."	Regondi	Q981612	person	date of birth	1822-01-01T00:00:00Z	1822-01-01T00:00:00Z
TheMusicalTimes__1876-402.txt_1158	The concert was conducted by Mr. Walter Macfarren with his usual judgment and precision.	Mr. Walter Macfarren	Q18954633	person	date of birth	1826-08-28T00:00:00Z	1826-08-28T00:00:00Z
TheQuarterlyMusicalMagazineAndReview__1825-025.txt_2008	It is written in Italian, by Stefano Arteaga, a Spaniard and an ex - Jesuit.	Stefano Arteaga	Q3972360	person	date of birth	1747-12-26T00:00:00Z	1747-12-26T00:00:00Z
TheMusicalWorld__1843-036.txt_571	M. Danjou, organist of Notre Dame, at Paris, has recently discovered in the church of Soliez Ville, in the department of the Var, an organ built so far back as the year 1450.	M. Danjou	Q444728	person	date of birth	1812-06-21T00:00:00Z	1812-06-21T00:00:00Z
TheQuarterlyMusicalMagazineAndReview__1824-022.txt_1755	Since that period, Dr. Burney obtained two copies of it while in Italy — one from the Padre Martini, who possessed one himself, and the other from Signor Santar elli.	Signor Santar elli	Q5565524	person	date of birth	1710-01-01T00:00:00Z	1710-01-01T00:00:00Z
TheMusicalTimes__1873-366.txt_1780	He was for many years the usical eptor of the family of the late King Louis ippe, of France.	King Louis ippe	Q7771	person	date of birth	1773-10-06T00:00:00Z	1773-10-06T00:00:00Z
TheQuarterlyMusicalMagazineAndReview__1825-025.txt_528	Books 1 and 2 of Cottage Divertimentos for the Piano Forte, by P. A. Corri 3.	P. A. Corri	Q7183128	person	date of birth	1784-01-01T00:00:00Z	1784-01-01T00:00:00Z
TheQuarterlyMusicalMagazineAndReview__1824-022.txt_1251	Delcambre Thomas, pupil of M. Ozi, professor of the bassoon ce2	Delcambre Thomas	Q55836534	person	date of birth	1762-04-24T00:00:00Z	1762-04-24T00:00:00Z
TheQuarterlyMusicalMagazineAndReview__1824-022.txt_1251	Delcambre Thomas, pupil of M. Ozi, professor of the bassoon ce2	M.	Q289996	person	date of birth	1754-12-09T00:00:00Z	1754-12-09T00:00:00Z
TheQuarterlyMusicalMagazineAndReview__1825-025.txt_2117	Immediately in their footsteps appeared those great harmonists Gaetano Greco, Albinoni Caldara,	Gaetano Greco	Q1339827	person	date of birth	1657-01-01T00:00:00Z	1657-01-01T00:00:00Z
TheQuarterlyMusicalMagazineAndReview__1825-025.txt_2117	Immediately in their footsteps appeared those great harmonists Gaetano Greco, Albinoni Caldara,	Albinoni	Q174606	person	date of birth	1671-06-08T00:00:00Z	1671-06-08T00:00:00Z
TheQuarterlyMusicalMagazineAndReview__1825-025.txt_2117	Immediately in their footsteps appeared those great harmonists Gaetano Greco, Albinoni Caldara,	Caldara	Q311571	person	date of birth	1670-01-01T00:00:00Z	1670-01-01T00:00:00Z
TheMusicalTimes__1876-402.txt_1680	The honour of a musical doctorate has been but seldom granted by the University of Durham, one of the last to receive this distinction having been the late lamented Dr. Dykes.	Dr. Dykes	Q3269824	person	date of birth	1823-03-10T00:00:00Z	1823-03-10T00:00:00Z
TheQuarterlyMusicalMagazineAndReview__1826-029.txt_3253	M. Choron has however re - embodied the bulk of his examples in his “Principes de Composition.	M. Choron	Q1392901	person	date of birth	1771-10-21T00:00:00Z	1771-10-21T00:00:00Z
The Harmonicon_1828-005_ms_1	An unfortunate intrigue with a lady of royal birth, having obliged Jarnowick to quit France @ la sourdine, in the year 1780, his situation was filled by the incomparable Viotti, whom the author of Les Jardins, Delille, used to call the “Pindar of the Violin.”	Delille	Q981922	person	date of birth	1738-06-22T00:00:00Z	1738-06-22T00:00:00Z
The_Quarterly_Musical_Magazine_And_Review_ms_1826-030_4_	Miss Sterling, a young Jady not more than 17 years of age, a pupil of Mr. Neate, played Mr. Moscheles’ fantasia on. the air, “du clair de la lune,” with such uncommon brilliancy of finger and excellence of style as to do equal honour to her own industry, and to the care even of so fine a master as Mr. Neate.	Mr. Neate	Q18526894	person	date of birth	1784-03-28T00:00:00Z	1784-03-28T00:00:00Z
The_Musical_Times_ms_1896-646_2_	The foundation of the Church Orchestral Society, by the Honourable Richard Strutt, and the hearty support given it by Sir John Stainer, has furthered i m great measure this desirable movement, and its. progress has been assisted in no small degree by the individual efforts. of organists, whose endeavours deserve cordial: commendation.	the Honourable Richard Strutt	Q75270792	person	date of birth	1848-02-29T00:00:00Z	1848-02-29T00:00:00Z
The_Musical_Times_ms_1896-646_2_	The foundation of the Church Orchestral Society, by the Honourable Richard Strutt, and the hearty support given it by Sir John Stainer, has furthered i m great measure this desirable movement, and its. progress has been assisted in no small degree by the individual efforts. of organists, whose endeavours deserve cordial: commendation.	Sir John Stainer	Q1388550	person	date of birth	1840-06-06T00:00:00Z	1840-06-06T00:00:00Z
The_Musical_Times_ms_1896-646_3_	We advisedly say “our”! distinguished pianist, because forty - five years of residence in this country, and of unbroken hard work in our English schools of music, the Royal Academy, Royal College, Guildhall School, and the tentative National Training School entitle Mr. Pauer to the citizenship of our land as well as the gratitude of all those who know how important and. widespread his influence has been.	Mr. Pauer	Q79183	person	date of birth	1826-12-21T00:00:00Z	1826-12-21T00:00:00Z
The_Musical_World_ms_1855-025_1_	John of Procida was among the most active leaders in this revolt, and his name and exploits, forming the theme of many a poem and romance, have now been celebrated by MM. Scribe and Verdi in the opera of Les Vépres Siciliennes.	John of Procida	Q1227361	person	date of birth	1210-01-01T00:00:00Z	1210-01-01T00:00:00Z
The_Musical_World_ms_1855-025_1_	John of Procida was among the most active leaders in this revolt, and his name and exploits, forming the theme of many a poem and romance, have now been celebrated by MM. Scribe and Verdi in the opera of Les Vépres Siciliennes.	Scribe	Q319261	person	date of birth	1791-12-24T00:00:00Z	1791-12-24T00:00:00Z
The_Musical_World_ms_1855-025_1_	John of Procida was among the most active leaders in this revolt, and his name and exploits, forming the theme of many a poem and romance, have now been celebrated by MM. Scribe and Verdi in the opera of Les Vépres Siciliennes.	Verdi	Q7317	person	date of birth	1813-10-10T00:00:00Z	1813-10-10T00:00:00Z
Dwight's Journal of Music_1857-001_ms_3	Nevertheless, the house was crowded, and the performances, consisting of a miscellaneous concert. by the orchestra, Thalberg, d’Angri, and various German singing societies, (the best of which, however, had withdrawn their servi, ces in view of the above - mentioned condition), and the first act of Fidelio.	Thalberg	Q347871	person	date of birth	1812-01-08T00:00:00Z	1812-01-08T00:00:00Z
Dwight's Journal of Music_1857-001_ms_3	Nevertheless, the house was crowded, and the performances, consisting of a miscellaneous concert. by the orchestra, Thalberg, d’Angri, and various German singing societies, (the best of which, however, had withdrawn their servi, ces in view of the above - mentioned condition), and the first act of Fidelio.	d’Angri	Q5358988	person	date of birth	1824-01-01T00:00:00Z	1824-01-01T00:00:00Z
Dwight's Journal of Music_1855-002_ms_3	"Below Schandau you pass the bold promontory of Schramstein, close sunder the fortified heights of Pfaffenstein, and ‘Konigstein with its impregnable fortress — against whose walls Napoleon battered: in vain — thence on, through a wild country of tale - telling tradition, “thé cradle of gnomes and. kobolds,”’ till, at length, near Dresden you emerge among thriving. Villages and cultivated fields; like the exit, on the. Neckar, from the vallies of Odenwald upon the plains of the Rhine at Heidelberg."	Napoleon	Q517	person	date of birth	1769-08-15T00:00:00Z	1769-08-15T00:00:00Z
The_Quarterly_Musical_Magazine_And_Review_ms_1826-030_5_	Until the appearance of Lully’s overtures such a prelude was never thought of, and what is even more singular, by their novelty and excellence, they continued for a long time to hold their place and pre - eminence, and were played before operas composed by Vinci, Leo, and Pergolesi, nearly a century after the date of their original production.	Vinci	Q29577	person	date of birth	1690-01-01T00:00:00Z	1690-01-01T00:00:00Z
The_Quarterly_Musical_Magazine_And_Review_ms_1826-030_5_	Until the appearance of Lully’s overtures such a prelude was never thought of, and what is even more singular, by their novelty and excellence, they continued for a long time to hold their place and pre - eminence, and were played before operas composed by Vinci, Leo, and Pergolesi, nearly a century after the date of their original production.	Pergolesi	Q185312	person	date of birth	1710-01-04T00:00:00Z	1710-01-04T00:00:00Z
Dwight's Journal of Music_1854-002_ms_2	"His brightest years were those divided betwixt London and Paris, < when he formed one of the quartet - with Madame Grisi, Signori Lablache and Tamburini; his most luerdtive | professional’ days were possibly those last ones spent in St. Petersburgh, where H- M. the - Czar, to do him honor, made him Colonel of a regiment."	Czar	Q130734	person	date of birth	1796-07-06T00:00:00Z	1796-07-06T00:00:00Z
The_Musical_World__ms_1844-005_2_	Would the students in the London University be satisfied with Professor Morgan, if, in what he designated a course of lectures on Mathematics, he were content to regale them with a narrative of the life and adventures of Hermogenes — the birth and parentage of Euclid — the amours and idiosyncracies of Cardan the burning alive of Giordano Bruno and Vanini the simplicity and ingenious nature of the moral character of Spinoza — or the interesting peculiarities of Sir Isaac Newton’s dog?	Professor Morgan	Q208448	person	date of birth	1806-06-27T00:00:00Z	1806-06-27T00:00:00Z
The_Musical_World__ms_1844-005_2_	Would the students in the London University be satisfied with Professor Morgan, if, in what he designated a course of lectures on Mathematics, he were content to regale them with a narrative of the life and adventures of Hermogenes — the birth and parentage of Euclid — the amours and idiosyncracies of Cardan the burning alive of Giordano Bruno and Vanini the simplicity and ingenious nature of the moral character of Spinoza — or the interesting peculiarities of Sir Isaac Newton’s dog?	Hermogenes	Q1336424	person	date of birth	-0500-01-01T00:00:00Z	-0500-01-01T00:00:00Z
The_Musical_World__ms_1844-005_2_	Would the students in the London University be satisfied with Professor Morgan, if, in what he designated a course of lectures on Mathematics, he were content to regale them with a narrative of the life and adventures of Hermogenes — the birth and parentage of Euclid — the amours and idiosyncracies of Cardan the burning alive of Giordano Bruno and Vanini the simplicity and ingenious nature of the moral character of Spinoza — or the interesting peculiarities of Sir Isaac Newton’s dog?	Euclid	Q8747	person	date of birth	-0333-01-01T00:00:00Z	-0333-01-01T00:00:00Z
The_Musical_World__ms_1844-005_2_	Would the students in the London University be satisfied with Professor Morgan, if, in what he designated a course of lectures on Mathematics, he were content to regale them with a narrative of the life and adventures of Hermogenes — the birth and parentage of Euclid — the amours and idiosyncracies of Cardan the burning alive of Giordano Bruno and Vanini the simplicity and ingenious nature of the moral character of Spinoza — or the interesting peculiarities of Sir Isaac Newton’s dog?	Cardan	Q184530	person	date of birth	1501-10-04T00:00:00Z	1501-10-04T00:00:00Z
The_Musical_World__ms_1844-005_2_	Would the students in the London University be satisfied with Professor Morgan, if, in what he designated a course of lectures on Mathematics, he were content to regale them with a narrative of the life and adventures of Hermogenes — the birth and parentage of Euclid — the amours and idiosyncracies of Cardan the burning alive of Giordano Bruno and Vanini the simplicity and ingenious nature of the moral character of Spinoza — or the interesting peculiarities of Sir Isaac Newton’s dog?	Giordano Bruno	Q36330	person	date of birth	1548-01-01T00:00:00Z	1548-01-01T00:00:00Z
The_Musical_World__ms_1844-005_2_	Would the students in the London University be satisfied with Professor Morgan, if, in what he designated a course of lectures on Mathematics, he were content to regale them with a narrative of the life and adventures of Hermogenes — the birth and parentage of Euclid — the amours and idiosyncracies of Cardan the burning alive of Giordano Bruno and Vanini the simplicity and ingenious nature of the moral character of Spinoza — or the interesting peculiarities of Sir Isaac Newton’s dog?	Vanini	Q553128	person	date of birth	1585-01-01T00:00:00Z	1585-01-01T00:00:00Z
The_Musical_World__ms_1844-005_2_	Would the students in the London University be satisfied with Professor Morgan, if, in what he designated a course of lectures on Mathematics, he were content to regale them with a narrative of the life and adventures of Hermogenes — the birth and parentage of Euclid — the amours and idiosyncracies of Cardan the burning alive of Giordano Bruno and Vanini the simplicity and ingenious nature of the moral character of Spinoza — or the interesting peculiarities of Sir Isaac Newton’s dog?	Spinoza	Q35802	person	date of birth	1632-11-24T00:00:00Z	1632-11-24T00:00:00Z
The_Musical_World__ms_1844-005_2_	Would the students in the London University be satisfied with Professor Morgan, if, in what he designated a course of lectures on Mathematics, he were content to regale them with a narrative of the life and adventures of Hermogenes — the birth and parentage of Euclid — the amours and idiosyncracies of Cardan the burning alive of Giordano Bruno and Vanini the simplicity and ingenious nature of the moral character of Spinoza — or the interesting peculiarities of Sir Isaac Newton’s dog?	Sir Isaac Newton	Q935	person	date of birth	1643-01-04T00:00:00Z	1643-01-04T00:00:00Z
the_Musical_Times_ms_1895-634_3_	The rumour that the Church Choral Society will not sing this season has received recent confirmation, and this, if true, will leave the field in New York for choruses of moderate size open to the Musical Art Society (under Mr. Frank Damrosch), the New York Musical Society (under Mr. Dossert), and the new Harlem Oratorio Society.	Mr. Frank Damrosch	Q962237	person	date of birth	1859-06-22T00:00:00Z	1859-06-22T00:00:00Z
The Harmonicon_1823-002_ms_3	La Clemenza di Tito was the first, in which‘a French lady, under the riame of Signora Clarini, took the part of Servilia, and a Madame’ Graziani filled the character ef Annio, both of which were massacred in their hands, and the whole opera necessarily partook in the - ruin.	Servilia	Q63534091	person	date of birth		
The Harmonicon_1823-002_ms_3	La Clemenza di Tito was the first, in which‘a French lady, under the riame of Signora Clarini, took the part of Servilia, and a Madame’ Graziani filled the character ef Annio, both of which were massacred in their hands, and the whole opera necessarily partook in the - ruin.	Annio	Q63534077	person	date of birth		
The_Quarterly_Musical_Magazine_And_Review_ms_1827-022_2_	Both however appeared we believe at last at Dr. Crotch’s, though. but for the very kind assistance of Madame Caradori, the poor Doctor would have had no little difficulty in - getting his Pavestine per- formed, notwithstanding it had been so long separately and specially announced that both Miss Stephens and Miss Paton were engaged to sing in it.	Dr. Crotch	Q718709	person	date of birth	1775-07-05T00:00:00Z	1775-07-05T00:00:00Z
the_Musical_Times_ms_1896-635_12_	The principal novelty of the Concert on the 1st ult. was “La Naissance de Venus,’ scéne mythologique, by M. Paul Collin, set to music by M. G. Fauré, an important work carefully scored, but wanting in the charm to which this.graceful composer has accustomed us.	M. Paul Collin	Q3370911	person	date of birth	1843-07-12T00:00:00Z	1843-07-12T00:00:00Z
the_Musical_Times_ms_1896-635_12_	The principal novelty of the Concert on the 1st ult. was “La Naissance de Venus,’ scéne mythologique, by M. Paul Collin, set to music by M. G. Fauré, an important work carefully scored, but wanting in the charm to which this.graceful composer has accustomed us.	M. G. Fauré	Q104919	person	date of birth	1845-05-12T00:00:00Z	1845-05-12T00:00:00Z
The Harmonicon_1827-002_ms_2	The productions of Tallis, Birde, Morley, and Farrant, of Gibbons and Child, of Blow and Purcell, of Croft, Greene, Boyce, Nares, and we might add others, are not only excellent qguoad compositions, but equally perfect as forming a part of our religious worship: they never for a moment lose the true devotional character, though their difference from each other, in many respects, is as wide as the several periods at which they were written.	Tallis	Q207789	person	date of birth	1505-01-01T00:00:00Z	1505-01-01T00:00:00Z
The Harmonicon_1827-002_ms_2	The productions of Tallis, Birde, Morley, and Farrant, of Gibbons and Child, of Blow and Purcell, of Croft, Greene, Boyce, Nares, and we might add others, are not only excellent qguoad compositions, but equally perfect as forming a part of our religious worship: they never for a moment lose the true devotional character, though their difference from each other, in many respects, is as wide as the several periods at which they were written.	Birde	Q208375	person	date of birth	1543-01-01T00:00:00Z	1543-01-01T00:00:00Z
The Harmonicon_1827-002_ms_2	The productions of Tallis, Birde, Morley, and Farrant, of Gibbons and Child, of Blow and Purcell, of Croft, Greene, Boyce, Nares, and we might add others, are not only excellent qguoad compositions, but equally perfect as forming a part of our religious worship: they never for a moment lose the true devotional character, though their difference from each other, in many respects, is as wide as the several periods at which they were written.	Morley	Q438141	person	date of birth	1559-01-01T00:00:00Z	1559-01-01T00:00:00Z
The Harmonicon_1827-002_ms_2	The productions of Tallis, Birde, Morley, and Farrant, of Gibbons and Child, of Blow and Purcell, of Croft, Greene, Boyce, Nares, and we might add others, are not only excellent qguoad compositions, but equally perfect as forming a part of our religious worship: they never for a moment lose the true devotional character, though their difference from each other, in many respects, is as wide as the several periods at which they were written.	Farrant	Q7325622	person	date of birth	1525-01-01T00:00:00Z	1525-01-01T00:00:00Z
The Harmonicon_1827-002_ms_2	The productions of Tallis, Birde, Morley, and Farrant, of Gibbons and Child, of Blow and Purcell, of Croft, Greene, Boyce, Nares, and we might add others, are not only excellent qguoad compositions, but equally perfect as forming a part of our religious worship: they never for a moment lose the true devotional character, though their difference from each other, in many respects, is as wide as the several periods at which they were written.	Blow	Q311110	person	date of birth	1649-01-01T00:00:00Z	1649-01-01T00:00:00Z
The Harmonicon_1827-002_ms_2	The productions of Tallis, Birde, Morley, and Farrant, of Gibbons and Child, of Blow and Purcell, of Croft, Greene, Boyce, Nares, and we might add others, are not only excellent qguoad compositions, but equally perfect as forming a part of our religious worship: they never for a moment lose the true devotional character, though their difference from each other, in many respects, is as wide as the several periods at which they were written.	Croft	Q1236164	person	date of birth	1678-12-30T00:00:00Z	1678-12-30T00:00:00Z
The Harmonicon_1827-002_ms_2	The productions of Tallis, Birde, Morley, and Farrant, of Gibbons and Child, of Blow and Purcell, of Croft, Greene, Boyce, Nares, and we might add others, are not only excellent qguoad compositions, but equally perfect as forming a part of our religious worship: they never for a moment lose the true devotional character, though their difference from each other, in many respects, is as wide as the several periods at which they were written.	Greene	Q615819	person	date of birth	1696-08-12T00:00:00Z	1696-08-12T00:00:00Z
The Harmonicon_1827-002_ms_2	The productions of Tallis, Birde, Morley, and Farrant, of Gibbons and Child, of Blow and Purcell, of Croft, Greene, Boyce, Nares, and we might add others, are not only excellent qguoad compositions, but equally perfect as forming a part of our religious worship: they never for a moment lose the true devotional character, though their difference from each other, in many respects, is as wide as the several periods at which they were written.	Boyce	Q313152	person	date of birth	1711-09-11T00:00:00Z	1711-09-11T00:00:00Z
The Harmonicon_1827-002_ms_2	The productions of Tallis, Birde, Morley, and Farrant, of Gibbons and Child, of Blow and Purcell, of Croft, Greene, Boyce, Nares, and we might add others, are not only excellent qguoad compositions, but equally perfect as forming a part of our religious worship: they never for a moment lose the true devotional character, though their difference from each other, in many respects, is as wide as the several periods at which they were written.	Nares	Q463998	person	date of birth	1715-04-19T00:00:00Z	1715-04-19T00:00:00Z
The_Musical_World__ms_1843-042_3_	The rest of the concert was made up ofan exhibition on the violoncello, during which the “veteran” delighted us with “Polly put the kettle on’ — some sentimentalities by Bellini, Pacini and Zingarelli, and the worn out terzetto from Il Matrimonio Segretto, which by this time I am quite tired of, thongh Miss Marshall, Mrs. Shaw and Mrs. Bushe did it ample justice, as far as singing went — I say nothing about acting.	Zingarelli	Q505202	person	date of birth		1752-04-04T00:00:00Z
The Harmonicon_1832-006_ms_3	In the twenty - fifth number of our new series (January 1830), appeared a review of a work of great science, learning, and merit, under the title of Instructions to my Daughter for Playing on the Enharmonic Guitar, written by Lieutenant - Colonel Perronet.	Lieutenant - Colonel Perronet	Q4670375	person	date of birth	1783-03-15T00:00:00Z	1783-03-15T00:00:00Z
The_Musical_World__ms_1845-029_2_	"We may mention as a remarkable circumstance, that on the evening of the night on which he was born, his mother, notwithstanding the delicacy of her situation, was induced to go to a concert given by Paganini at the Teatro Santo Augustino in Genoa; when the performance of the great Maestro produced such an effect on her mind and nerves as to precipitate her accouchement, and the young Sivori came into the world somewhat before his time."	Sivori	Q1029423	person	date of birth	1815-10-25T00:00:00Z	1815-10-25T00:00:00Z
the_Musical_Times_ms_1896-635_6_	At a second Advent Service, on the 12th ult., the “Last Judgment” of Spohr was. given, but without an orchestra, its place being filled at the organ as efficiently as it could be by Mr. G. R. Sinclair, the organist of Hereford Cathedral.	Mr. G. R. Sinclair	Q5543957	person	date of birth	1863-10-28T00:00:00Z	1863-10-28T00:00:00Z
The Harmonicon_1826-048_ms_4	"Two of these compositions have been published, and are as follows: — Morgengruss an Goethe, & y., (Morning Salutation to Goéthe on his Birth - day); the poetry by F. W. Riemar, the music for two sopranos, tenor and basy by C. Eberwein, with an aceompaniment for the piano, (Bpth in score, andin parts.)"	C. Eberwein	Q216234	person	date of birth	1786-11-10T00:00:00Z	1786-11-10T00:00:00Z
The Harmonicon_1830-003_ms_2	"Madame Kraus - Wranisky is a singer superior to Madame Seidler, both in power and expression, although she is occasionally defective in execution; and, spite of a homely look and large person, does every thing with a grace and dignity strongly reminding me of Pasta."	Madame Kraus - Wranisky	Q55895823	person	date of birth	"1798-01-01T00:00:00Z;1801-08-27T00:00:00Z"	"1798-01-01T00:00:00Z; 1801-08-27T00:00:00Z"
The Harmonicon_1830-003_ms_2	"Madame Kraus - Wranisky is a singer superior to Madame Seidler, both in power and expression, although she is occasionally defective in execution; and, spite of a homely look and large person, does every thing with a grace and dignity strongly reminding me of Pasta."	Madame Seidler	Q6373188	person	date of birth	1790-01-01T00:00:00Z	1790-01-01T00:00:00Z
The_Quarterly_Musical_Magazine_And_Review_ms_1827-036_2_	"As a prima donna, Mademoiselle Lalande reminds me of Madame: Ronzi di Begnis in the force andenergy of her style; but, with an equality of talent as a musician and a charming person, as an actress she falls far short in the comparison."	Mademoiselle Lalande	Q3132487	person	date of birth	1799-11-04T00:00:00Z	1799-11-04T00:00:00Z
The_Musical_Times_ms_1905-754_9_	The Choral Society opened its sixteenth season in the Drill Hall on November 2 with a complete Elgar programme: ‘The Black Knight,’ ‘The Banner of St. George,’ ‘Imperial March,’ ‘In Hammersbach’ (from ‘The Bavarian Highlands’), and the ‘Pomp and Circumstance’ March No. 1.	Elgar	Q179631	person	date of birth	1857-06-02T00:00:00Z	1857-06-02T00:00:00Z
Dwight's Journal of Music_1852-019_ms_2	"From evounds ‘of reflection, the Opera Seria; to which he had paid the tribute of - his youth, accompanied by thé most brilliant suc“cess, in Italy, disgusted him; and he began to reflect radically upon the conditions.of lyric I al tragedy, triéd to bring them ‘into application in his Orfeo, and developed them in writing in the { L preface to his Aleeste, which he dedicated to the ii grand * duke of Tuscany."	grand * duke of Tuscany	Q151321	person	date of birth	1747-05-05T00:00:00Z	1747-05-05T00:00:00Z
The_Musical_World__ms_1844-005_1_	We read, in a cotemporary, some cogent observations in reply to the “Morning Post,” on the subject of the Professorship, which we transfer, in part, to our pages: — were to dilate profusely on the Mystéres de Parts of our worthy friend Eugéne Sue, and the profound morality of Soulié’s Memoires du Diable — what would be the result?	Eugéne Sue	Q315220	person	date of birth	1804-01-26T00:00:00Z	1804-01-26T00:00:00Z
The_Musical_World__ms_1844-005_1_	We read, in a cotemporary, some cogent observations in reply to the “Morning Post,” on the subject of the Professorship, which we transfer, in part, to our pages: — were to dilate profusely on the Mystéres de Parts of our worthy friend Eugéne Sue, and the profound morality of Soulié’s Memoires du Diable — what would be the result?	Soulié	Q2031275	person	date of birth	1800-12-24T00:00:00Z	1800-12-24T00:00:00Z
The_Musical_World__ms_1843-042_1_	"Miss Marshall won golden opinions by her charming delivery of Gluck’s “Che faro,” and Miss Birch, sang the superb “Ah perfido” of Beethoven better than I have ever heard it sung, except by Malibran; in the ranting air (with violin obligato) from Paer’s dull opera of Griselda, Miss Birch was no less successful, but, from the inferior nature of the composition, much less agreeable."	Gluck	Q130759	person	date of birth	1714-07-02T00:00:00Z	1714-07-02T00:00:00Z
the_Musical_Times_ms_1884-493_1_	"At who think with us that the selection of operatic works for performance in any country should not be bounded by geographical restrictions, can not but feel gratifled that the lessee of the Royal Italian Opera no longer confines himself to the creations of foreign composers; but, welcoming good music wherever it can be found, has chosen Mr. Mackenzie’s highly successful opera ‘Colomba”’ as one of the chief attractions of the coming season."	Mr. Mackenzie	Q674739	person	date of birth	1847-08-22T00:00:00Z	1847-08-22T00:00:00Z
The Musical Times_1871-335_ms_3	"The strongest evidence for Carey’s claim should be an argument against it; for it isthe statement of John Christopher Smith, that Carey, unable to harmonize his own tune, asked Smith to write a bass to it; whereas in his Musical Century Carey has left plenty of proof that he was musician enough to put a very good bass to so simple a melody."	Carey	Q1606590	person	date of birth	1687-08-27T00:00:00Z	1687-08-27T00:00:00Z
The Musical Times_1871-335_ms_3	"The strongest evidence for Carey’s claim should be an argument against it; for it isthe statement of John Christopher Smith, that Carey, unable to harmonize his own tune, asked Smith to write a bass to it; whereas in his Musical Century Carey has left plenty of proof that he was musician enough to put a very good bass to so simple a melody."	John Christopher	Q11727869	person	date of birth	1712-01-01T00:00:00Z	1712-01-01T00:00:00Z
The Harmonicon_1829-002_ms_3	"The rival of Vinci and Porpora in dramatic composition, Leo was also desirous of emulating Durante in sacred music; and as in the former department of his art he had been by turns pathetic and gay, scientific and natural, so in the latter he attained to eminence, and produced numerous compositions of a character imposing, dignified, and sublime."	Durante	Q2286657	person	date of birth	1650-01-01T00:00:00Z	1650-01-01T00:00:00Z
The Musical Times_1871-335_ms_1	It is a curious coincidence, to say the least of it, that an air with the same rhythmical*peculiarity — a peculiarity which is almost individualexists in a transcript of compositions by Dr. John Bull, the musical professor of Gresham College in the time of James I, and this has given occasion for the setting up in his favour of a claim to the authorship.	James I	Q79972	person	date of birth	1566-06-29T00:00:00Z	1566-06-29T00:00:00Z
The Harmonicon_1824-020_ms_4	Music, learned and ingenicus, like that of Jomelli, abounding in harniony and con trivance, and requiring a careful execution, and the utmost stillness and attention in the audience, would not satisfy the frivolous and depraved taste of the Italians, who used to sav, that the music of Gluck, Jomelli, Hasse, and Bach, was too rough and German.	Jomelli	Q312891	person	date of birth	1714-09-10T00:00:00Z	1714-09-10T00:00:00Z
The Harmonicon_1824-020_ms_4	Music, learned and ingenicus, like that of Jomelli, abounding in harniony and con trivance, and requiring a careful execution, and the utmost stillness and attention in the audience, would not satisfy the frivolous and depraved taste of the Italians, who used to sav, that the music of Gluck, Jomelli, Hasse, and Bach, was too rough and German.	Hasse	Q164732	person	date of birth	1699-01-01T00:00:00Z	1699-01-01T00:00:00Z
The_Musical_Times_ms_1885-505_1_	The following works have been performed in their entirety during the season: Mendelssohn’s ‘Elijah, ‘Hear my Prayer,” * * Loreley,” 98th Psalm, ‘Ave Maria,” and ‘As the Hart pants,” Spohr’s ‘God, Thou art Great,” Gaul’s Sacred Cantata, ‘The Holy City,” and C. ]. Stevens’s Anthem “Sing, O Heavens,” selections having been also given from “The Messiah,” “Israel in Egypt,” ‘The Seasons,” ‘St. Paul,” “Samson,” and the “Song of Miriam.”	Gaul	Q4723319	person	date of birth	"1837-04-30T00:00:00Z;1857-04-30T00:00:00Z"	"1837-04-30T00:00:00Z; 1857-04-30T00:00:00Z"
the_Musical_Times_ms_1884-493_4_	"Besides the artists already mentioried we are promised Madame Adelina Patti, Madame Sembrich, Madame Maria Durand, Mdlle. De Vere (her first appearance at the Royai Italian Opera), Madame Scalchi, Mdlle. Reggiani, and Mdille. Tremelli; Signor Nicolini, Signor Marconi, M. Soulacroix, Signor Mierzwinski, Signor Cotogni, M. Devoyod, Signor De Reszké, Signor Monti, and Signor Novara."	Madame Sembrich	Q265698	person	date of birth	1858-02-15T00:00:00Z	1858-02-15T00:00:00Z
the_Musical_Times_ms_1884-493_4_	"Besides the artists already mentioried we are promised Madame Adelina Patti, Madame Sembrich, Madame Maria Durand, Mdlle. De Vere (her first appearance at the Royai Italian Opera), Madame Scalchi, Mdlle. Reggiani, and Mdille. Tremelli; Signor Nicolini, Signor Marconi, M. Soulacroix, Signor Mierzwinski, Signor Cotogni, M. Devoyod, Signor De Reszké, Signor Monti, and Signor Novara."	Mdlle . De Vere	Q19998212	person	date of birth	"1864-12-12T00:00:00Z;1864-12-14T00:00:00Z"	"1864-12-12T00:00:00Z; 1864-12-14T00:00:00Z"
the_Musical_Times_ms_1884-493_4_	"Besides the artists already mentioried we are promised Madame Adelina Patti, Madame Sembrich, Madame Maria Durand, Mdlle. De Vere (her first appearance at the Royai Italian Opera), Madame Scalchi, Mdlle. Reggiani, and Mdille. Tremelli; Signor Nicolini, Signor Marconi, M. Soulacroix, Signor Mierzwinski, Signor Cotogni, M. Devoyod, Signor De Reszké, Signor Monti, and Signor Novara."	Madame Scalchi	Q7553670	person	date of birth	1850-11-29T00:00:00Z	1850-11-29T00:00:00Z
the_Musical_Times_ms_1884-493_4_	"Besides the artists already mentioried we are promised Madame Adelina Patti, Madame Sembrich, Madame Maria Durand, Mdlle. De Vere (her first appearance at the Royai Italian Opera), Madame Scalchi, Mdlle. Reggiani, and Mdille. Tremelli; Signor Nicolini, Signor Marconi, M. Soulacroix, Signor Mierzwinski, Signor Cotogni, M. Devoyod, Signor De Reszké, Signor Monti, and Signor Novara."	Signor Nicolini	Q3083329	person	date of birth	1834-02-23T00:00:00Z	1834-02-23T00:00:00Z
the_Musical_Times_ms_1884-493_4_	"Besides the artists already mentioried we are promised Madame Adelina Patti, Madame Sembrich, Madame Maria Durand, Mdlle. De Vere (her first appearance at the Royai Italian Opera), Madame Scalchi, Mdlle. Reggiani, and Mdille. Tremelli; Signor Nicolini, Signor Marconi, M. Soulacroix, Signor Mierzwinski, Signor Cotogni, M. Devoyod, Signor De Reszké, Signor Monti, and Signor Novara."	Signor Marconi	Q5479431	person	date of birth	"1853-01-01T00:00:00Z;1853-05-14T00:00:00Z;1855-05-14T00:00:00Z"	"1853-05-14T00:00:00Z; 1855-05-14T00:00:00Z"
the_Musical_Times_ms_1884-493_4_	"Besides the artists already mentioried we are promised Madame Adelina Patti, Madame Sembrich, Madame Maria Durand, Mdlle. De Vere (her first appearance at the Royai Italian Opera), Madame Scalchi, Mdlle. Reggiani, and Mdille. Tremelli; Signor Nicolini, Signor Marconi, M. Soulacroix, Signor Mierzwinski, Signor Cotogni, M. Devoyod, Signor De Reszké, Signor Monti, and Signor Novara."	M. Soulacroix	Q5515856	person	date of birth	1853-12-11T00:00:00Z	1853-12-11T00:00:00Z
the_Musical_Times_ms_1884-493_4_	"Besides the artists already mentioried we are promised Madame Adelina Patti, Madame Sembrich, Madame Maria Durand, Mdlle. De Vere (her first appearance at the Royai Italian Opera), Madame Scalchi, Mdlle. Reggiani, and Mdille. Tremelli; Signor Nicolini, Signor Marconi, M. Soulacroix, Signor Mierzwinski, Signor Cotogni, M. Devoyod, Signor De Reszké, Signor Monti, and Signor Novara."	Signor Mierzwinski	Q5986416	person	date of birth	1850-10-21T00:00:00Z	1850-10-21T00:00:00Z
the_Musical_Times_ms_1884-493_4_	"Besides the artists already mentioried we are promised Madame Adelina Patti, Madame Sembrich, Madame Maria Durand, Mdlle. De Vere (her first appearance at the Royai Italian Opera), Madame Scalchi, Mdlle. Reggiani, and Mdille. Tremelli; Signor Nicolini, Signor Marconi, M. Soulacroix, Signor Mierzwinski, Signor Cotogni, M. Devoyod, Signor De Reszké, Signor Monti, and Signor Novara."	Signor Cotogni	Q2562468	person	date of birth	1831-08-01T00:00:00Z	1831-08-01T00:00:00Z
the_Musical_Times_ms_1884-493_4_	"Besides the artists already mentioried we are promised Madame Adelina Patti, Madame Sembrich, Madame Maria Durand, Mdlle. De Vere (her first appearance at the Royai Italian Opera), Madame Scalchi, Mdlle. Reggiani, and Mdille. Tremelli; Signor Nicolini, Signor Marconi, M. Soulacroix, Signor Mierzwinski, Signor Cotogni, M. Devoyod, Signor De Reszké, Signor Monti, and Signor Novara."	M. Devoyod	Q27928845	person	date of birth	1841-03-28T00:00:00Z	1841-03-28T00:00:00Z
The_Musical_Times_ms_1885-505_4_	A capital programme on the 23rd drew a full audience, the general public beinz attracted by Beethoven's Rasoumowski Quartet in F, No. 1, and Tartini'’s ‘Trillo del Diavolo,”” and musicians by Grieg’s Sonata in F, for piano and violin, Op. 8.	Grieg	Q80621	person	date of birth	1843-06-15T00:00:00Z	1843-06-15T00:00:00Z
The Harmonicon_1827-002_ms_3	After this, we had: Les Néces de Gamache, a comic opera, in three acts, by Mercadante, translated and arranged by Messrs. Sauvage and Dupin, and adapted to the stage by M. Guénée: we suppose it would be unpardonable to omit any of these important particulars, as the authors always show such marked anxiety te bring them befere the world.	M. Guénée	Q23901679	person	date of birth	1818-12-14T00:00:00Z	1818-12-14T00:00:00Z
Dwight's Journal of Music_1857-001_ms_1	One man may lived, who ean read the heart, and whose power was not: based upon, his own experience ‘but if so, we may well call William Shakspeare superhuman, THenee it was that whiffe i m ~ Rossint’s “Barber of Seville,” ar Cimarosa’s « Seeret Marriage.”	William Shakspeare	Q692	person	date of birth	1564-04-01T00:00:00Z	1564-04-01T00:00:00Z
Dwight's Journal of Music_1857-001_ms_1	One man may lived, who ean read the heart, and whose power was not: based upon, his own experience ‘but if so, we may well call William Shakspeare superhuman, THenee it was that whiffe i m ~ Rossint’s “Barber of Seville,” ar Cimarosa’s « Seeret Marriage.”	Cimarosa	Q191775	person	date of birth	1749-12-17T00:00:00Z	1749-12-17T00:00:00Z
The_Musical_World_ms_1843-040_1_	"Adolphe Adam, the composer of Le Postillon de Lonjumeau, was the first to apostrophize the acquirements of M. Vivier, ina Jengthened artiele in the France Wusicale; he has been followed by the rest of them, and last week, in the Gazelle AZusicale, we find a paper by Maurice Bourges, which makes M. Vivier something less than a demi - god, and extols his qualifications, in language, which applied to would be M. Bourges melts Paganini himself, nothing short of hyperbolical."	Adolphe Adam	Q189544	person	date of birth	1803-07-24T00:00:00Z	1803-07-24T00:00:00Z
The_Musical_World_ms_1843-040_1_	"Adolphe Adam, the composer of Le Postillon de Lonjumeau, was the first to apostrophize the acquirements of M. Vivier, ina Jengthened artiele in the France Wusicale; he has been followed by the rest of them, and last week, in the Gazelle AZusicale, we find a paper by Maurice Bourges, which makes M. Vivier something less than a demi - god, and extols his qualifications, in language, which applied to would be M. Bourges melts Paganini himself, nothing short of hyperbolical."	Maurice Bourges	Q73128734	person	date of birth	1812-12-02T00:00:00Z	1812-12-02T00:00:00Z
Dwight's Journal of Music_1860-012_ms_1	In 1824 her family was residing at Paris, where she received, musical instruction from M. Fétis, at present: director of the Brussels Conse rratoire, author of the Biographie Universelle de Musiciens, together with many didactic works, and compos at that time prefessor in the Conservatoire of ‘Paris.	M. Fétis	Q523581	person	date of birth	1784-03-25T00:00:00Z	1784-03-25T00:00:00Z
The Harmonicon_1826-048_ms_3	"With respect to the pieces given, the following seven are new to our theatre: Die sieben Midchen, Das Hausgesinde, Der Unsichibare, Die Ochsenmenuett, Staberls Reise - abentheuer, ‘and Le Macon by Auber; Macbeth in Schiller’s translation, ‘and with Reichardt’s music, is also new to us."	Schiller	Q22670	person	date of birth	1759-11-10T00:00:00Z	1759-11-10T00:00:00Z
The Harmonicon_1826-048_ms_3	"With respect to the pieces given, the following seven are new to our theatre: Die sieben Midchen, Das Hausgesinde, Der Unsichibare, Die Ochsenmenuett, Staberls Reise - abentheuer, ‘and Le Macon by Auber; Macbeth in Schiller’s translation, ‘and with Reichardt’s music, is also new to us."	Reichardt	Q213742	person	date of birth	1752-11-25T00:00:00Z	1752-11-25T00:00:00Z
The_Musical_Times_ms_1885-505_3_	"Whether this kind of thing is permissible is open to question; but the audience settled the matter in the affirmative by encoring the performer. Miss Zimmermann gave Mendelssohn’s familiar Caprice in E, Op. 33, and Mr. Santley sang two equally familiar airs by Handel."	Miss Zimmermann	Q4693137	person	date of birth	1847-07-05T00:00:00Z	1847-07-05T00:00:00Z
The_Musical_World__ms_1843-042_2_	The above, an air from Handel’s Berenice sensibly rendered by Stretton, a duet from the Zauberflute by Mrs. Shaw and Mr. Phillips, and a droll kind of aria by Salvator Rosa, to which Mr. Manvers gave a life which in itself it lacks, were the only other features of interest.	Salvator Rosa	Q359421	person	date of birth	1615-06-20T00:00:00Z	1615-06-20T00:00:00Z
the_Musical_Times_ms_1896-635_4_	"The Musical Union (Dr. Coward), in the ‘Creation’; the Choral Union (Mr. Suckley), in Verdi’s opera “Ernani”; and the St.-Cecilia Musical Society (Mr. W. Brown), also in the ‘Creation,” have all given evidence oft hat abundant enthusiasm and plentiful supply of good vocal material which have led the supporters of the Festival scheme to foster ambitious hopes as to the future of South Yorkshire choral singing."	Dr. Coward	Q5719907	person	date of birth	1849-11-26T00:00:00Z	1849-11-26T00:00:00Z
the_Musical_Times_ms_1896-635_3_	"The principal pieces in the programme were Mendelssohn's String Quintet in B flat (Op. 87) and Svendsen’s String Octet in A (Op. 3), the latter being played by Messrs. Arthur Bent, Wallace Sutcliffe, William Ackroyd, Alfred Wall, Alfred Hobday, Percy Kearne, Paul Ludwig; and Tennyson Werge."	Svendsen	Q336668	person	date of birth	1840-09-30T00:00:00Z	1840-09-30T00:00:00Z
the_Musical_Times_ms_1896-635_3_	"The principal pieces in the programme were Mendelssohn's String Quintet in B flat (Op. 87) and Svendsen’s String Octet in A (Op. 3), the latter being played by Messrs. Arthur Bent, Wallace Sutcliffe, William Ackroyd, Alfred Wall, Alfred Hobday, Percy Kearne, Paul Ludwig; and Tennyson Werge."	William Ackroyd	Q109120689	person	date of birth	1875-01-21T00:00:00Z	1875-01-21T00:00:00Z
the_Musical_Times_ms_1896-635_3_	"The principal pieces in the programme were Mendelssohn's String Quintet in B flat (Op. 87) and Svendsen’s String Octet in A (Op. 3), the latter being played by Messrs. Arthur Bent, Wallace Sutcliffe, William Ackroyd, Alfred Wall, Alfred Hobday, Percy Kearne, Paul Ludwig; and Tennyson Werge."	Alfred Wall	Q107203434	person	date of birth	1875-01-01T00:00:00Z	1875-01-01T00:00:00Z
the_Musical_Times_ms_1896-635_3_	"The principal pieces in the programme were Mendelssohn's String Quintet in B flat (Op. 87) and Svendsen’s String Octet in A (Op. 3), the latter being played by Messrs. Arthur Bent, Wallace Sutcliffe, William Ackroyd, Alfred Wall, Alfred Hobday, Percy Kearne, Paul Ludwig; and Tennyson Werge."	Alfred Hobday	Q4722438	person	date of birth	1870-04-19T00:00:00Z	1870-04-19T00:00:00Z
The_Musical_World_ms_1843-040_2_	Queen Victoria, on one of these occasions, had the advantage of hearing this new wonder, and was so delighted as to press M. Vivier to pay England a visit, which, need we say, M. Vivier intends very shortly to do.	Queen Victoria	Q9439	person	date of birth	1819-05-24T00:00:00Z	1819-05-24T00:00:00Z
The_Musical_World_ms_1843-040_2_	Queen Victoria, on one of these occasions, had the advantage of hearing this new wonder, and was so delighted as to press M. Vivier to pay England a visit, which, need we say, M. Vivier intends very shortly to do.	M. Vivier	Q16947558	person	date of birth	1817-12-04T00:00:00Z	1817-12-04T00:00:00Z
The_Musical_Times_ms_1896-646_7_	Perhaps the most interesting piece was Bemberg’s ‘La Ballade du Désespéré” for yoice“and declamation, beautifully rendered by Miss Gertrude Bevan and Miss Ellen M. Bowick, with the accompaniments well played by the Misses Edith Byford, May H. Mukle, and Mabel E. Colyer.	Bemberg	Q3134049	person	date of birth	1859-03-29T00:00:00Z	1859-03-29T00:00:00Z
The_Musical_Times_ms_1896-646_7_	Perhaps the most interesting piece was Bemberg’s ‘La Ballade du Désespéré” for yoice“and declamation, beautifully rendered by Miss Gertrude Bevan and Miss Ellen M. Bowick, with the accompaniments well played by the Misses Edith Byford, May H. Mukle, and Mabel E. Colyer.	May H. Mukle	Q22312922	person	date of birth	1880-05-14T00:00:00Z	1880-05-14T00:00:00Z
The Musical Times_1852-098_ms_3	In the course of the late season of morning concerts, we heard one of the best glees of Webbe, which we had not heard for thirty years before, when it was performed by the Vaughans, Knyvetts, & c., at a concert given by a Miss Bonwick, at the London Tavern	Webbe	Q7412899	person	date of birth	1740-10-07T00:00:00Z	1740-10-07T00:00:00Z
The_Musical_World__ms_1901-705_1_	The Beethoven festival, held from the 5th. to the 7th ult., under the direction of Capellmeister Steinbach, with the Meiningen orchestra and the choir of.the Musik - Verein, was exceedingly well attended, and there is but one voice as to the general excellence of the performances.	Capellmeister Steinbach	Q70648	person	date of birth	1855-06-17T00:00:00Z	1855-06-17T00:00:00Z
The Harmonicon_1829-002_ms_4	Leo was the founder ofa school in Naples, that very widely spread the fame of his country, and became a nursery for those celebrated singers, who afterwards filled Giovanni Ansani, or Anzani, was an lalian singer and composer of some eminence.	Giovanni Ansani	Q2813673	person	date of birth	1744-02-11T00:00:00Z	1744-02-11T00:00:00Z
Dwight's Journal of Music_1855-002_ms_1	And in the beautiful galleries of the Prince Es sterhdzy, (that munificent patron | of: Art) one can, at least, recall in imagination some- strains of the choice ¢hamber music. of, Beethoven, to which their walls echoed in the presence of the great master, and in his palmiest days. os se I was much impressed by the fine monument of the Archduchess Christina, by Canova, which stands in the Church of the Augustines.	Prince Es sterhdzy	Q597865	person	date of birth	1765-12-12T00:00:00Z	1765-12-12T00:00:00Z
Dwight's Journal of Music_1855-002_ms_1	And in the beautiful galleries of the Prince Es sterhdzy, (that munificent patron | of: Art) one can, at least, recall in imagination some- strains of the choice ¢hamber music. of, Beethoven, to which their walls echoed in the presence of the great master, and in his palmiest days. os se I was much impressed by the fine monument of the Archduchess Christina, by Canova, which stands in the Church of the Augustines.	Canova	Q5547	person	date of birth	1757-11-01T00:00:00Z	1757-11-01T00:00:00Z
The Musical Times_1853-106_ms_3	This gentleman, whose talents and amiable enjoying disposition still preserve his memory in the lively affection and esteem of his acquaintance, was an admirable chamber singer, and particularly excelled in Mozart’s music, which he sang with the same accent and inflections of tone as Dragonetti on his bass.	Dragonetti	Q504490	person	date of birth	1763-04-07T00:00:00Z	1763-04-07T00:00:00Z
The_Musical_Times_ms_1896-646_6_	Other pieces by Chopin, Leschetizky, Moszkowski, and Padetewski were rendered with a command of expression and facility of execution that more than once elicited enthusiastic applause from the audience, and necessitated her playing an extra piece at the close of her programme.	Chopin	Q1268	person	date of birth		1810-03-01T00:00:00Z
The_Musical_Times_ms_1896-646_6_	Other pieces by Chopin, Leschetizky, Moszkowski, and Padetewski were rendered with a command of expression and facility of execution that more than once elicited enthusiastic applause from the audience, and necessitated her playing an extra piece at the close of her programme.	Leschetizky	Q362340	person	date of birth	1830-06-22T00:00:00Z	1830-06-22T00:00:00Z
The_Musical_Times_ms_1896-646_6_	Other pieces by Chopin, Leschetizky, Moszkowski, and Padetewski were rendered with a command of expression and facility of execution that more than once elicited enthusiastic applause from the audience, and necessitated her playing an extra piece at the close of her programme.	Moszkowski	Q322427	person	date of birth	1854-08-23T00:00:00Z	1854-08-23T00:00:00Z
The_Musical_Times_ms_1896-646_6_	Other pieces by Chopin, Leschetizky, Moszkowski, and Padetewski were rendered with a command of expression and facility of execution that more than once elicited enthusiastic applause from the audience, and necessitated her playing an extra piece at the close of her programme.	Padetewski	Q191957	person	date of birth	1860-11-18T00:00:00Z	1860-11-18T00:00:00Z
The Harmonicon_1826-048_ms_2	It was at this period, as we learn from history, and from' Tinctor himself in one of his treatises, that the Flemish school of music began to form itself on the model of that of France, at that time the most celebrated in Europe.	Tinctor	Q370512	person	date of birth	1435-01-01T00:00:00Z	1435-01-01T00:00:00Z
the_Musical_Times_ms_1896-635_8_	At Bradford, too, there has. been more than ordinary musical activity. On November 22 the second of the Subscription Concerts took place, a miscellaneous programme of much more than average interest being sustained by Miss Esther Palliser, Madame Marian McKenzie, Messrs. Ben Davies and Douglas Powell, with Herr Rosenthal as pianist and Mr. W. H. Squire as violoncellist.	Ben Davies	Q4888470	person	date of birth	1858-01-06T00:00:00Z	1858-01-06T00:00:00Z
the_Musical_Times_ms_1896-635_8_	At Bradford, too, there has. been more than ordinary musical activity. On November 22 the second of the Subscription Concerts took place, a miscellaneous programme of much more than average interest being sustained by Miss Esther Palliser, Madame Marian McKenzie, Messrs. Ben Davies and Douglas Powell, with Herr Rosenthal as pianist and Mr. W. H. Squire as violoncellist.	Herr Rosenthal	Q213772	person	date of birth	"1862-12-17T00:00:00Z;1862-12-18T00:00:00Z"	"1862-12-17T00:00:00Z; 1862-12-18T00:00:00Z"
the_Musical_Times_ms_1896-635_8_	At Bradford, too, there has. been more than ordinary musical activity. On November 22 the second of the Subscription Concerts took place, a miscellaneous programme of much more than average interest being sustained by Miss Esther Palliser, Madame Marian McKenzie, Messrs. Ben Davies and Douglas Powell, with Herr Rosenthal as pianist and Mr. W. H. Squire as violoncellist.	Mr. W. H. Squire	Q2377263	person	date of birth	1871-08-08T00:00:00Z	1871-08-08T00:00:00Z
The Musical Times_1881-455_ms_3	Tor, be it said parenthetically, that in literature also Mr. Pepys was' a sound judge of genuine merit, who, to name but (one instance, in an age of studied politeness was able to appreciate the racy force of the old popular ‘ballads of England and Scotland.	Mr. Pepys	Q106143	person	date of birth	1633-02-23T00:00:00Z	1633-02-23T00:00:00Z
The Musical Times_1849-066_ms_2	As grace they sung a “Sanctus,” by Orlando Gibbons, upon which the Rev. Conductor made some interesting remarks, and on the excellence of the older English Church Music, congratulating his auditors on the brighter prospects for solid music, man. arising from the production of convenient and cheap copies sting In Inconsistent contrast to the other Psalms at / of the excellent music which had so long lain dormant in Morning Prayer.	Orlando Gibbons	Q311913	person	date of birth	1583-12-25T00:00:00Z	1583-12-25T00:00:00Z
The Musical Times_1852-098_ms_4	Another gratifying circumstance presents itself to ‘our recollection, in the promised production of two new oratorios, by Englishmen, at the approaching Norwich Festival — Mr. Pierson’s Jerusalem, and Dr. Bexfield’s Israel Restored, in regard to both of which we have received very flattering accounts.	Mr. Pierson	Q97011	person	date of birth	1815-04-12T00:00:00Z	1815-04-12T00:00:00Z
The Musical Times_1852-098_ms_4	Another gratifying circumstance presents itself to ‘our recollection, in the promised production of two new oratorios, by Englishmen, at the approaching Norwich Festival — Mr. Pierson’s Jerusalem, and Dr. Bexfield’s Israel Restored, in regard to both of which we have received very flattering accounts.	Dr. Bexfield	Q18531021	person	date of birth	1824-04-27T00:00:00Z	1824-04-27T00:00:00Z
the_Musical_Times_ms_1896-635_5_	Despite this drawback, the Concert wasa brilliant success, and Dr. Mackenzie’s abilities as a conductor were watmly recognised. Mr. Brodsky, the new leader of the Hallé band, made a most tavourable impression on his first appearance before a Leeds audience by his highly poetic and technically perfect playing of the Mendelssohn Concerto, and Madame Marian McKenzie contributed several songs with good effect.	Mr. Brodsky	Q365287	person	date of birth	1851-04-02T00:00:00Z	1851-04-02T00:00:00Z
Dwight's Journal of Music_1856-001_ms_1	“Pwo souls in their essence so entirely kindred must have kneeled before each ether on first meeting, as the chronicle” relates of the first inter tew of Maria ot Burgundy with Masimilian: ot Austria, which adds: tans qJere fille xsé like that exclaim aticr the “Oh, “And qnust they not. merging leur moult grande. beaute et.	Maria ot Burgundy	Q157073	person	date of birth	1457-02-22T00:00:00Z	1457-02-22T00:00:00Z
Dwight's Journal of Music_1856-001_ms_1	“Pwo souls in their essence so entirely kindred must have kneeled before each ether on first meeting, as the chronicle” relates of the first inter tew of Maria ot Burgundy with Masimilian: ot Austria, which adds: tans qJere fille xsé like that exclaim aticr the “Oh, “And qnust they not. merging leur moult grande. beaute et.	Masimilian : ot Austria	Q150726	person	date of birth	1459-03-31T00:00:00Z	1459-03-31T00:00:00Z
Dwight's Journal of Music_1858-11_BIS_ms_2	"then, instead of stepping forw: urd as a reformer, he ought, as a true disciple of honored and to effect nothing but what Gluck and Mozart; Cimarosa and Pacsicllé, Méhul and Boieldieu, Chert ahint and Spontini, Beethoven and= Weber, Spohr.and Weigl, Meyerbeer and Lortzing, also tried to effect, and which they succeeded more or less in doing. metadata={sent_text:then instead of stepping forw: urd as a reformer he ought as a true disciple of honored and to effect nothing but what Gluck and Mozart; Cimarosa and Pacsicllé Méhul and Boieldieu Chert ahint and Spontini Beethoven and: ""Weber Spohr.and Weigl Meyerbeer and Lortzing also tried to effect and which they succeeded more or less in doing.""}"	Weigl	Q78798	person	date of birth	1766-03-28T00:00:00Z	1766-03-28T00:00:00Z
Dwight's Journal of Music_1858-11_BIS_ms_2	"then, instead of stepping forw: urd as a reformer, he ought, as a true disciple of honored and to effect nothing but what Gluck and Mozart; Cimarosa and Pacsicllé, Méhul and Boieldieu, Chert ahint and Spontini, Beethoven and= Weber, Spohr.and Weigl, Meyerbeer and Lortzing, also tried to effect, and which they succeeded more or less in doing. metadata={sent_text:then instead of stepping forw: urd as a reformer he ought as a true disciple of honored and to effect nothing but what Gluck and Mozart; Cimarosa and Pacsicllé Méhul and Boieldieu Chert ahint and Spontini Beethoven and: ""Weber Spohr.and Weigl Meyerbeer and Lortzing also tried to effect and which they succeeded more or less in doing.""}"	Meyerbeer	Q105237	person	date of birth	1791-09-05T00:00:00Z	1791-09-05T00:00:00Z
Dwight's Journal of Music_1858-11_BIS_ms_2	"then, instead of stepping forw: urd as a reformer, he ought, as a true disciple of honored and to effect nothing but what Gluck and Mozart; Cimarosa and Pacsicllé, Méhul and Boieldieu, Chert ahint and Spontini, Beethoven and= Weber, Spohr.and Weigl, Meyerbeer and Lortzing, also tried to effect, and which they succeeded more or less in doing. metadata={sent_text:then instead of stepping forw: urd as a reformer he ought as a true disciple of honored and to effect nothing but what Gluck and Mozart; Cimarosa and Pacsicllé Méhul and Boieldieu Chert ahint and Spontini Beethoven and: ""Weber Spohr.and Weigl Meyerbeer and Lortzing also tried to effect and which they succeeded more or less in doing.""}"	Lortzing	Q154203	person	date of birth	1801-10-23T00:00:00Z	1801-10-23T00:00:00Z
Dwight's Journal of Music_1854-002_ms_4	"Mr. DRESELr was greeted with a spontaneous ani fervent welcome, when he took his seat at the piano, and his exquisitely expressive rendering of the two Songs without Words by Mendelssohn (the “Duet” and “Spring Song”), the striking Etude by Ferdi-: nand Hiller, the Adagio from a Concerto and the Etude by Chopin, held the andience in hushed delight; indeed we know of more than one adverse prejudice that owned itself melted away by that performance."	Mr. DRESELr	Q96415095	person	date of birth	1826-01-01T00:00:00Z	1826-01-01T00:00:00Z
Dwight's Journal of Music_1854-002_ms_4	"Mr. DRESELr was greeted with a spontaneous ani fervent welcome, when he took his seat at the piano, and his exquisitely expressive rendering of the two Songs without Words by Mendelssohn (the “Duet” and “Spring Song”), the striking Etude by Ferdi-: nand Hiller, the Adagio from a Concerto and the Etude by Chopin, held the andience in hushed delight; indeed we know of more than one adverse prejudice that owned itself melted away by that performance."	Ferdi- : nand Hiller	Q213530	person	date of birth	1811-10-24T00:00:00Z	1811-10-24T00:00:00Z
The Harmonicon_1830-003_ms_4	"On the 28th of December, Madame Fodor appeared, for the first time, in the Barbiere di Siviglia; and the applause of a house crowded in every part testified the delight caused by her performance."	Madame Fodor	Q1002317	person	date of birth	"1789-10-13T00:00:00Z;1793-01-01T00:00:00Z"	"1789-10-13T00:00:00Z; 1793-01-01T00:00:00Z"
The Harmonicon_1824-020_ms_2	"The compositions for the former are generally firnished from Parts - and London; for the latter, choice is made of Momrt, Pleyel, Steibeit, and other easy masters."	Pleyel	Q314019	person	date of birth	1757-06-18T00:00:00Z	1757-06-18T00:00:00Z
The Harmonicon_1824-020_ms_2	"The compositions for the former are generally firnished from Parts - and London; for the latter, choice is made of Momrt, Pleyel, Steibeit, and other easy masters."	Steibeit	Q657464	person	date of birth	1765-10-22T00:00:00Z	1765-10-22T00:00:00Z
the_Musical_Times_ms_1895-634_6_	The works selected by the Philharmonic. Society for the forthcoming season include Handel’s “Acis and Galatea,” Villiers Stanford’s fine choral ballad ‘The Revenge,” and Schubert’s cantata' ‘The Song of Miriam.”	Villiers Stanford	Q368264	person	date of birth	1852-09-30T00:00:00Z	1852-09-30T00:00:00Z
the_Musical_Times_ms_1895-634_6_	The works selected by the Philharmonic. Society for the forthcoming season include Handel’s “Acis and Galatea,” Villiers Stanford’s fine choral ballad ‘The Revenge,” and Schubert’s cantata' ‘The Song of Miriam.”	Schubert	Q7312	person	date of birth	1797-01-31T00:00:00Z	1797-01-31T00:00:00Z
the_Musical_Times_ms_1900-690_1_	‘Military Band Organisation’ read before the Royal United Service Institution, on March 25, 1892, -by Colonel T. B. Shaw - Hellier, a former Commandant of Kneller Hall, who is well known in the army for his musical abilities, andwho, during his six years’ tenure of office at Kneller Hall, did a great deal to improve the Institution.	Colonel T. B. Shaw - Hellier	Q98098664	person	date of birth	1836-10-20T00:00:00Z	1836-10-20T00:00:00Z
The_Musical_World__ms_1845-029_1_	On his way to. Germany, through Holland, Vieuxtemps stopped at the Hague, which coming to the knowledge of His Majesty the King of Holland, that illustrious personage immediately sent for the eminent violinist, received him most graciously, and expressed his desire to hear the Concerto which Vieuxtemps has dedicated to him	Vieuxtemps	Q312790	person	date of birth	1820-02-17T00:00:00Z	1820-02-17T00:00:00Z
The_Musical_World__ms_1845-029_1_	On his way to. Germany, through Holland, Vieuxtemps stopped at the Hague, which coming to the knowledge of His Majesty the King of Holland, that illustrious personage immediately sent for the eminent violinist, received him most graciously, and expressed his desire to hear the Concerto which Vieuxtemps has dedicated to him	His Majesty the King of	Q154287	person	date of birth	1792-12-06T00:00:00Z	1792-12-06T00:00:00Z
The_Musical_Times_ms_1901-705_3_	On St. Cecilia’s Day, 1695, the Plan of a Grand Concert of Music — at which some of the works of the forgotten Italian composer, Giovanni Battista Bassani (16571716), said to be the master of Corelli, were presented	St. Cecilia	Q80513	person	date of birth	0180-01-01T00:00:00Z	0180-01-01T00:00:00Z
The_Musical_Times_ms_1901-705_3_	On St. Cecilia’s Day, 1695, the Plan of a Grand Concert of Music — at which some of the works of the forgotten Italian composer, Giovanni Battista Bassani (16571716), said to be the master of Corelli, were presented	Giovanni Battista Bassani	Q465565	person	date of birth	"1650-01-01T00:00:00Z;1657-01-01T00:00:00Z"	"1650-01-01T00:00:00Z; 1657-01-01T00:00:00Z"
The_Musical_Times_ms_1900-692_1_	"The Scottish Orchestra has again been engaged, under its fourth conductor, Mr. Frederic H. Cowen; and the Edinburgh Choral Union, Mr. Kirkhope’s and Mr. Moonie’s choirs (the latter for the first time) will take part in the scheme."	Mr. Frederic H. Cowen	Q1452734	person	date of birth	1852-01-29T00:00:00Z	1852-01-29T00:00:00Z
The Harmonicon_1823-002_ms_1	The favourite airs in Rossini’s Opera of La Gazza LapRa, erranged for the Piano - Forte, with an Accompaniment for the Flute. by T. Latour, Pianiste ‘to His Majesty.	T. Latour	Q6171596	person	date of birth	1767-03-03T00:00:00Z	1767-03-03T00:00:00Z
The Harmonicon_1823-002_ms_1	The favourite airs in Rossini’s Opera of La Gazza LapRa, erranged for the Piano - Forte, with an Accompaniment for the Flute. by T. Latour, Pianiste ‘to His Majesty.	His Majesty	Q130586	person	date of birth	1762-08-12T00:00:00Z	1762-08-12T00:00:00Z
The Harmonicon_1831-004_ms_1	The Rev. Wiliam Gostling, Minor Canon of Canterbury Cathedral, was the son of that Mr. Gostling, Sub - Dean of St. Paul’s, for whom Purcell wrote his celebrated anthem,	Rev. Wiliam Gostling	Q15994466	person	date of birth	1696-01-01T00:00:00Z	1696-01-01T00:00:00Z
The Harmonicon_1831-004_ms_1	The Rev. Wiliam Gostling, Minor Canon of Canterbury Cathedral, was the son of that Mr. Gostling, Sub - Dean of St. Paul’s, for whom Purcell wrote his celebrated anthem,	Mr. Gostling	Q3181623	person	date of birth	"1644-01-01T00:00:00Z;1650-03-25T00:00:00Z"	"1644-01-01T00:00:00Z; 1650-03-25T00:00:00Z"
The_Quarterly_Musical_Magazine_And_Review_ms_1826-030_3_	Madame Vestris is also a reigning favourite, which, strange to say, she becomes by lowering her original Italian ‘style to the light but coarse ballads of the Kuglish comic opera “Cherry ripe’ for example.	Madame Vestris	Q6696635	person	date of birth	1797-03-03T00:00:00Z	1797-03-03T00:00:00Z
the_Musical_Times_ms_1896-635_10_	The Lamoureux Concert of November 24 proved to be particularly interesting, including as it did the first performance of the “Chansons de Miarka’” of M. Alexandre Georges, set to the poetry of M. Richepin	M. Alexandre Georges	Q2833698	person	date of birth	1850-02-25T00:00:00Z	1850-02-25T00:00:00Z
the_Musical_Times_ms_1896-635_10_	The Lamoureux Concert of November 24 proved to be particularly interesting, including as it did the first performance of the “Chansons de Miarka’” of M. Alexandre Georges, set to the poetry of M. Richepin	M. Richepin	Q551744	person	date of birth	1849-02-04T00:00:00Z	1849-02-04T00:00:00Z
the_Musical_Times_ms_1895-634_7_	"he programme contained Mendelssohn’s ‘Hear my Prayer,” the solo part of which was effectively sung by Madame San Carolo; Cowen’s ‘Bridal Chorus, ’’ Stewart’s ‘Bells of St. Michael’s Tower,” and Pinsuti’s ‘Good - night, beloved.”"	Stewart	Q4444837	person	date of birth	1825-12-16T00:00:00Z	1825-12-16T00:00:00Z
The_Musical_Times_ms_1900-692_2_	Mr. Cowen will be assisted, when occasion requires, by M. Sons, the capable leader, who acted as conductor last year during Herr Bruch’s temporary indisposition, and Herr Moszkowski will. officiate at the first concert.	Herr Bruch	Q106434	person	date of birth	1838-01-06T00:00:00Z	1838-01-06T00:00:00Z
Dwight's Journal of Music_1852-019_ms_4	The names of Grisi, Persiani, and other celebrities who had made - their English: reputation before Mr. Lumley caine info the managemeut, will, of course, occur to all readers, who will also remember in how many brilliant particular school it’ professed to ilus-.	Grisi	Q287812	person	date of birth	1819-06-28T00:00:00Z	1819-06-28T00:00:00Z
Dwight's Journal of Music_1852-019_ms_4	The names of Grisi, Persiani, and other celebrities who had made - their English: reputation before Mr. Lumley caine info the managemeut, will, of course, occur to all readers, who will also remember in how many brilliant particular school it’ professed to ilus-.	Persiani	Q2280304	person	date of birth		1799-09-11T00:00:00Z
Dwight's Journal of Music_1852-019_ms_4	The names of Grisi, Persiani, and other celebrities who had made - their English: reputation before Mr. Lumley caine info the managemeut, will, of course, occur to all readers, who will also remember in how many brilliant particular school it’ professed to ilus-.	Mr. Lumley	Q2896159	person	date of birth	1811-01-01T00:00:00Z	1811-01-01T00:00:00Z
The Harmonicon_1830-003_ms_1	The songs composed for Mrs. Weichsel, many of which were written by C. Bach, show that she had a voice of unusual height, reaching to the in altissimo, and great facility of execution.	Mrs. Weichsel	Q5362421	person	date of birth	1765-12-27T00:00:00Z	1765-12-27T00:00:00Z
The Harmonicon_1830-003_ms_1	The songs composed for Mrs. Weichsel, many of which were written by C. Bach, show that she had a voice of unusual height, reaching to the in altissimo, and great facility of execution.	C. Bach	Q106641	person	date of birth	1735-09-05T00:00:00Z	1735-09-05T00:00:00Z
The_Musical_Times_ms_1899-680_3_	Mdlle. Carrozi, a harpist of great ability, whom Mr. Newman has engaged for his orchestra, played her first harp solo at the Queen’s Hall, on the rst ult., and proved herself to be an interesting player	Mr. Newman	Q7348018	person	date of birth	1858-01-01T00:00:00Z	1858-01-01T00:00:00Z
The_Musical_Times_ms_1885-505_7_	As usual, Mr. Charles Hallé’s Manchester Orchestra was engaged, and the vocal and instrumental soloists were Signorina Barbi, Mr. Joseph Maas, Madame Norman - Néruda, and Mr. Hallé.	Mr. Charles Hallé	Q65648	person	date of birth	1819-04-11T00:00:00Z	1819-04-11T00:00:00Z
The_Musical_Times_ms_1885-505_7_	As usual, Mr. Charles Hallé’s Manchester Orchestra was engaged, and the vocal and instrumental soloists were Signorina Barbi, Mr. Joseph Maas, Madame Norman - Néruda, and Mr. Hallé.	Signorina Barbi	Q3611669	person	date of birth	"1858-06-01T00:00:00Z;1862-06-01T00:00:00Z"	"1858-06-01T00:00:00Z; 1862-06-01T00:00:00Z"
The_Musical_Times_ms_1885-505_7_	As usual, Mr. Charles Hallé’s Manchester Orchestra was engaged, and the vocal and instrumental soloists were Signorina Barbi, Mr. Joseph Maas, Madame Norman - Néruda, and Mr. Hallé.	Mr. Joseph Maas	Q686719	person	date of birth	1847-01-30T00:00:00Z	1847-01-30T00:00:00Z
The_Musical_Times_ms_1885-505_7_	As usual, Mr. Charles Hallé’s Manchester Orchestra was engaged, and the vocal and instrumental soloists were Signorina Barbi, Mr. Joseph Maas, Madame Norman - Néruda, and Mr. Hallé.	Madame Norman - Néruda	Q78938	person	date of birth	1838-03-21T00:00:00Z	1838-03-21T00:00:00Z
the_Musical_Times_ms_1884-493_2_	The prospectus announces that this work, translated into Italian, and the principal part sustained by Madame Pauline Lucca, will positively be produced, Mdlle. Gertrude Griswold (who will make her first appearance on the stage in England), being also included in the cast.	Madame Pauline Lucca	Q86422	person	date of birth	1841-04-25T00:00:00Z	1841-04-25T00:00:00Z
The_Musical_Times_ms_1885-505_8_	Ar the eleventh Subscription Concert of the Choral Union Series, on the 3rd ult., the chief novelty was the late Friedrich Smetana’s ‘Comedy - Overture,’”’ performed last winter at the Philharmonic Concerts at Berlin and at the Crystal Palace Concerts.	Friedrich Smetana	Q48173	person	date of birth	1824-03-02T00:00:00Z	1824-03-02T00:00:00Z
The_Quarterly_Musical_Magazine_And_Review_ms_1826-030_1_	Hence Mademoiselle Bonini has been probably underprized from the superiority of those supremely great singers, Catalani and Pasta, whom she has directly succeeded at the King’s Theatre, and with whom she is consequently immediately compared.	Mademoiselle Bonini	Q5479435	person	date of birth	1865-01-01T00:00:00Z	1865-01-01T00:00:00Z
The_Quarterly_Musical_Magazine_And_Review_ms_1826-030_1_	Hence Mademoiselle Bonini has been probably underprized from the superiority of those supremely great singers, Catalani and Pasta, whom she has directly succeeded at the King’s Theatre, and with whom she is consequently immediately compared.	Catalani	Q263405	person	date of birth	1780-05-10T00:00:00Z	1780-05-10T00:00:00Z
Dwight's Journal of Music_1860-012_ms_4	"The directors of the famous Gewandhaus Concerts in Leipzig have invited’ FErpinanp Ui1LER, of Cologne, to the post of conductor, vaca: ted by Rietz; but Hiller, probably the- best man ‘in all Germany, unfortunately declines."	Rietz	Q63745	person	date of birth	1812-12-28T00:00:00Z	1812-12-28T00:00:00Z
the_Musical_Times_ms_1896-635_9_	The Keighley Musical Union, on the 3rd ult., had distinction conferred upon it by the presence of Professor Prout, who conducted a creditable performance of his cantata ‘Hereward,” the chorus - singing being decidedly its finest feature.	Professor Prout	Q5331730	person	date of birth	1835-03-01T00:00:00Z	1835-03-01T00:00:00Z
the_Musical_Times_ms_1901-698_2_	Mr. ARTHUR SOMERVELL gave a concert of his own compositions, at St. James's Hail, on the 7th ult.. at which he played, with Mr. Leonard Borwick, a set of Variations for two pianofortes on an original theme.	Mr. ARTHUR SOMERVELL	Q4800330	person	date of birth	1863-06-05T00:00:00Z	1863-06-05T00:00:00Z
the_Musical_Times_ms_1901-698_2_	Mr. ARTHUR SOMERVELL gave a concert of his own compositions, at St. James's Hail, on the 7th ult.. at which he played, with Mr. Leonard Borwick, a set of Variations for two pianofortes on an original theme.	Mr. Leonard Borwick	Q376085	person	date of birth	1868-02-26T00:00:00Z	1868-02-26T00:00:00Z
the_Musical_Times_ms_1895-634_4_	On the evening of Sunday, the 3rd ult., a special Service was held in St. George’s Church, Stuyvesant Square, in commemoration of the twenty - fifth anniversary of Mr. George William Warren as organist of St. Thomas’s Church.	Mr. George William Warren	Q20726537	person	date of birth	1828-08-17T00:00:00Z	1828-08-17T00:00:00Z
The_Musical_World_ms_1856-036_1_	Madame Viardot, too, must be noticed for the extraordinary fluency and fire she displayed in the unheard - of bravura from Graun’s Britannieus, and Herr Reichardt for his graceful and finished singing in Mozart’s “Dalla sua pace.”	Madame Viardot	Q122998	person	date of birth	1821-07-18T00:00:00Z	1821-07-18T00:00:00Z
The_Musical_World_ms_1856-036_1_	Madame Viardot, too, must be noticed for the extraordinary fluency and fire she displayed in the unheard - of bravura from Graun’s Britannieus, and Herr Reichardt for his graceful and finished singing in Mozart’s “Dalla sua pace.”	Graun	Q161208	person	date of birth	1704-05-07T00:00:00Z	1704-05-07T00:00:00Z
The_Musical_Times_ms_1905-754_4_	Mr. Arthur Bent’s orchestra is also announced to give two concerts on December 7, Tchaikovsky’s Serenade for The third concert by the Choral and Philstrings (Op. 48) and Bach’s Concerto for two violins and orchestra being the chief features.	Tchaikovsky	Q7315	person	date of birth	1840-05-07T00:00:00Z	1840-05-07T00:00:00Z
The_Musical_Times_ms_1905-754_5_	At their first concert, under the direction of Dr. Bates, Mark Ilambourg will be the solo pianist, and the Norwich Choral Society will contribute Hugh Blair’s ‘Trafalgar,’ composed expressly for the Nelson centenary.	Mark Ilambourg	Q1900092	person	date of birth	1879-06-12T00:00:00Z	1879-06-12T00:00:00Z
The_Musical_Times_ms_1905-754_5_	At their first concert, under the direction of Dr. Bates, Mark Ilambourg will be the solo pianist, and the Norwich Choral Society will contribute Hugh Blair’s ‘Trafalgar,’ composed expressly for the Nelson centenary.	Hugh Blair	Q5930050	person	date of birth	1864-01-01T00:00:00Z	1864-01-01T00:00:00Z
The_Musical_Times_ms_1905-754_5_	At their first concert, under the direction of Dr. Bates, Mark Ilambourg will be the solo pianist, and the Norwich Choral Society will contribute Hugh Blair’s ‘Trafalgar,’ composed expressly for the Nelson centenary.	Nelson	Q83235	person	date of birth	1758-09-29T00:00:00Z	1758-09-29T00:00:00Z
The_Musical_Times_ms_1885-505_5_	The performance of the work in St. James's Hall, under Myr. Otto Goldschmidt, had many good points, and Mr. Parry found no small part of a friendly audience willing to bestow applause.	Myr . Otto Goldschmidt	Q320046	person	date of birth	1829-08-21T00:00:00Z	1829-08-21T00:00:00Z
The_Musical_Times_ms_1885-505_5_	The performance of the work in St. James's Hall, under Myr. Otto Goldschmidt, had many good points, and Mr. Parry found no small part of a friendly audience willing to bestow applause.	Mr. Parry	Q6251304	person	date of birth		1810-01-03T00:00:00Z
The Musical Times_1853-106_ms_1	Spagnoletti, the leader, the fine Roman lineaments of whose countenance should have been pourtrayed by a Titian or Vandyke, was the animating spirit of the orchestra.	Titian	Q47551	person	date of birth	1490-01-01T00:00:00Z	1490-01-01T00:00:00Z
The Musical Times_1853-106_ms_1	Spagnoletti, the leader, the fine Roman lineaments of whose countenance should have been pourtrayed by a Titian or Vandyke, was the animating spirit of the orchestra.	Vandyke	Q150679	person	date of birth	1599-03-22T00:00:00Z	1599-03-22T00:00:00Z
The_Musical_World_ms_1856-036_2_	The quartets from Rigoletto and Oberon, both excellent specimens of their widely different schools, could hardly have been intrusted to more competent artists than Madame Novello, Miss Dolby, Mr. Sims Reeves, and Mr. Weiss.	Mr. Weiss	Q8022239	person	date of birth	1820-04-02T00:00:00Z	1820-04-02T00:00:00Z
The Harmonicon_1828-005_ms_2	When Pugnani and Viotti quitted St. Petersburg, where they had been loaded with favours by Catherine the Second, they paid a visit to Berlin, at the time that our violinist was in possession of the public favour.	Catherine the Second	Q36450	person	date of birth	1729-05-02T00:00:00Z	1729-05-02T00:00:00Z
the_Quarterly_Musical_Magazine_And_Review_ms_1827-034_4_	"About forty years ago the company of Italian singers, called the company of Monsieur (since Louis 18th), made the Parisians hear the divine accents of Paisiello and Pergolesi; but this company could not obtain the victory unassisted."	Paisiello	Q202303	person	date of birth	1740-05-09T00:00:00Z	1740-05-09T00:00:00Z
The_Quarterly_Musical_Magazine_And_Review_ms_1826-030_6_	Scarlatti was the next composer of overtures. Then followed the Concerti grossi of Corelli and Vivaldi, and lastly the concertos and overtures of Handel, Bach, Jomelli, Porpora, and Bononcini, with others of less note.	Scarlatti	Q167837	person	date of birth	1685-10-26T00:00:00Z	1685-10-26T00:00:00Z
The_Quarterly_Musical_Magazine_And_Review_ms_1826-030_6_	Scarlatti was the next composer of overtures. Then followed the Concerti grossi of Corelli and Vivaldi, and lastly the concertos and overtures of Handel, Bach, Jomelli, Porpora, and Bononcini, with others of less note.	Vivaldi	Q1340	person	date of birth	1678-03-04T00:00:00Z	1678-03-04T00:00:00Z
The_Quarterly_Musical_Magazine_And_Review_ms_1826-030_6_	Scarlatti was the next composer of overtures. Then followed the Concerti grossi of Corelli and Vivaldi, and lastly the concertos and overtures of Handel, Bach, Jomelli, Porpora, and Bononcini, with others of less note.	Bononcini	Q315241	person	date of birth	1670-07-18T00:00:00Z	1670-07-18T00:00:00Z
The_Musical_World_ms_1855-025_3_	Besides the advantage of Cervetto as a master, our departed friend, Lindley, had also the opportunity, in his youth, of hearing and playing with Crosdill, whose powerful tone excelled that of any previous performer.	Cervetto	Q1364637	person	date of birth	1682-01-01T00:00:00Z	1682-01-01T00:00:00Z
The_Musical_World_ms_1855-025_3_	Besides the advantage of Cervetto as a master, our departed friend, Lindley, had also the opportunity, in his youth, of hearing and playing with Crosdill, whose powerful tone excelled that of any previous performer.	Lindley	Q18593452	person	date of birth	1776-03-04T00:00:00Z	1776-03-04T00:00:00Z
The_Musical_World_ms_1855-025_3_	Besides the advantage of Cervetto as a master, our departed friend, Lindley, had also the opportunity, in his youth, of hearing and playing with Crosdill, whose powerful tone excelled that of any previous performer.	Crosdill	Q6227740	person	date of birth		1751-01-01T00:00:00Z
The_Musical_Times_ms_1901-705_2_	Under the auspices of the Society for the Cultivation of Danish Music, a composition, by Niels W. Gade, entitled ‘Baldur’s Dream,’ for solo voices, chorus, and orchestra, has just been published for the first time.	Niels W. Gade	Q154632	person	date of birth	1817-02-22T00:00:00Z	1817-02-22T00:00:00Z
Dwight's Journal of Music_1859-004_ms_3	"At the Opera we have‘had the “Prophet,” the fanchonette,” the ‘Lucia di Lammermoor,” and “the “Muette de Portici;” a night; each, of Mey erbecr, “Clapisson, Donizetti and Auber."	Clapisson	Q1871594	person	date of birth	1808-09-05T00:00:00Z	1808-09-05T00:00:00Z
The_Quarterly_Musical_Magazine_And_Review_ms_1827-036_1_	Fischer then passed to Italy, and from thence to England, where (in 1769) he formed one of those solo. performers with Abel, Cramer, Crosdill, and Cervetto, for whom John Christian Bach, then in England, wrote solos in his concertos when his - hand was likely to tire or he wanted support.	Fischer	Q820692	person	date of birth	1733-01-01T00:00:00Z	1733-01-01T00:00:00Z
The_Quarterly_Musical_Magazine_And_Review_ms_1827-036_1_	Fischer then passed to Italy, and from thence to England, where (in 1769) he formed one of those solo. performers with Abel, Cramer, Crosdill, and Cervetto, for whom John Christian Bach, then in England, wrote solos in his concertos when his - hand was likely to tire or he wanted support.	Abel	Q168539	person	date of birth	1723-12-22T00:00:00Z	1723-12-22T00:00:00Z
The_Quarterly_Musical_Magazine_And_Review_ms_1827-036_1_	Fischer then passed to Italy, and from thence to England, where (in 1769) he formed one of those solo. performers with Abel, Cramer, Crosdill, and Cervetto, for whom John Christian Bach, then in England, wrote solos in his concertos when his - hand was likely to tire or he wanted support.	Cervetto	Q18529811	person	date of birth	1748-01-08T00:00:00Z	1748-01-08T00:00:00Z
Dwight's Journal of Music_1854-002_ms_3	Inthe year 1720, there appeared a satirical work of ‘Benedetto Marcello, the celebrated author of thé Psalms, which gives a lively -picture of the musical drama at that period.	Benedetto Marcello	Q312784	person	date of birth	"1686-07-24T00:00:00Z;1686-08-09T00:00:00Z"	"1686-07-24T00:00:00Z; 1686-08-09T00:00:00Z"
The Harmonicon_1832-006_ms_4	I hear with great regret of the sudden death of M. Frederick Kuhlau, of Copenhagen, a composer whose namie is very little known out of Denmark, but who posSessed a very considerable share of talent.	M. Frederick Kuhlau	Q157865	person	date of birth	1786-09-11T00:00:00Z	1786-09-11T00:00:00Z
The Musical Times_1881-455_ms_4	It was, indeed, on his extensive collection of such treasures that Bishop Percy drew when.he published his famous ‘Reliques,” and thus prepared a heaithy revolution ‘in English literature against the stiltedness and pom‘pousness of eighteenth century poets.	Percy	Q712930	person	date of birth	1729-04-13T00:00:00Z	1729-04-13T00:00:00Z
the_Musical_Times_ms_1895-634_1_	On the 5th ult. the Albert Hall was again crowded to excess on the occasion of Mr. Fould’s miscellaneous Concert, when Madame Albani, Miss Clara Butt, Mr. Norman Salmond, M. Johannes Wolff, M. Hollman, and ‘M. Raoul Pugno appeared.	Madame Albani	Q2503633	person	date of birth	1847-11-01T00:00:00Z	1847-11-01T00:00:00Z
the_Musical_Times_ms_1895-634_1_	On the 5th ult. the Albert Hall was again crowded to excess on the occasion of Mr. Fould’s miscellaneous Concert, when Madame Albani, Miss Clara Butt, Mr. Norman Salmond, M. Johannes Wolff, M. Hollman, and ‘M. Raoul Pugno appeared.	Miss Clara Butt	Q461921	person	date of birth	"1872-02-01T00:00:00Z;1873-01-01T00:00:00Z"	"1872-02-01T00:00:00Z; 1873-01-01T00:00:00Z"
the_Musical_Times_ms_1895-634_1_	On the 5th ult. the Albert Hall was again crowded to excess on the occasion of Mr. Fould’s miscellaneous Concert, when Madame Albani, Miss Clara Butt, Mr. Norman Salmond, M. Johannes Wolff, M. Hollman, and ‘M. Raoul Pugno appeared.	Mr. Norman Salmond	Q5442324	person	date of birth	1888-11-19T00:00:00Z	1888-11-19T00:00:00Z
the_Musical_Times_ms_1895-634_1_	On the 5th ult. the Albert Hall was again crowded to excess on the occasion of Mr. Fould’s miscellaneous Concert, when Madame Albani, Miss Clara Butt, Mr. Norman Salmond, M. Johannes Wolff, M. Hollman, and ‘M. Raoul Pugno appeared.	M. Johannes Wolff	Q21129875	person	date of birth	"1862-01-01T00:00:00Z;1863-05-12T00:00:00Z"	"1862-01-01T00:00:00Z; 1863-05-12T00:00:00Z"
the_Musical_Times_ms_1895-634_1_	On the 5th ult. the Albert Hall was again crowded to excess on the occasion of Mr. Fould’s miscellaneous Concert, when Madame Albani, Miss Clara Butt, Mr. Norman Salmond, M. Johannes Wolff, M. Hollman, and ‘M. Raoul Pugno appeared.	M. Hollman	Q1406368	person	date of birth	1852-10-26T00:00:00Z	1852-10-26T00:00:00Z
the_Musical_Times_ms_1895-634_1_	On the 5th ult. the Albert Hall was again crowded to excess on the occasion of Mr. Fould’s miscellaneous Concert, when Madame Albani, Miss Clara Butt, Mr. Norman Salmond, M. Johannes Wolff, M. Hollman, and ‘M. Raoul Pugno appeared.	M. Raoul Pugno	Q1333281	person	date of birth	1852-06-23T00:00:00Z	1852-06-23T00:00:00Z
The_Musical_Times_ms_1885-505_6_	The choir is steadily improving in precision, delicacy, and refinement, as was shown on this occasion, more particularly in ‘The Silver Swan” of Orlando Gibbons, Wilbye’s “Stay, Corydon,” and Pearsall’s famous ballad dialogue for ten voices, ‘Sir Patrick Spens.’	Wilbye	Q682089	person	date of birth	1574-03-07T00:00:00Z	1574-03-07T00:00:00Z
The_Musical_Times_ms_1885-505_6_	The choir is steadily improving in precision, delicacy, and refinement, as was shown on this occasion, more particularly in ‘The Silver Swan” of Orlando Gibbons, Wilbye’s “Stay, Corydon,” and Pearsall’s famous ballad dialogue for ten voices, ‘Sir Patrick Spens.’	Pearsall	Q3816877	person	date of birth	1795-03-14T00:00:00Z	1795-03-14T00:00:00Z
Dwight's Journal of Music_1859-004_ms_2	M.. Lubeck, director of the Royal Conservatory ‘at the Hague, sends us his tuning - fork, which 1s somewhat less high than our own, and ‘at the same. time promises us his adhesion and support.	M .. Lubeck	Q4271413	person	date of birth	1799-02-11T00:00:00Z	1799-02-11T00:00:00Z
the_Musical_Times_ms_1884-493_3_	We are glad also to find that Reyer’s Opera ‘Sigurd,” lately received with so much favour in Brussels, will be given, with Madame Albani in the character of the heroine.	Reyer	Q516937	person	date of birth	1823-12-01T00:00:00Z	1823-12-01T00:00:00Z
the_Quarterly_Musical_Magazine_And_Review_ms_1827-034_3_	"If you doubt the excess of folly to which we have been led, during the last three years in the fine arts by our ridiculous vanity, which our journalists distinguish by the name of national honour, I refer you to that amongst our periodical works which possesses most talent, the Jotirnal des Debats; you will there find, in 1824 or 1823, that M. Monsigny, an excellent man, who produced some operas at the Feydeau, is the musician of Europe, that is to say, he is not only as well known as Mozart’ or Cimarosa in London, Vienna, and Naples, but is reputed to be by far superior to them all."	M. Monsigny	Q705124	person	date of birth	1729-10-17T00:00:00Z	1729-10-17T00:00:00Z
the_Musical_Times_ms_1902-709_4_	The first chapter in the volume begins by mentioning Emilio del Cavalieri’s ‘Rappresentatione di anima e di corpo,’ with which the new style of music made its entry into Rome in the year 1600, and then he goes on to show how varied melody, choral polyphony, the lied form, the aria, new tonality, and a feeling for unity were. gradually introduced and developed by such composers as Agazzari, Marco da Gagliano, Stefano Landi (whose works show important advance in form, instrumentation, and characterisation), Michelangelo, Rossi, & c.	Agazzari	Q395563	person	date of birth	1578-12-12T00:00:00Z	1578-12-12T00:00:00Z
the_Musical_Times_ms_1902-709_4_	The first chapter in the volume begins by mentioning Emilio del Cavalieri’s ‘Rappresentatione di anima e di corpo,’ with which the new style of music made its entry into Rome in the year 1600, and then he goes on to show how varied melody, choral polyphony, the lied form, the aria, new tonality, and a feeling for unity were. gradually introduced and developed by such composers as Agazzari, Marco da Gagliano, Stefano Landi (whose works show important advance in form, instrumentation, and characterisation), Michelangelo, Rossi, & c.	Marco da Gagliano	Q540638	person	date of birth	1582-05-11T00:00:00Z	1582-05-11T00:00:00Z
the_Musical_Times_ms_1902-709_4_	The first chapter in the volume begins by mentioning Emilio del Cavalieri’s ‘Rappresentatione di anima e di corpo,’ with which the new style of music made its entry into Rome in the year 1600, and then he goes on to show how varied melody, choral polyphony, the lied form, the aria, new tonality, and a feeling for unity were. gradually introduced and developed by such composers as Agazzari, Marco da Gagliano, Stefano Landi (whose works show important advance in form, instrumentation, and characterisation), Michelangelo, Rossi, & c.	Stefano Landi	Q381943	person	date of birth	1587-02-26T00:00:00Z	1587-02-26T00:00:00Z
the_Musical_Times_ms_1902-709_4_	The first chapter in the volume begins by mentioning Emilio del Cavalieri’s ‘Rappresentatione di anima e di corpo,’ with which the new style of music made its entry into Rome in the year 1600, and then he goes on to show how varied melody, choral polyphony, the lied form, the aria, new tonality, and a feeling for unity were. gradually introduced and developed by such composers as Agazzari, Marco da Gagliano, Stefano Landi (whose works show important advance in form, instrumentation, and characterisation), Michelangelo, Rossi, & c.	Michelangelo , Rossi	Q966250	person	date of birth	1601-01-01T00:00:00Z	1601-01-01T00:00:00Z
TheHarmonicon__1832-012.txt_1315	We now open the volume, and the presentation - plate immediately attracts our notice — an elegant lithographed design by Hamerton.	Hamerton	Q52498671	person	date of birth	1809-01-01T00:00:00Z	1809-01-01T00:00:00Z
The Musical Times_1871-335_ms_5	"On the Ist of April following, Judas Maccabeus was reproduced, which had been brought out in the previous year as an ode of victory, a musical ovation, to William, Duke of Cumberland, in honour of his success against the unfortunate Charles Edward; and, on its reproduction, the song of triumph was interpolated into it from the other work, for, we may well believe, it had already become popular, although it had been first heard but three weeks before, and it embodied to the very life the people’s feelings; and since that occasion the piece has been integral to both Oratorios."	Charles Edward	Q312581	person	date of birth	1720-12-31T00:00:00Z	1720-12-31T00:00:00Z
TheQuarterlyMusicalMagazineAndReview__1824-022.txt_3025	The next is a solo for an alto, anda quartet from Naumann.	Naumann	Q213927	person	date of birth	1741-04-17T00:00:00Z	1741-04-17T00:00:00Z
The Harmonicon_1832-006_ms_1	In the course of his studies he had composed several masses, motets, hymns, kyries,. magnificats, and other June, 1832. works in the church - style, which were occasionally performed at the chapel at Munich, so greatly to his reputation, that Ernest Augustus, Duke of Brunswick, the father of George I. of England, though a Protestant prince, being a passionate lover of music, invited him to the court of Hanover, conferred on him, it has been said, the appointment of master of his chapel *, and committed to his care the management of the Opera, an entertainment which had then but lately found its way into Germany.	Ernest Augustus , Duke of Brunswick	Q372190	person	date of birth	1629-11-30T00:00:00Z	1629-11-30T00:00:00Z
The Harmonicon_1832-006_ms_1	In the course of his studies he had composed several masses, motets, hymns, kyries,. magnificats, and other June, 1832. works in the church - style, which were occasionally performed at the chapel at Munich, so greatly to his reputation, that Ernest Augustus, Duke of Brunswick, the father of George I. of England, though a Protestant prince, being a passionate lover of music, invited him to the court of Hanover, conferred on him, it has been said, the appointment of master of his chapel *, and committed to his care the management of the Opera, an entertainment which had then but lately found its way into Germany.	George I. of England	Q130805	person	date of birth	1660-06-07T00:00:00Z	1660-06-07T00:00:00Z
The Harmonicon_1827-002_ms_4	"Among the many that resorted to him for instruction, was Lord Paisley, afterwards Earl of Abercorn; to whom Dr. Pepusch had communicated lessons in writing for his private study, with no other stipulation not to impart them to the world, than is implied in the mutual relation of teacher and scholar: which, however, it seems, was so ill understood, that in the year 1730 the substance of these lessons was by his pupil published, under the following title: A short Treatise on Harmony, containing the chief rules for composing in two, three, and four parts, dedicated to all lovers of music."	Lord Paisley	Q3806590	person	date of birth	1686-03-22T00:00:00Z	1686-03-22T00:00:00Z
TheMusicalWorld__1844-006.txt_135	, Wilson’s lecture was distinguished, as usual, by its good sense, and his vocal illustrations were exquisite	Wilson	Q6264502	person	date of birth	1785-05-18T00:00:00Z	1785-05-18T00:00:00Z
The_Musical_Times_ms_1899-680_1_	"In addition to the works already named, Mr. Randegger has composeda scena, ‘Medea,” sung by Madame Rudersdorff at the Leipzig Gewandhaus in 1869, of which the original autograph score is now preserved in the library of the Gewandhaus; “Saffo,” sung by Madame Lemmens Sherrington at the British Orchestral Society’s concert, March 31, 1875; the 150th Psalm, for. soprano solo, chorus, orchestra, and organ, written for the Boston (Mass.) Festival, 1872; and a scena, “The Prayer of Nature” (Byron), for Mr. Edward Lloyd, Philharmonic: Society, June 9, 1887."	Madame Rudersdorff	Q17575680	person	date of birth	1822-12-12T00:00:00Z	1822-12-12T00:00:00Z
The_Musical_Times_ms_1899-680_1_	"In addition to the works already named, Mr. Randegger has composeda scena, ‘Medea,” sung by Madame Rudersdorff at the Leipzig Gewandhaus in 1869, of which the original autograph score is now preserved in the library of the Gewandhaus; “Saffo,” sung by Madame Lemmens Sherrington at the British Orchestral Society’s concert, March 31, 1875; the 150th Psalm, for. soprano solo, chorus, orchestra, and organ, written for the Boston (Mass.) Festival, 1872; and a scena, “The Prayer of Nature” (Byron), for Mr. Edward Lloyd, Philharmonic: Society, June 9, 1887."	Madame Lemmens Sherrington	Q1027279	person	date of birth	1834-10-04T00:00:00Z	1834-10-04T00:00:00Z
TheQuarterlyMusicalMagazineAndReview__1825-025.txt_1732	Gavinies published three books of sonatas, and several concertos, which are very highly esteemed by connoisseurs.	Gavinies	Q490205	person	family name		
TheHarmonicon__1832-012.txt_996	, I believe Have you ever remonstrated or. petitioned the Lord Chamberlain upon the subject?	Lord Chamberlain	Q541755	person	family name	Q16865452	
TheMusicalTimes__1875-388.txt_2262	Mr. Liddle officiated as leader of the band, Mr. C. Hancock presided at the harmonium, and Sir George Elvey conducted.	Mr. C. Hancock	Q16030597	person	family name	Q13635636	
TheMusicalTimes__1875-388.txt_2262	Mr. Liddle officiated as leader of the band, Mr. C. Hancock presided at the harmonium, and Sir George Elvey conducted.	Sir George Elvey	Q5541104	person	family name	Q37439496	
TheHarmonicon__1824-016.txt_50	Mr. Viotti had some share in the management of the King’s Theatre.	Mr. Viotti	Q313188	person	family name	Q21508362	
TheMusicalWorld__1843-038.txt_147	of Rameau was represented in 1735, it was a balletopera Les Indes galantes.	Rameau	Q1145	person	family name	Q24529820	
TheHarmonicon__1832-012.txt_4	Benzamin Rogenrs, son of Peter Rogers of St. George's Chapel, Windsor, was born in that town, and after being a chorister, became a lay - clerk, or singing - man, of the choir of which his father was a member.	Benzamin Rogenrs	Q18546476	person	family name	Q16471355	
TheMusicalTimes__1876-402.txt_2227	The programme contained selections from the works of Bach, Handel, Mendelssohn, Cherubini, and Lefébure - Wély.	Bach	Q1339	person	family name	Q1409748	
TheMusicalTimes__1876-402.txt_2227	The programme contained selections from the works of Bach, Handel, Mendelssohn, Cherubini, and Lefébure - Wély.	Handel	Q7302	person	family name	"Q15730697;Q16276271"	
TheMusicalTimes__1876-402.txt_2227	The programme contained selections from the works of Bach, Handel, Mendelssohn, Cherubini, and Lefébure - Wély.	Mendelssohn	Q46096	person	family name	"Q41783627;Q47513887"	
TheMusicalTimes__1876-402.txt_2227	The programme contained selections from the works of Bach, Handel, Mendelssohn, Cherubini, and Lefébure - Wély.	Cherubini	Q20721	person	family name	Q37104786	
TheMusicalTimes__1876-402.txt_2227	The programme contained selections from the works of Bach, Handel, Mendelssohn, Cherubini, and Lefébure - Wély.	Lefébure - Wély	Q546919	person	family name		
TheQuarterlyMusicalMagazineAndReview__1824-022.txt_3748	Mr. Mocre is the adaptor of words to this composition, which is a tirana, arranged by Mr. Bishop.	Mr. Mocre	Q315346	person	family name	Q10588869	
TheQuarterlyMusicalMagazineAndReview__1824-022.txt_3748	Mr. Mocre is the adaptor of words to this composition, which is a tirana, arranged by Mr. Bishop.	Mr. Bishop	Q1200639	person	family name	Q1158188	
TheMusicalTimes__1876-402.txt_1237	F. J. Amor, H. Lazarus, Walter Pettit, F. Ralph, P. Sainton, J. Thomas, A. White, and the Principal.	H. Lazarus	Q5724751	person	family name	Q26775128	
TheMusicalTimes__1876-402.txt_1237	F. J. Amor, H. Lazarus, Walter Pettit, F. Ralph, P. Sainton, J. Thomas, A. White, and the Principal.	J. Thomas	Q1701921	person	family name	Q1413324	
TheMusicalTimes__1876-402.txt_2212	Batiste’s Andante in G, an Offertoire by Lefébure - Wély, 2 Fugue by Mendelssohn, and Gounod’s	Batiste	Q274231	person	family name	Q16479456	
TheMusicalTimes__1876-402.txt_2212	Batiste’s Andante in G, an Offertoire by Lefébure - Wély, 2 Fugue by Mendelssohn, and Gounod’s	Gounod	Q180278	person	family name	Q105681558	
TheHarmonicon__1833-005.txt_1306	Under the Direction of the Earl of Cawdor, Wednesday, April 24, 1833.	Earl of Cawdor	Q6224952	person	family name	Q2665383	
TheHarmonicon__1833-005.txt_274	Of the publication of Volume II. of Dr. Burney’s great work we have the following account:	Dr. Burney	Q547002	person	family name	Q16865192	
TheHarmonicon__1824-016.txt_3646	On the same occasion, a quintett and chorus from Jerusalem delivered, an oratorio by M. Eberwein, which is still in MS. was received with much applause.	M. Eberwein	Q215521	person	family name	Q37281823	
TheMusicalTimes__1875-388.txt_580	The Music adapted from SPINDLER’s HUSARENRITT by Louis Dien1.	Louis Dien1	Q19900926	person	family name	Q37168992	
DwightSJournalOfMusic__1873-016.txt_337	Some think they detect already in Weber's “Preciosa” and	Weber	Q154812	person	family name	Q1409226	
TheHarmonicon__1824-016.txt_1362	Oakley, Esq., of Tavistock Place, and the late James Perry Esq.,. of the Morning Chronicle.	James Perry	Q15047460	person	family name	Q2793334	
TheQuarterlyMusicalMagazineAndReview__1828-037.txt_1289	that many composers who lose themselves in the clouds of mannerism and affectation, would imitate thewisdom of Sirletti, Asioli, and Pollini —	Sirletti	Q102283903	person	family name		
TheQuarterlyMusicalMagazineAndReview__1828-037.txt_1289	that many composers who lose themselves in the clouds of mannerism and affectation, would imitate thewisdom of Sirletti, Asioli, and Pollini —	Asioli	Q892563	person	family name	Q56118775	
TheQuarterlyMusicalMagazineAndReview__1828-037.txt_1289	that many composers who lose themselves in the clouds of mannerism and affectation, would imitate thewisdom of Sirletti, Asioli, and Pollini —	Pollini	Q1351579	person	family name	Q7225695	
TheQuarterlyMusicalMagazineAndReview__1826-029.txt_43	"Second Concerto and Di Tanti, 294 Kiallmark, his Le pas de Polichinelle, 1145, Are ye'angry, 238;"	Kiallmark	Q18671297	person	family name		
TheQuarterlyMusicalMagazineAndReview__1828-037.txt_1246	This enthusiastic composer, rich in talent, of the school of Bartolomeo Felici, wrote in the purest style.	Bartolomeo Felici	Q20757883	person	family name	Q37507118	
TheQuarterlyMusicalMagazineAndReview__1828-037.txt_255	"Piano Forte ed Arpa da L. Cherubini, » Almen se non possio, Canzonetta; Poetry by Metastasio; Music by"	Metastasio	Q29473	person	family name	Q99910288	
TheQuarterlyMusicalMagazineAndReview__1828-037.txt_2042	Here examples are given of the psalms of Marot and some of the earliest psalmists, whose compositions were even then considered as impudent innovations.	Marot	Q108926	person	family name	Q21448172	
TheQuarterlyMusicalMagazineAndReview__1826-029.txt_1274	This will serve to give some idea of the extensive field entered upon by Martini, and the diffuseness of that part which is completed.	Martini	Q283651	person	family name	Q16478446	
TheHarmonicon__1828-001.txt_1842	the Bacchanalian Song from Spontini’s Danaides, and several other pieces too numerous to particularize.	Spontini	Q168485	person	family name		
TheMusicalWorld__1844-006.txt_405	Vienna, Jan. 10. _ Donizetti has arrived in this city in perfect health.	Donizetti	Q101698	person	family name	Q21487372	
TheQuarterlyMusicalMagazineAndReview__1824-022.txt_1692	Nevertheless, to be the rival of Carissimi he must have possessed considerable talent, both as a musician and a composer.	Carissimi	Q312686	person	family name	Q37538349	
TheQuarterlyMusicalMagazineAndReview__1826-029.txt_1062	Since this note was written, a strong confirmation has been given to my opinion by a perusal of the History of the East Indies, from the French of L’Abbe Guyon.	L’Abbe Guyon	Q2976789	person	family name	Q24765228	
TheMusicalWorld__1844-006.txt_932	Her Majesty and Prince Albert took a part in ‘Die Elfen Walzer.	Prince Albert	Q152245	person	family name	"Q68241605;Q105181710;Q106072047"	
TheMusicalWorld__1843-036.txt_391	Nor let us omit the performance of Grisias the Lady Norina in Pasquale, which was one of the most admirable specimens of comic talent ever seen on any stage.	Grisias	Q287344	person	family name	Q21452366	
TheQuarterlyMusicalMagazineAndReview__1825-025.txt_1373	Sabadini also composed oratorios, the best of which was “La Divina Sapienza.	Sabadini	Q3638803	person	family name	Q21498572	
TheMusicalTimes__1873-366.txt_1521	The chair was occupied en the occasion by Sir Thomas Gladstone, Bart.	Sir Thomas Gladstone	Q7529140	person	family name	Q29627647	
TheMusicalTimes__1876-402.txt_2623	’s 24th Psalm, adapted to the English version, by W. T. Freemantle (and revised by the late Dr. S. S. Wesley).	W. T. Freemantle	Q8019310	person	family name		
TheMusicalTimes__1876-402.txt_2623	’s 24th Psalm, adapted to the English version, by W. T. Freemantle (and revised by the late Dr. S. S. Wesley).	Dr. S. S. Wesley	Q746420	person	family name	Q233193	
TheMusicalTimes__1876-402.txt_1166	, Arthur Sullivan, Mus. D., Cantab., the Conductor, and the Principal — Eaton Faning.	Arthur Sullivan	Q212692	person	family name	Q2364643	
TheMusicalTimes__1876-402.txt_1166	, Arthur Sullivan, Mus. D., Cantab., the Conductor, and the Principal — Eaton Faning.	Eaton Faning	Q5331349	person	family name	Q112861609	
TheQuarterlyMusicalMagazineAndReview__1828-037.txt_2268	‘Carron side,” an opera by Signor Liverati, was produced with success.	Signor Liverati	Q3767573	person	family name		
TheQuarterlyMusicalMagazineAndReview__1825-025.txt_1821	For ten years Jarnowick was in great favour with the public.	Jarnowick	Q1526160	person	family name	Q123482537	
TheQuarterlyMusicalMagazineAndReview__1826-029.txt_2209	Mr. Kalkbrenner’s inelange displays great taste, both in the selection and treatment. of his subjects.	Mr. Kalkbrenner	Q170270	person	family name	Q55097750	
TheQuarterlyMusicalMagazineAndReview__1828-037.txt_208	“Qui est Rex Gloriosus,” Canon four in two, composed and dedicated to Thomas Attwood, Esq.	Thomas Attwood	Q2422110	person	family name	Q37181743	
TheQuarterlyMusicalMagazineAndReview__1826-029.txt_3161	There are few persons in this country, we apprehend, who are not now aware of the splendid donation made by the late Viscount Fitzwilliam to the University of Cambridge.	Viscount Fitzwilliam	Q7325692	person	family name	Q55710649	
TheMusicalWorld__1844-006.txt_464	The vocal music was scarcely so good as usual — with the exception of the scena of Miss Rainforth.	Miss Rainforth	Q17355767	person	family name	Q36886371	
TheMusicalWorld__1844-006.txt_48	We can not speak too highly of the manner in which this magnificent burst of grandeur was rendered, by Mr. Sterndale Bennett and his able assistants,	Mr. Sterndale Bennett	Q201164	person	family name	Q449411	
TheQuarterlyMusicalMagazineAndReview__1825-025.txt_2506	passage, taken up by the other parts as a round, like Rossini’s	Rossini	Q9726	person	family name	Q21493186	
TheMusicalTimes__1876-402.txt_1201	G. Benson, Ettore Fiori, Manuel Garcia, P. Goldberg, A. Randegger, T. A. Wallworth, and the Principal.	Ettore Fiori	Q55912552	person	family name	Q21449454	
TheMusicalTimes__1876-402.txt_1201	G. Benson, Ettore Fiori, Manuel Garcia, P. Goldberg, A. Randegger, T. A. Wallworth, and the Principal.	Manuel Garcia	Q333183	person	family name	Q37519455	
TheMusicalTimes__1876-402.txt_1201	G. Benson, Ettore Fiori, Manuel Garcia, P. Goldberg, A. Randegger, T. A. Wallworth, and the Principal.	A. Randegger	Q4712167	person	family name	Q76411496	
TheHarmonicon__1832-012.txt_37	Thornhill drew ail their portraits in pencil, and Prior wrote humorous verses under each.	Thornhill	Q1681192	person	family name	Q16884654	
TheMusicalTimes__1875-388.txt_1671	The artists engaged were the Misses Agnes Drummond, Josephine Pulham, Marian Haigh, Florence Wydford, and Messrs. Henry Guy, Theodore Distin, E. Stone, and Thurley Beale.	Theodore Distin	Q76098551	person	family name	Q37012695	
TheMusicalWorld__1843-038.txt_419	Mrs. Shaw sang the next piece, No. 17, with more grace and power of vocalization than she had displayed during her visit.	Mrs. Shaw	Q3291051	person	family name	Q7491146	
TheMusicalTimes__1876-402.txt_2038	“Lives of the Professors of Gresham College” is a list of musical works in manuscript of Dr. J. Bull, in possession of Dr. Pepusch	Dr. J. Bull	Q511463	person	family name	Q13570075	
TheMusicalTimes__1876-402.txt_2038	“Lives of the Professors of Gresham College” is a list of musical works in manuscript of Dr. J. Bull, in possession of Dr. Pepusch	Dr. Pepusch	Q371825	person	family name	Q7166542	
TheQuarterlyMusicalMagazineAndReview__1828-037.txt_387	Air Suisse, with an Introduction and Variations for the Piano Forte, composed by H. Herz.	H. Herz	Q572547	person	family name	Q1371559	
TheQuarterlyMusicalMagazineAndReview__1824-022.txt_3868	Dr. Anslem Bayly, Sub - Dean of this Majesty’s Chapels Royal.	Dr. Anslem Bayly	Q4770596	person	family name	Q21493476	
TheQuarterlyMusicalMagazineAndReview__1825-025.txt_1912	Charles Phillippe Lafont, a very distinguished violinist, began to learn the violin with his mother, who was the sister of Berthaume, when yet very young.	Charles Phillippe Lafont	Q517502	person	family name	Q21492434	
TheHarmonicon__1832-012.txt_1860	Among the pieces were Beethoven’s grand symphony in bp, and the overtures to Don Juan and Reissiger’s Felsenmithle, all of which were exquisitely played.	Beethoven	Q255	person	family name	Q42864897	
TheHarmonicon__1832-012.txt_1860	Among the pieces were Beethoven’s grand symphony in bp, and the overtures to Don Juan and Reissiger’s Felsenmithle, all of which were exquisitely played.	Reissiger	Q213894	person	family name	Q57811124	
TheQuarterlyMusicalMagazineAndReview__1825-025.txt_2308	Venice, besides the advantage of having orators destined to educate the singers, had Gasparini and Lotti as directors of the schools..	Gasparini	Q446955	person	family name	Q21449587	
TheQuarterlyMusicalMagazineAndReview__1825-025.txt_2308	Venice, besides the advantage of having orators destined to educate the singers, had Gasparini and Lotti as directors of the schools..	Lotti	Q168345	person	family name	Q21449036	
TheQuarterlyMusicalMagazineAndReview__1826-029.txt_3512	the subject of the Air from a French Melody, composed by Pio Glanchettini.	Pio Glanchettini	Q18819786	person	family name	Q99944530	
TheQuarterlyMusicalMagazineAndReview__1825-025.txt_1788	w ho were accustomed to meet there frequently, such as Pagin, Gavinies, Pugnani, Gi- ardini, Van Malder, Dominico Ferrari, & c.	Pagin	Q516496	person	family name	Q97716854	
TheQuarterlyMusicalMagazineAndReview__1825-025.txt_1788	w ho were accustomed to meet there frequently, such as Pagin, Gavinies, Pugnani, Gi- ardini, Van Malder, Dominico Ferrari, & c.	Pugnani	Q560926	person	family name	Q63191801	
TheQuarterlyMusicalMagazineAndReview__1825-025.txt_1788	w ho were accustomed to meet there frequently, such as Pagin, Gavinies, Pugnani, Gi- ardini, Van Malder, Dominico Ferrari, & c.	Van Malder	Q509130	person	family name		
TheQuarterlyMusicalMagazineAndReview__1825-025.txt_1788	w ho were accustomed to meet there frequently, such as Pagin, Gavinies, Pugnani, Gi- ardini, Van Malder, Dominico Ferrari, & c.	Dominico Ferrari	Q1237139	person	family name	Q1407594	
TheHarmonicon__1828-001.txt_447	I am marvellously curious to see the violin quartet written by Rossini for Ricordi, the music - dealer, of Milan.	Ricordi	Q1046463	person	family name		
DwightSJournalOfMusic__1873-016.txt_742	When Garibaldi raised the standard of revolt at Marsala, a number of volunteers.	Garibaldi	Q539	person	family name	Q18714104	
TheQuarterlyMusicalMagazineAndReview__1828-037.txt_3630	the paucity of the English female singers — Miss Stephens and.	Miss Stephens	Q5052928	person	family name	Q16473357	
TheMusicalTimes__1876-402.txt_22	For further particulars apply to Mr. H. Keeton, “Registered for transmission abroad.	Mr. H. Keeton	Q1438256	person	family name		
TheQuarterlyMusicalMagazineAndReview__1824-022.txt_3659	They are all tinctured with a certain degree of elegance and expressiveness, particularly these by Mr. Clifton, Mr. Crouch, Mr. Eavestaff, and Mr. Banister.	Mr. Clifton	Q6224338	person	family name		
TheHarmonicon__1824-016.txt_1800	Since Barbaja seceded from the theatre, San Carlo has thrice been in danger of being burnt down.	Barbaja	Q908235	person	family name	Q97402647	
TheQuarterlyMusicalMagazineAndReview__1825-025.txt_294	Variations, and an Introductory Prelude on some Passages from: the Incantation Scene, by N.C. Bochsa 4.	N.C. Bochsa	Q251397	person	family name	Q104592571	
TheHarmonicon__1828-001.txt_1889	Signor Sabastiani, first clarinet at the theatre St. Carlo at Naples, is arrived in Paris.	Signor Sabastiani	Q109802688	person	family name	Q37481734	
TheMusicalWorld__1843-036.txt_211	The predominant feature of Spohr’s music is a voluptuous monotony — a luxury indeed, but a vicious one.	Spohr	Q57226	person	family name	Q21510686	
TheHarmonicon__1824-016.txt_1988	but, after all, why not have given a symphony or overture of Haydn or Mozart?	Haydn	Q7349	person	family name	Q16276486	
TheHarmonicon__1824-016.txt_1988	but, after all, why not have given a symphony or overture of Haydn or Mozart?	Mozart	Q254	person	family name	Q18574758	
DwightSJournalOfMusic__1868-012.txt_745	Adelina Patti — for that will continue to be her professional.	Adelina Patti	Q234166	person	family name	Q26741038	
TheMusicalWorld__1843-029.txt_176	These two operas, and also two odes to Anacreon set to the Greek text, are the only fruits of our author's pen in the year 1799.	Anacreon	Q213484	person	family name		
TheQuarterlyMusicalMagazineAndReview__1828-037.txt_1291	Grazioli (who must not be confounded with the composer of the same name, who died at Venice in 1820). has published several operas and some sacred music.	Grazioli	Q1525873	person	family name	Q37319196	
TheQuarterlyMusicalMagazineAndReview__1825-025.txt_419	This Edition has been revised, and Passages for the additional Keys arranged for Piano Fortes up to C, by Mr. Moscheles.	Mr. Moscheles	Q159551	person	family name	Q21452237	
TheMusicalWorld__1843-029.txt_42	The exquisite drollery of Levassor and John Parry were highly relished.	John Parry	Q3399352	person	family name	Q12798330	
TheMusicalTimes__1875-388.txt_2208	The reception of the work was most enthusiastic, Dr. Bridge receiving quite an ovation at the close of the Oratorio.	Dr. Bridge	Q5497415	person	family name	Q16860434	
TheHarmonicon__1832-012.txt_1878	The Societa Filodramatica is about to produce Bellini’s opera, I Montecchi e Capuleti.	Bellini	Q170209	person	family name	Q21488941	
TheQuarterlyMusicalMagazineAndReview__1828-037.txt_720	we are moved only by admiration of the talents of Madame Pasta or Mademoiselle Sontag, displayed in executing the innumerable flights, arpeggios, and cadenzas which are allotted to them.	Madame Pasta	Q240963	person	family name	Q3897473	
TheQuarterlyMusicalMagazineAndReview__1828-037.txt_720	we are moved only by admiration of the talents of Madame Pasta or Mademoiselle Sontag, displayed in executing the innumerable flights, arpeggios, and cadenzas which are allotted to them.	Mademoiselle Sontag	Q64098	person	family name	Q47519541	
TheHarmonicon__1828-001.txt_1127	Ramsay was an acute observer of the character and manners of the Scottish peasantry, and has produced many pleasing and humorous sketches of the habits and sentiments peculiar to that race.	Ramsay	Q654775	person	family name	Q16881845	
TheMusicalTimes__1873-366.txt_1370	To Mr. Willert Beale, the founder of these meetings, 8.	Mr. Willert Beale	Q7795125	person	family name	Q812916	
DwightSJournalOfMusic__1873-016.txt_390	Franz Liszt played this piece once with such mighty power and passion, such eloquence and truth, as I never heard before, probably never shall hear again.	Franz Liszt	Q41309	person	family name	Q13553921	
TheMusicalTimes__1876-397.txt_744	3- SEVEN VOCAL DUETS, by Bellini, S. Glover, Macfarren, Donizetti, & c..	Macfarren	Q1374708	person	family name	Q6723283	
TheMusicalTimes__1876-397.txt_2289	, Mr. Joseph Skeaf, the president, occupied the chair, Mr. William Laidlaw and Mr. T. Armstrong vicechairmen.	Mr. William Laidlaw	Q8014247	person	family name	Q16871757	
TheQuarterlyMusicalMagazineAndReview__1825-025.txt_1896	In 1760 he sent him to Paris, and he there took lessons of Capron, and at the same time studied composition under Gossec.	Capron	Q120697	person	family name	Q37129980	
TheQuarterlyMusicalMagazineAndReview__1825-025.txt_1896	In 1760 he sent him to Paris, and he there took lessons of Capron, and at the same time studied composition under Gossec.	Gossec	Q313667	person	family name		
TheQuarterlyMusicalMagazineAndReview__1828-037.txt_1189	The church of Santa Maria Maggiore, the third in rank, had as chapel master the Maestro del Fante, who has now been dead some years.	Maestro del Fante	Q18416097	person	family name		
TheMusicalWorld__1843-038.txt_67	"The vocalists were the Misses C. Novello, Rainforth, and Mrs. Alfred Shaw; Messrs. Braham, Phillips, Bennett, Walton, and J. Isherwood."	C. Novello	Q4322567	person	family name	Q21511693	
TheMusicalWorld__1843-038.txt_67	"The vocalists were the Misses C. Novello, Rainforth, and Mrs. Alfred Shaw; Messrs. Braham, Phillips, Bennett, Walton, and J. Isherwood."	Braham	Q1699393	person	family name	Q16860333	
TheQuarterlyMusicalMagazineAndReview__1825-025.txt_1684	Francoeur was born at Paris, in 1698, and is mentioned as having belonged.	Francoeur	Q1396905	person	family name	Q3082460	
DwightSJournalOfMusic__1875-006.txt_919	Now let our readers take the finale of any opera by Mozart, of the Fidelio by Beethoven, and compare it side by side with the finale by Wagner.	Wagner	Q1511	person	family name	Q2539239	
TheQuarterlyMusicalMagazineAndReview__1825-025.txt_1686	"Jean Pierre Guignon was born at Turin, in 1702; but as he came to France whilst very young, and established himself there, we shall consider him as a French violinist."	Jean Pierre Guignon	Q337573	person	family name	Q99909487	
TheHarmonicon__1833-005.txt_173	This, I understand, was the method pursued by _ M. Chelard, the. maestro at the German opera last season at the King’s Theatre.	M. Chelard	Q924686	person	family name	Q105701165	
TheQuarterlyMusicalMagazineAndReview__1826-029.txt_1733	De Begnis still occupies a place in the King’s Theatre.	De Begnis	Q3770409	person	family name		
TheMusicalTimes__1876-397.txt_1327	WE regret to have to announce the sudden death, from heart disease, of Dr. H. J. Gauntlett, on the a2ist ult.	Dr. H. J. Gauntlett	Q11925412	person	family name	Q5527723	
TheHarmonicon__1833-005.txt_1071	"Duet, ‘The streams that wind amid the hills,’ the Poetry by G. Darley, Esq.; the Music composed by Fanny Steers."	G. Darley	Q1450149	person	family name	Q37089477	
TheHarmonicon__1833-005.txt_1071	"Duet, ‘The streams that wind amid the hills,’ the Poetry by G. Darley, Esq.; the Music composed by Fanny Steers."	Fanny Steers	Q104234927	person	family name	Q81286022	
TheHarmonicon__1828-001.txt_1478	, Paer’s beautiful little duet, is better in its original form, than in that which is now given to it.	Paer	Q533022	person	family name	Q121367517	
TheHarmonicon__1832-012.txt_126	Lord Bacon, Addison, Dr. Brown, Dugald Stewart, and many others,. are often betrayed into unconscious absurdities respecting musical effects by their ignorance of the science.	Lord Bacon	Q37388	person	family name	Q6951606	
TheHarmonicon__1832-012.txt_126	Lord Bacon, Addison, Dr. Brown, Dugald Stewart, and many others,. are often betrayed into unconscious absurdities respecting musical effects by their ignorance of the science.	Addison	Q206384	person	family name	Q16001762	
TheHarmonicon__1832-012.txt_126	Lord Bacon, Addison, Dr. Brown, Dugald Stewart, and many others,. are often betrayed into unconscious absurdities respecting musical effects by their ignorance of the science.	Dugald Stewart	Q218254	person	family name	Q2801971	
TheQuarterlyMusicalMagazineAndReview__1826-029.txt_1038	Sir W. Jones, in his Catalogue of Manuscripts, deposited in the library of the Royal Society, gives us the names of some treatises in the Hindustanee language, which of course have never been translated..	Sir W. Jones	Q273969	person	family name	Q59853	
TheQuarterlyMusicalMagazineAndReview__1825-025.txt_1806	He quitted Parma, and returned to Tartini, with whom he studied ull the year 1769.	Tartini	Q108555	person	family name	Q99911979	
TheMusicalTimes__1875-388.txt_2734	, Mrs. Mounsey Bartholomew, J. Barnby, H. Smart, G. A. Macfarren, Brinley Richard, H. S. Irons, Charles Salaman, Alberto Randegger, ].	Mrs. Mounsey Bartholomew	Q4766585	person	family name	Q6919205	
TheMusicalTimes__1875-388.txt_2734	, Mrs. Mounsey Bartholomew, J. Barnby, H. Smart, G. A. Macfarren, Brinley Richard, H. S. Irons, Charles Salaman, Alberto Randegger, ].	H. Smart	Q466189	person	family name	Q16883460	
TheMusicalTimes__1875-388.txt_2734	, Mrs. Mounsey Bartholomew, J. Barnby, H. Smart, G. A. Macfarren, Brinley Richard, H. S. Irons, Charles Salaman, Alberto Randegger, ].	Brinley Richard	Q4850963	person	family name	Q608991	
TheMusicalTimes__1875-388.txt_2734	, Mrs. Mounsey Bartholomew, J. Barnby, H. Smart, G. A. Macfarren, Brinley Richard, H. S. Irons, Charles Salaman, Alberto Randegger, ].	Charles Salaman	Q2959519	person	family name		
TheQuarterlyMusicalMagazineAndReview__1825-025.txt_2356	He was born in Naples, where he studied the rudiments of music under Alessandro Scarlatti and Nicolo Porpora.	Alessandro Scarlatti	Q183087	person	family name	Q21501721	
TheQuarterlyMusicalMagazineAndReview__1825-025.txt_2356	He was born in Naples, where he studied the rudiments of music under Alessandro Scarlatti and Nicolo Porpora.	Nicolo Porpora	Q312788	person	family name	Q37542807	
TheHarmonicon__1832-012.txt_323	Mr. Linley proposed stating on his. song, that my quartett had been composed first.	Mr. Linley	Q5541748	person	family name	Q21493583	
TheQuarterlyMusicalMagazineAndReview__1825-025.txt_2112	Luigi Rossi, Arcangelo Corelli, t with other great Italian compesers and imitators of Lulli at Paris, returned to their country with clearer and more distinct ideas of harmony.	Luigi Rossi	Q472714	person	family name	Q8140765	
TheQuarterlyMusicalMagazineAndReview__1825-025.txt_2112	Luigi Rossi, Arcangelo Corelli, t with other great Italian compesers and imitators of Lulli at Paris, returned to their country with clearer and more distinct ideas of harmony.	Arcangelo Corelli	Q164475	person	family name	Q16864381	
TheQuarterlyMusicalMagazineAndReview__1825-025.txt_2112	Luigi Rossi, Arcangelo Corelli, t with other great Italian compesers and imitators of Lulli at Paris, returned to their country with clearer and more distinct ideas of harmony.	Lulli	Q1192	person	family name	Q37434223	
TheMusicalTimes__1876-397.txt_581	A COLLECTION OF ORGAN PIECE, “COMPOSED BY CHARLES JOSEPH FROST.	CHARLES JOSEPH FROST	Q94766323	person	family name		
TheHarmonicon__1824-016.txt_1821	A new opera has been produced here, entitled Temistocle, from the pen of Paccini.	Paccini	Q357022	person	family name	Q37511715	
TheQuarterlyMusicalMagazineAndReview__1825-025.txt_1645	When given over by his physicians,: the Chevalier de Lorraine came to seehim.	Chevalier de Lorraine	Q916954	person	family name		
DwightSJournalOfMusic__1873-016.txt_305	His fugues are indeed ‘superior to those of Spohr, Schneider, Loewe	Schneider	Q213906	person	family name	Q11703653	
DwightSJournalOfMusic__1873-016.txt_305	His fugues are indeed ‘superior to those of Spohr, Schneider, Loewe	Loewe	Q158899	person	family name	Q15614889	
TheQuarterlyMusicalMagazineAndReview__1825-025.txt_2407	"Ferri, Matteucci, and Guadagni, were knighted; Farinelli was presented with the cross of Calatrava, in Spain, where, under his direction and management were revived, in theatrical spectacles, all the magnificence and good taste of ancient Athens."	Ferri	Q804749	person	family name	Q23038793	
TheQuarterlyMusicalMagazineAndReview__1825-025.txt_2407	"Ferri, Matteucci, and Guadagni, were knighted; Farinelli was presented with the cross of Calatrava, in Spain, where, under his direction and management were revived, in theatrical spectacles, all the magnificence and good taste of ancient Athens."	Guadagni	Q3094278	person	family name	Q37497456	
TheQuarterlyMusicalMagazineAndReview__1825-025.txt_2407	"Ferri, Matteucci, and Guadagni, were knighted; Farinelli was presented with the cross of Calatrava, in Spain, where, under his direction and management were revived, in theatrical spectacles, all the magnificence and good taste of ancient Athens."	Farinelli	Q223744	person	family name	Q99906684	
TheQuarterlyMusicalMagazineAndReview__1828-037.txt_2164	The season began with Madame Caradori and Mademoiselle Brambilla as principals, Signors Curioni, Pellegrini, and Porto. - Mr. A. Sapio also _ appeared, but only it should seem as an occasional assistant.	Madame Caradori	Q16065895	person	family name		
TheQuarterlyMusicalMagazineAndReview__1828-037.txt_2164	The season began with Madame Caradori and Mademoiselle Brambilla as principals, Signors Curioni, Pellegrini, and Porto. - Mr. A. Sapio also _ appeared, but only it should seem as an occasional assistant.	Mademoiselle Brambilla	Q3847905	person	family name	Q1143178	
TheQuarterlyMusicalMagazineAndReview__1828-037.txt_2164	The season began with Madame Caradori and Mademoiselle Brambilla as principals, Signors Curioni, Pellegrini, and Porto. - Mr. A. Sapio also _ appeared, but only it should seem as an occasional assistant.	Signors Curioni	Q87346693	person	family name	Q99907526	
TheMusicalWorld__1843-036.txt_362	Who ever dreamed of’ an opera season coming to a close without hearing Rubini?	Rubini	Q941040	person	family name	Q47543596	
TheHarmonicon__1828-001.txt_28	18 Concerts at the Two Universities 18 On the Major and Minor Semitones, and on the Rev. Mr. Liston’s Organ.	Rev. Mr. Liston	Q5724966	person	family name	Q16872304	
DwightSJournalOfMusic__1868-012.txt_1398	A pleasing ballad, with fine melody, sung by Adelaide Phillips.	Adelaide Phillips	Q4681758	person	family name	Q37498658	
TheMusicalTimes__1875-388.txt_1053	Varesi has materially strengthened her position since her début in “Rigoletto” especially as the heroine in	Varesi	Q102075928	person	family name	Q56541203	
TheQuarterlyMusicalMagazineAndReview__1825-025.txt_1679	Michel Richard Lalande, who married the daughter of Rebel, was also a composer and violinist of some fame..	Michel Richard Lalande	Q312979	person	family name	Q27986338	
TheMusicalTimes__1875-388.txt_1005	The vocalists thus honoured — Miss Edith Wynne, Madame Patey, Mr. Lloyd and Mr. Santley — have every reason to. congratulate themselves upon this.	Miss Edith Wynne	Q7422270	person	family name	Q21450238	
TheMusicalTimes__1875-388.txt_1005	The vocalists thus honoured — Miss Edith Wynne, Madame Patey, Mr. Lloyd and Mr. Santley — have every reason to. congratulate themselves upon this.	Madame Patey	Q6153509	person	family name	Q21452107	
TheMusicalTimes__1875-388.txt_1005	The vocalists thus honoured — Miss Edith Wynne, Madame Patey, Mr. Lloyd and Mr. Santley — have every reason to. congratulate themselves upon this.	Mr. Lloyd	Q5344187	person	family name	Q1287630	
TheMusicalTimes__1875-388.txt_1005	The vocalists thus honoured — Miss Edith Wynne, Madame Patey, Mr. Lloyd and Mr. Santley — have every reason to. congratulate themselves upon this.	Mr. Santley	Q521746	person	family name	Q56540570	
TheHarmonicon__1828-001.txt_39	39 Improvements in Music Printing, Account of Mr. Cowper’s Lecture on,.	Mr. Cowper	Q315537	person	family name	Q16865826	
TheHarmonicon__1832-012.txt_1587	The lithographed portrait of Sir W. Scott, in the title - page, is the best part of it.	Sir W. Scott	Q79025	person	family name	Q12800811	
TheHarmonicon__1824-016.txt_129	In 1728, he ceded his privilege to M. Simard, who appointed M. Mouret the director of the music.	M. Mouret	Q960766	person	family name	Q37472747	
TheQuarterlyMusicalMagazineAndReview__1824-022.txt_2925	We beg to be understood that we do not allude to Dr. Clarke Whitfield, whose respectability forbids the possibility of any such imputation.	Dr. Clarke Whitfield	Q6226247	person	family name		
TheQuarterlyMusicalMagazineAndReview__1824-022.txt_1280	Gehring Jean Guillaume became master of the Chapel of Rudolstadt, after the death.of Gebel.	Gebel	Q472371	person	family name	Q1496808	
TheMusicalTimes__1876-402.txt_1698	On the eve of going to press we have received intelligence of the death of Mr. T. M. Mudie, one of the pupils originally elected on the foundation of the Royal Academy of Music.	Mr. T. M. Mudie	Q18577092	person	family name		
TheMusicalWorld__1843-036.txt_785	performed at Her Majestvy’s Theatre, dedicated, by special permission, to Her Royal Highness the Duchess of Cambridge.	Her Royal Highness	Q61328	person	family name		
TheMusicalTimes__1875-388.txt_2737	Baptiste Calkin, Boyton Smith, E. H. Thorne, W. G. Cusins, E. M. Delaborde, E. Silas, John Hullah, E. H. Turpin, Franz Nava, F. E. Gladstone, C. W. Lavington, J. E. Richardson, R. Forsey Brion, and J. Tilleard.	Baptiste Calkin	Q1449465	person	family name	Q16865314	
TheMusicalTimes__1875-388.txt_2737	Baptiste Calkin, Boyton Smith, E. H. Thorne, W. G. Cusins, E. M. Delaborde, E. Silas, John Hullah, E. H. Turpin, Franz Nava, F. E. Gladstone, C. W. Lavington, J. E. Richardson, R. Forsey Brion, and J. Tilleard.	Boyton Smith	Q110136517	person	family name		
TheMusicalTimes__1875-388.txt_2737	Baptiste Calkin, Boyton Smith, E. H. Thorne, W. G. Cusins, E. M. Delaborde, E. Silas, John Hullah, E. H. Turpin, Franz Nava, F. E. Gladstone, C. W. Lavington, J. E. Richardson, R. Forsey Brion, and J. Tilleard.	E. H. Thorne	Q5345615	person	family name	Q16884653	
TheMusicalTimes__1875-388.txt_2737	Baptiste Calkin, Boyton Smith, E. H. Thorne, W. G. Cusins, E. M. Delaborde, E. Silas, John Hullah, E. H. Turpin, Franz Nava, F. E. Gladstone, C. W. Lavington, J. E. Richardson, R. Forsey Brion, and J. Tilleard.	W. G. Cusins	Q4208355	person	family name		
TheMusicalTimes__1875-388.txt_2737	Baptiste Calkin, Boyton Smith, E. H. Thorne, W. G. Cusins, E. M. Delaborde, E. Silas, John Hullah, E. H. Turpin, Franz Nava, F. E. Gladstone, C. W. Lavington, J. E. Richardson, R. Forsey Brion, and J. Tilleard.	John Hullah	Q6253603	person	family name	Q20996846	
TheMusicalTimes__1875-388.txt_2737	Baptiste Calkin, Boyton Smith, E. H. Thorne, W. G. Cusins, E. M. Delaborde, E. Silas, John Hullah, E. H. Turpin, Franz Nava, F. E. Gladstone, C. W. Lavington, J. E. Richardson, R. Forsey Brion, and J. Tilleard.	F. E. Gladstone	Q5480836	person	family name	Q29627647	
TheQuarterlyMusicalMagazineAndReview__1828-037.txt_1669	Crescentini alone has adopted the method of the conservatory of Peris.	Crescentini	Q552124	person	family name	Q37059167	
DwightSJournalOfMusic__1868-012.txt_711	He was accompanied by the, French Ambassador, Prince de la Tour d’Auvergne, the Dake of Manchester, Mr. Mure, and other friends.	Prince de la Tour d’Auvergne	Q3132295	person	family name	Q98890786	
DwightSJournalOfMusic__1868-012.txt_711	He was accompanied by the, French Ambassador, Prince de la Tour d’Auvergne, the Dake of Manchester, Mr. Mure, and other friends.	Dake of Manchester	Q860041	person	family name	Q16665183	
TheHarmonicon__1828-001.txt_1556	The chairman was supported by Messrs. Clementi, J. B. Cramer, Braham and Moscheles.	Messrs. Clementi	Q193673	person	family name	Q37012962	
TheHarmonicon__1828-001.txt_1556	The chairman was supported by Messrs. Clementi, J. B. Cramer, Braham and Moscheles.	J. B. Cramer	Q455212	person	family name	Q21493272	
TheHarmonicon__1833-005.txt_1729	The principal new productions, besides Der Templer und die Jiidin, which particularly delighted the Jews, have been Die Fremde (La Straniera), of Bellini, Der Vampyr, of Marschner, and Zampa, of Herold.	Marschner	Q160063	person	family name	Q37295077	
TheHarmonicon__1833-005.txt_1729	The principal new productions, besides Der Templer und die Jiidin, which particularly delighted the Jews, have been Die Fremde (La Straniera), of Bellini, Der Vampyr, of Marschner, and Zampa, of Herold.	Herold	Q362639	person	family name	Q55209555	
TheQuarterlyMusicalMagazineAndReview__1828-037.txt_3478	Mr. De Beriot’s concerto had all his beautiful perfection — so smooth, so sweet, 80 brilliant, and in such exquisite taste.	Mr. De Beriot	Q385217	person	family name		
TheMusicalWorld__1843-029.txt_47	part with his never - failing ability, and M. Tolbeeque led the band.	M. Tolbeeque	Q2871419	person	family name	Q104854786	
TheHarmonicon__1832-012.txt_421	In the reign of Edward I., it again rose to eminence.	Edward I.	Q57798	person	family name		
TheQuarterlyMusicalMagazineAndReview__1825-025.txt_1526	Mestrino published twelve concertos for his instrument, which contain extremely beautiful solos..	Mestrino	Q1984708	person	family name		
TheMusicalTimes__1875-388.txt_1017	I can not thank you sufficiently for this splendid testimonial which you and other friends have just presented to me under this hospitable roof by the hands of Lord Dudley.	Lord Dudley	Q8019995	person	family name	Q2549042	
TheQuarterlyMusicalMagazineAndReview__1825-025.txt_1927	Cupis, the rival of Leclair, was considered as a very superior chamber violinist.	Cupis	Q1684628	person	family name	"Q63645212;Q105394366"	
TheQuarterlyMusicalMagazineAndReview__1825-025.txt_1927	Cupis, the rival of Leclair, was considered as a very superior chamber violinist.	Leclair	Q348875	person	family name	Q56246527	
DwightSJournalOfMusic__1875-006.txt_394	Anton Stradler, the clarinettist, for whom Mozart wrote his admirable quintet, was not ashamed to take unfair advantage of that generosity.	Anton Stradler	Q78623	person	family name	Q2326235	
TheQuarterlyMusicalMagazineAndReview__1825-025.txt_4028	Dr. Harington was greatly overcome by the scene, and could only exclaim, ‘She is an angel,’ as he left the room.	Dr. Harington	Q18671401	person	family name		
DwightSJournalOfMusic__1873-016.txt_1257	A committee of London gentlemen have issued a proposal for the representation of a series of ancient “Italian operas, to be given under the direction of “Signer -Monari	Signer -Monari	Q3680460	person	family name	Q37432462	
TheQuarterlyMusicalMagazineAndReview__1824-022.txt_1273	Gebauer Francois Réné was born at Veisailles, i in 1775.	Gebauer Francois Réné	Q96558	person	family name	Q21449884	
TheQuarterlyMusicalMagazineAndReview__1825-025.txt_166	Three Grand Sonatas for the Piano F orte, composed by Charles Ambrose eoeesereeeceens ee 104 XVI.	Charles Ambrose	Q5075106	person	family name		
TheMusicalTimes__1876-397.txt_1345	"the Duke of Edinburgh publicly announced that there was no intention, in founding this Institution, of interfering with the operations of the Royal Academy of Music; and that many other speakers, including Sir Julius Benedict, expressed their intention of supporting the new school as an ally, and not as a rival, of the older one."	Duke of Edinburgh	Q158143	person	family name	"Q68241605;Q105181710;Q106072047"	
TheMusicalTimes__1876-397.txt_1345	"the Duke of Edinburgh publicly announced that there was no intention, in founding this Institution, of interfering with the operations of the Royal Academy of Music; and that many other speakers, including Sir Julius Benedict, expressed their intention of supporting the new school as an ally, and not as a rival, of the older one."	Sir Julius Benedict	Q510435	person	family name	Q15975432	
TheMusicalWorld__1843-038.txt_641	The programme will contain a new piano - forte and violoncello sonata by Mendelssohn, to be performed by Bennett and Lucas.	Lucas	Q5080372	person	family name	Q1873014	
TheMusicalTimes__1876-402.txt_1207	Sir J. Goss, Mus. D., Cantab., C. Steggall, Mus. D., Cantab., and the Principal.	Sir J. Goss	Q345870	person	family name	Q21492513	
TheMusicalTimes__1876-402.txt_1207	Sir J. Goss, Mus. D., Cantab., C. Steggall, Mus. D., Cantab., and the Principal.	C. Steggall	Q5082654	person	family name	Q56245053	
DwightSJournalOfMusic__1873-016.txt_1105	who would insist upon the mountain's coming to Mahomet.	Mahomet	Q9458	person	family name		
TheMusicalTimes__1875-388.txt_1126	’s performance of the first Allegro and Andante of Rubinstein’s Violin Concerto in G, at the third concert, was in every respect admirable.	Rubinstein	Q87567	person	family name	Q24464021	
TheHarmonicon__1824-016.txt_1884	Wis Royal Highness the Duke of Cumberland, Thursday, March 4th, 1824.	Duke of Cumberland	Q162302	person	family name		
TheHarmonicon__1824-016.txt_2237	"Under the direction of His Grace the Archbishop of York, Wednesday, March 24th; 1824."	Archbishop of	Q3048710	person	family name		
TheMusicalTimes__1876-397.txt_2284	Mr. H. W. George presided at the harmonium, and Mr. J. Lunn conducted.	Mr. J. Lunn	Q16198956	person	family name		
TheMusicalWorld__1843-029.txt_43	The concert began with Auber’s pretty and sparkling overture to Les Diamans de la Cou-.	Auber	Q157672	person	family name	Q37230467	
DwightSJournalOfMusic__1873-016.txt_615	The conversation turned upon Gnecco’s comic duet, which Malibran sang so frequently and charmingly with Lablache.	Gnecco	Q1121021	person	family name	Q27941351	
DwightSJournalOfMusic__1873-016.txt_615	The conversation turned upon Gnecco’s comic duet, which Malibran sang so frequently and charmingly with Lablache.	Malibran	Q232783	person	family name	"Q980636;Q29014632"	
DwightSJournalOfMusic__1873-016.txt_615	The conversation turned upon Gnecco’s comic duet, which Malibran sang so frequently and charmingly with Lablache.	Lablache	Q477681	person	family name	Q106264469	
TheMusicalTimes__1876-397.txt_3380	National Hymn, (with chorus), to celebrate the return of the Prince of Wales.	Prince of Wales	Q20875	person	family name		
TheMusicalTimes__1873-366.txt_350	This pointing of the Canticles is authorised by His Grace the Archbishop of York.	His Grace the Archbishop	Q377308	person	family name	Q2803437	
TheQuarterlyMusicalMagazineAndReview__1828-037.txt_1586	We also heard a superb Magnificat i in A minor by L. Leo, which seemed to us worthy of the composer..	L. Leo	Q316735	person	family name	Q6523505	
TheHarmonicon__1833-005.txt_1620	This was never heard of after the retreat of Mr. Waters to Calais.	Mr. Waters	Q16859200	person	family name	Q1175589	
TheMusicalTimes__1876-402.txt_423	For terms, apply to Mr. E. J. Bilton, Trinity College, Cambridge.	Mr. E. J. Bilton	Q110966934	person	family name		
TheQuarterlyMusicalMagazineAndReview__1825-025.txt_54	[ i Crociato, 373 Mayseder’s Compositions, 360, 310 Mazurka, 236 Melographicon, 409 Mengozzi, 345 Mestrino, 40.	Mayseder	Q672225	person	family name		
TheQuarterlyMusicalMagazineAndReview__1824-022.txt_1793	Fabio Constantini flourished about the year 1630, and ultimately became maestro at the chapel of Loretto.	Fabio Constantini	Q3737659	person	family name	Q16865793	
TheQuarterlyMusicalMagazineAndReview__1824-022.txt_3016	Book 8 opens witha composition in four parts, by Mr. Novello, of which the combined elegance and learning	Mr. Novello	Q2526705	person	family name	Q21511693	
TheMusicalWorld__1843-029.txt_472	M. Le- vassor will, moreover, sing two of his most popular chansonettes.	M. Le- vassor	Q3385954	person	family name	Q56539235	
TheQuarterlyMusicalMagazineAndReview__1825-025.txt_3429	"The Banks of Allan Water, arranged with an Introduction and Coda for the Piano Forte; by Cipriani Potter."	Cipriani Potter	Q1092737	person	family name	Q2106585	
TheMusicalTimes__1876-397.txt_1352	Mr. W. H.- Cummings, a most zealous musical antiquarian, as	W. H.- Cummings	Q3827349	person	family name	Q16865943	
TheQuarterlyMusicalMagazineAndReview__1828-037.txt_313	Three Easy Duets for Two Violoncellos, by F. W. Crouch -.... 254 XV.	F. W. Crouch	Q5497599	person	family name	Q2074252	
TheMusicalTimes__1875-388.txt_2219	Ebdon’s Magnificat and Nunc dimittis in C were admirably sung.	Ebdon	Q3525084	person	family name		
TheQuarterlyMusicalMagazineAndReview__1824-022.txt_1349	In 1763 he composed a grand cantata for the chapel of Sonderhausen, which was performed at a féte on the birth - day of the Prince of Swartzburg.	Prince of Swartzburg	Q832878	person	family name		
TheQuarterlyMusicalMagazineAndReview__1825-025.txt_1463	"He afterwards received further instructions from Saratelli, the predecessor of Galuppi;, as Chapel Master of St. Mark at Venice."	Saratelli	Q1522112	person	family name		
TheQuarterlyMusicalMagazineAndReview__1825-025.txt_1463	"He afterwards received further instructions from Saratelli, the predecessor of Galuppi;, as Chapel Master of St. Mark at Venice."	Galuppi	Q208338	person	family name	Q61910675	
TheMusicalTimes__1876-397.txt_1383	Mr. Manns deserves much credit for the introduction of this interesting composition.	Mr. Manns	Q4820769	person	family name	Q37325761	
TheQuarterlyMusicalMagazineAndReview__1826-029.txt_1158	These extracts are from Sir John Malcolm’ s Memoir of Central India.	Sir John Malcolm	Q1700959	person	family name	Q28194317	
TheMusicalWorld__1843-038.txt_822	Composed and Dedicated to MISS DOLBY, BY FELIX MENDELLSOAN BARTHOLDY.	MISS DOLBY	Q4164386	person	family name	"Q28226148;Q65113293"	
TheQuarterlyMusicalMagazineAndReview__1828-037.txt_2288	Subsequently, in consequence of Miss Paton’s illness, Madame Caradori Allan, Mademoiselle Brambilla, and Signor de Begnis.	Miss Paton	Q16888398	person	family name	"Q1158452;Q12798362;Q37496487"	
TheQuarterlyMusicalMagazineAndReview__1828-037.txt_2288	Subsequently, in consequence of Miss Paton’s illness, Madame Caradori Allan, Mademoiselle Brambilla, and Signor de Begnis.	Mademoiselle Brambilla	Q3984276	person	family name	Q1143178	
TheHarmonicon__1824-016.txt_1690	_ Salieri, the composer, is so seriously indisposed, that great doubts are entertained of his recovery.	Salieri	Q51088	person	family name	Q56540553	
TheHarmonicon__1832-012.txt_44	kins remarks, with more liberality, that Tudway was studious in his profession, and left behind him, in a letter to his son, an account of the music and musicians of his time, containing ‘many very curious particulars, and some facts which, but for him, must have been buried in oblivion.	Tudway	Q16704153	person	family name	Q89659540	
TheQuarterlyMusicalMagazineAndReview__1825-025.txt_567	The Sun on the Lake shines serene, composed by John Davy' 3.	John Davy	Q11928224	person	family name	Q30315490	
TheMusicalWorld__1843-038.txt_29	Braham gives an impressive example to all young aspirants after fame in his conduct in the orchestra.	Braham	Q5231664	person	family name	Q16860333	
TheQuarterlyMusicalMagazineAndReview__1826-029.txt_3485	"The Rose and the Lil ly; Trio, by Sir Fohn Stevenson, Mus."	Sir Fohn Stevenson	Q4442571	person	family name	Q424325	
DwightSJournalOfMusic__1875-006.txt_414	"re;plied the old man, overwhelmed with confusion ‘ey the presence of the Chapeltaster of his Majesty the Emperor,"	his Majesty the Emperor	Q76555	person	family name		
TheQuarterlyMusicalMagazineAndReview__1824-022.txt_1267	Eichner died at the beginning a of the year 1777.	Eichner	Q473837	person	family name	Q37222908	
TheHarmonicon__1833-005.txt_38	His - next drama was Angelica, of which the plot is taken from Ariosto.	Ariosto	Q48900	person	family name	Q59531717	
TheHarmonicon__1824-016.txt_1731	Mehul's opera of Joseph and his Brethren, was lately given here, an opera that has now kept its place on the stage above fifteen years.	Mehul	Q364020	person	family name	Q56546804	
TheQuarterlyMusicalMagazineAndReview__1828-037.txt_3647	and an extra sum of (we believe) ten guineas for the aid of Mr. Pixis, her accompanist.	Mr. Pixis	Q571716	person	family name	Q63170189	
TheQuarterlyMusicalMagazineAndReview__1828-037.txt_353	"Songs from Fairy Land; the Poetry by Thomas Haynes CONTENTS No. XXXIX."	Thomas Haynes	Q7790528	person	family name	Q21493476	
DwightSJournalOfMusic__1873-016.txt_1056	Clara Schumann seems to have died of age, and not of sickness.	Clara Schumann	Q132232	person	family name	"Q21450751;Q35829868"	
TheHarmonicon__1828-001.txt_1179	"The work is also graced with several of the elegant songs of Thomas Campbell, and Lord Byron; and it contains the best songs of the olden time, and of Ramsay, Hamilton; Thomson, Smollett, Skinner, Macneill, Hogg, Cunningham, and many others."	Thomas Campbell	Q1361189	person	family name	Q2665383	
TheHarmonicon__1828-001.txt_1179	"The work is also graced with several of the elegant songs of Thomas Campbell, and Lord Byron; and it contains the best songs of the olden time, and of Ramsay, Hamilton; Thomson, Smollett, Skinner, Macneill, Hogg, Cunningham, and many others."	Lord Byron	Q5679	person	family name	Q1260681	
TheHarmonicon__1828-001.txt_1179	"The work is also graced with several of the elegant songs of Thomas Campbell, and Lord Byron; and it contains the best songs of the olden time, and of Ramsay, Hamilton; Thomson, Smollett, Skinner, Macneill, Hogg, Cunningham, and many others."	Hamilton	Q18671568	person	family name	Q21450552	
TheHarmonicon__1828-001.txt_1179	"The work is also graced with several of the elegant songs of Thomas Campbell, and Lord Byron; and it contains the best songs of the olden time, and of Ramsay, Hamilton; Thomson, Smollett, Skinner, Macneill, Hogg, Cunningham, and many others."	Thomson	Q5545192	person	family name	Q2803437	
TheHarmonicon__1828-001.txt_1179	"The work is also graced with several of the elegant songs of Thomas Campbell, and Lord Byron; and it contains the best songs of the olden time, and of Ramsay, Hamilton; Thomson, Smollett, Skinner, Macneill, Hogg, Cunningham, and many others."	Smollett	Q356283	person	family name	Q28741120	
TheHarmonicon__1828-001.txt_1179	"The work is also graced with several of the elegant songs of Thomas Campbell, and Lord Byron; and it contains the best songs of the olden time, and of Ramsay, Hamilton; Thomson, Smollett, Skinner, Macneill, Hogg, Cunningham, and many others."	Macneill	Q5696799	person	family name	Q21510350	
TheHarmonicon__1828-001.txt_1179	"The work is also graced with several of the elegant songs of Thomas Campbell, and Lord Byron; and it contains the best songs of the olden time, and of Ramsay, Hamilton; Thomson, Smollett, Skinner, Macneill, Hogg, Cunningham, and many others."	Hogg	Q941810	person	family name	Q21452013	
TheQuarterlyMusicalMagazineAndReview__1825-025.txt_22	"Ebers takes the King’s Theatre, 187; Letters to Garcia, 191 Emdin’s Duet, 258: English and Italian Tone,"	Ebers	Q6231101	person	family name		
TheQuarterlyMusicalMagazineAndReview__1825-025.txt_1910	M. Barriere has published four sets of quartets, and several Symphonies, concertos, trios, and duets.	M. Barriere	Q726908	person	family name	Q56537639	
DwightSJournalOfMusic__1873-016.txt_1073	Schumann came from the gymnasium to Leipzig in 1828, to study Jurisprudence	Schumann	Q7351	person	family name	Q21450751	
TheQuarterlyMusicalMagazineAndReview__1828-037.txt_655	it was accompanied ‘on the oboe (obligato) by N Mr. Parke..	Mr. Parke	Q18757223	person	family name	Q37023100	
TheHarmonicon__1824-016.txt_127	Philidor afterwards obtained permission to give this Concert Spirituel in the palace of the Tuileries, in the private theatre of which it continued to take place annually for many years.	Philidor	Q362339	person	family name	Q37235219	
TheMusicalWorld__1843-029.txt_175	La Prisonniere, another comic opera in one act, of which Boieldieu had written the greater part, had a better fate: this work was plaved at the Theatre Montausier, on the 12th of September of the same year.	Boieldieu	Q109875	person	family name	Q57616815	
TheMusicalWorld__1843-029.txt_477	Mr. Joseph Calkin made his debut in public very successfully, and sang a poor song by Mercadante with much energy and. taste.	Mercadante	Q313980	person	family name	Q3854823	
TheHarmonicon__1824-016.txt_232	Extract of a Letter from M. Siismayer, Kapelmeister at Vienna, to Messrs. Breitkopf and Haertel, dated Sept. 8, 1800..	M. Siismayer	Q310518	person	family name	Q115921035	
TheHarmonicon__1824-016.txt_232	Extract of a Letter from M. Siismayer, Kapelmeister at Vienna, to Messrs. Breitkopf and Haertel, dated Sept. 8, 1800..	Breitkopf	Q55902416	person	family name		
TheHarmonicon__1824-016.txt_232	Extract of a Letter from M. Siismayer, Kapelmeister at Vienna, to Messrs. Breitkopf and Haertel, dated Sept. 8, 1800..	Haertel	Q1419801	person	family name		
TheQuarterlyMusicalMagazineAndReview__1826-029.txt_776	We may now quit I Purcell and come » down toa period a little later.	Purcell	Q9695	person	family name	Q16881491	
TheQuarterlyMusicalMagazineAndReview__1828-037.txt_1532	In the soirees of the Princess Belmonte Spinelli, which take place.	Princess Belmonte Spinelli	Q23010905	person	family name	Q21507681	
TheMusicalTimes__1875-388.txt_1115	Mr. Sims Reeves made a genuine hit in Arthur Sullivan’s song,	Mr. Sims Reeves	Q7521239	person	family name	Q12294443	
TheMusicalWorld__1844-006.txt_980	"Mr. Sams, St. James's Street; and at M. Jullien’s office, 3, Maddox Street, Bond Street."	M. Jullien	Q660539	person	family name	Q24698962	
TheHarmonicon__1828-001.txt_1782	We have had a French opera, at the head of which was M. ‘Nourrit, first tenor of the Academie Royale de Musique.	M. ‘ Nourrit	Q634623	person	family name	Q98716838	
TheHarmonicon__1833-005.txt_383	In short, we may say, that to hear such an opera as La Gazza Ladra performed by such singers as Rubini, Tamburini, Lablache, Graziani, Malibran, and Mariano, is the perfection of dramatic music.	Tamburini	Q605376	person	family name	Q37056382	
TheHarmonicon__1828-001.txt_1069	adapted to the Airs, including upwards of ONE Hunprep Sones dy Burns.	Burns	Q81960	person	family name	Q1408775	
TheQuarterlyMusicalMagazineAndReview__1824-022.txt_1252	At some concerts, at the Feydeau, i in 1794, he executed some concerted symphonies of Devienne’s Sy with M. Huguot, Frederic and Charles Duvernoy.	Charles Duvernoy	Q1064184	person	family name		
TheMusicalTimes__1876-397.txt_2165	The programme included some favourite songs, and Balfe’s duet	Balfe	Q434171	person	family name	Q37021693	
TheMusicalWorld__1844-006.txt_843	I composed these variations to a Theme which had already been varied by Paganini, I had no intention of publishing them.	Paganini	Q66075	person	family name	Q37180669	
TheMusicalTimes__1876-402.txt_1235	H. R. Eyers, Walter Fitton, S. Kemp, Arthur O’ Leary, Harold Thomas, Brinley Richards, Frederick Westlake, T. Wingham, and the Principal.	Arthur O’ Leary	Q17984779	person	family name	Q21513338	
TheMusicalTimes__1876-402.txt_1235	H. R. Eyers, Walter Fitton, S. Kemp, Arthur O’ Leary, Harold Thomas, Brinley Richards, Frederick Westlake, T. Wingham, and the Principal.	Frederick Westlake	Q18546502	person	family name		
TheMusicalTimes__1873-366.txt_1044	In one of her most eloquent passages, Charlotte Bronté said: —	Charlotte Bronté	Q127332	person	family name	Q21446197	
DwightSJournalOfMusic__1873-016.txt_1086	Schumann was giving concerts there in Dresden with Joachim, the great. violinist.	Joachim	Q159976	person	family name	Q16850296	
TheHarmonicon__1828-001.txt_969	It is copied from the original, in the hand - writing of the composer, and which, if we are rightly informed, is now - in the possession- of M. Schlesinger, the wellknown music - seller, at Paris.	M. Schlesinger	Q70457	person	family name	Q23835490	
TheQuarterlyMusicalMagazineAndReview__1825-025.txt_1509	This is the most important of Cimador’s Ss arrarigements.	Cimador	Q3762403	person	family name		
TheQuarterlyMusicalMagazineAndReview__1825-025.txt_1934	Antoine Barthelemi Bruni was born at Coni, in Piedmont, in 1752, and was a very distinguished violinist.	Antoine Barthelemi Bruni	Q599823	person	family name		
TheMusicalWorld__1844-006.txt_54	— though it was excellently well performed by Phillips, Hill, and Severn.	Phillips	Q18671452	person	family name	Q2793828	
TheQuarterlyMusicalMagazineAndReview__1824-022.txt_1561	Perluigi da Palestrina was born in the year 1529, at Palestrina, the Preeneste of the antients: he is stated by.	Perluigi da Palestrina	Q179277	person	family name		
TheMusicalTimes__1876-397.txt_2270	The musical arrangements were under the direction of the organist and choirmaster of the parish church, Mr. J. V, Roberts, Mus, Bac.	Mr. J. V , Roberts	Q56183619	person	family name		
TheQuarterlyMusicalMagazineAndReview__1824-022.txt_2537	* Sento oh Dio” — Madame Ronzi de Begnis, Miss Stephens, Signor Garcia, Signor de Begnis, and Mr. oo Phillips	Madame Ronzi de Begnis	Q3266332	person	family name		
TheHarmonicon__1828-001.txt_195	- Dittersdorf’s music to the Doctor and Apothecary, a drama translated and prepared for the stage by Mr. Cobb.	Dittersdorf	Q78522	person	family name	Q83346517	
TheHarmonicon__1828-001.txt_195	- Dittersdorf’s music to the Doctor and Apothecary, a drama translated and prepared for the stage by Mr. Cobb.	Mr. Cobb	Q6131504	person	family name	Q1104540	
TheHarmonicon__1828-001.txt_186	In March 1787, Storace, with his sister, returned to England.	Storace	Q2369747	person	family name	Q23527310	
TheMusicalTimes__1875-388.txt_2146	-The programme comprised selections from the works of Bach, Haydn, Mendelssohn, Bennett, Guilmant, Martini, & c., all of which were excellently	Guilmant	Q350359	person	family name	Q112812710	
TheQuarterlyMusicalMagazineAndReview__1828-037.txt_1714	Louis Capotorti — who passes for a harmonist of Durante’ Ss.	Louis Capotorti	Q17992489	person	family name	Q100520429	
TheQuarterlyMusicalMagazineAndReview__1828-037.txt_1714	Louis Capotorti — who passes for a harmonist of Durante’ Ss.	Durante	Q314221	person	family name	Q21509847	
TheQuarterlyMusicalMagazineAndReview__1826-029.txt_2202	Mr. Hummel’s rondo is a spirited piece, completely in the German style of composition.	Mr. Hummel	Q151953	person	family name	Q10527108	
TheQuarterlyMusicalMagazineAndReview__1828-037.txt_1638	Furno, who fills this post, is equally active and skilful.	Furno	Q555808	person	family name	Q37479145	
TheMusicalTimes__1876-397.txt_1014	On this point, we learn a curious fact from Dr. Chrysander.	Dr. Chrysander	Q65274	person	family name	Q110801189	
TheMusicalTimes__1876-402.txt_1109	Out of the 626 works given in Kéchel’s Catalogue, about 540 will be included in this edition, the remainder being either lost, not quite com - plete, or of doubtful authenticity.	Kéchel	Q78529	person	family name	Q88464499	
TheMusicalWorld__1843-029.txt_350	"Miss Groom, Miss Flower, and Miss Cubitt; Mr. White, Mr. Giubilei, and Mr. John Parry."	Mr. John Parry	Q6251987	person	family name		
TheQuarterlyMusicalMagazineAndReview__1826-029.txt_514	"Song, composed by Signor de Beguis; the words by Eugenius Roche Esq."	Eugenius Roche	Q17015704	person	family name	Q2160221	
TheMusicalTimes__1876-402.txt_2241	"The programme consisted of Mozart's String Quintett in C major; Haydn's Variations on the Austrian Hymn; Regondi’s us."	Regondi	Q981612	person	family name	Q97464680	
TheMusicalTimes__1876-402.txt_1158	The concert was conducted by Mr. Walter Macfarren with his usual judgment and precision.	Mr. Walter Macfarren	Q18954633	person	family name	Q6723283	
TheQuarterlyMusicalMagazineAndReview__1825-025.txt_2008	It is written in Italian, by Stefano Arteaga, a Spaniard and an ex - Jesuit.	Stefano Arteaga	Q3972360	person	family name	Q16148892	
TheMusicalWorld__1843-036.txt_571	M. Danjou, organist of Notre Dame, at Paris, has recently discovered in the church of Soliez Ville, in the department of the Var, an organ built so far back as the year 1450.	M. Danjou	Q444728	person	family name	Q37120631	
TheQuarterlyMusicalMagazineAndReview__1824-022.txt_1755	Since that period, Dr. Burney obtained two copies of it while in Italy — one from the Padre Martini, who possessed one himself, and the other from Signor Santar elli.	Signor Santar elli	Q5565524	person	family name	Q21452464	
TheMusicalTimes__1873-366.txt_1780	He was for many years the usical eptor of the family of the late King Louis ippe, of France.	King Louis ippe	Q7771	person	family name	Q104540073	
TheQuarterlyMusicalMagazineAndReview__1825-025.txt_528	Books 1 and 2 of Cottage Divertimentos for the Piano Forte, by P. A. Corri 3.	P. A. Corri	Q7183128	person	family name		
TheQuarterlyMusicalMagazineAndReview__1824-022.txt_1251	Delcambre Thomas, pupil of M. Ozi, professor of the bassoon ce2	Delcambre Thomas	Q55836534	person	family name	Q37558792	
TheQuarterlyMusicalMagazineAndReview__1824-022.txt_1251	Delcambre Thomas, pupil of M. Ozi, professor of the bassoon ce2	M.	Q289996	person	family name		
TheQuarterlyMusicalMagazineAndReview__1825-025.txt_2117	Immediately in their footsteps appeared those great harmonists Gaetano Greco, Albinoni Caldara,	Gaetano Greco	Q1339827	person	family name	"Q16870289;Q21449980"	
TheQuarterlyMusicalMagazineAndReview__1825-025.txt_2117	Immediately in their footsteps appeared those great harmonists Gaetano Greco, Albinoni Caldara,	Albinoni	Q174606	person	family name	Q112520804	
TheQuarterlyMusicalMagazineAndReview__1825-025.txt_2117	Immediately in their footsteps appeared those great harmonists Gaetano Greco, Albinoni Caldara,	Caldara	Q311571	person	family name	Q36994840	
TheMusicalTimes__1876-402.txt_1680	The honour of a musical doctorate has been but seldom granted by the University of Durham, one of the last to receive this distinction having been the late lamented Dr. Dykes.	Dr. Dykes	Q3269824	person	family name	Q5318681	
TheQuarterlyMusicalMagazineAndReview__1826-029.txt_3253	M. Choron has however re - embodied the bulk of his examples in his “Principes de Composition.	M. Choron	Q1392901	person	family name		
The Harmonicon_1828-005_ms_1	An unfortunate intrigue with a lady of royal birth, having obliged Jarnowick to quit France @ la sourdine, in the year 1780, his situation was filled by the incomparable Viotti, whom the author of Les Jardins, Delille, used to call the “Pindar of the Violin.”	Delille	Q981922	person	family name	Q56245997	
The_Quarterly_Musical_Magazine_And_Review_ms_1826-030_4_	Miss Sterling, a young Jady not more than 17 years of age, a pupil of Mr. Neate, played Mr. Moscheles’ fantasia on. the air, “du clair de la lune,” with such uncommon brilliancy of finger and excellence of style as to do equal honour to her own industry, and to the care even of so fine a master as Mr. Neate.	Mr. Neate	Q18526894	person	family name		
The_Musical_Times_ms_1896-646_2_	The foundation of the Church Orchestral Society, by the Honourable Richard Strutt, and the hearty support given it by Sir John Stainer, has furthered i m great measure this desirable movement, and its. progress has been assisted in no small degree by the individual efforts. of organists, whose endeavours deserve cordial: commendation.	the Honourable Richard Strutt	Q75270792	person	family name		
The_Musical_Times_ms_1896-646_2_	The foundation of the Church Orchestral Society, by the Honourable Richard Strutt, and the hearty support given it by Sir John Stainer, has furthered i m great measure this desirable movement, and its. progress has been assisted in no small degree by the individual efforts. of organists, whose endeavours deserve cordial: commendation.	Sir John Stainer	Q1388550	person	family name	Q21475286	
The_Musical_Times_ms_1896-646_3_	We advisedly say “our”! distinguished pianist, because forty - five years of residence in this country, and of unbroken hard work in our English schools of music, the Royal Academy, Royal College, Guildhall School, and the tentative National Training School entitle Mr. Pauer to the citizenship of our land as well as the gratitude of all those who know how important and. widespread his influence has been.	Mr. Pauer	Q79183	person	family name	Q37558453	
The_Musical_World_ms_1855-025_1_	John of Procida was among the most active leaders in this revolt, and his name and exploits, forming the theme of many a poem and romance, have now been celebrated by MM. Scribe and Verdi in the opera of Les Vépres Siciliennes.	John of Procida	Q1227361	person	family name		
The_Musical_World_ms_1855-025_1_	John of Procida was among the most active leaders in this revolt, and his name and exploits, forming the theme of many a poem and romance, have now been celebrated by MM. Scribe and Verdi in the opera of Les Vépres Siciliennes.	Scribe	Q319261	person	family name	Q65113507	
The_Musical_World_ms_1855-025_1_	John of Procida was among the most active leaders in this revolt, and his name and exploits, forming the theme of many a poem and romance, have now been celebrated by MM. Scribe and Verdi in the opera of Les Vépres Siciliennes.	Verdi	Q7317	person	family name	Q37231923	
Dwight's Journal of Music_1857-001_ms_3	Nevertheless, the house was crowded, and the performances, consisting of a miscellaneous concert. by the orchestra, Thalberg, d’Angri, and various German singing societies, (the best of which, however, had withdrawn their servi, ces in view of the above - mentioned condition), and the first act of Fidelio.	Thalberg	Q347871	person	family name	Q21504858	
Dwight's Journal of Music_1857-001_ms_3	Nevertheless, the house was crowded, and the performances, consisting of a miscellaneous concert. by the orchestra, Thalberg, d’Angri, and various German singing societies, (the best of which, however, had withdrawn their servi, ces in view of the above - mentioned condition), and the first act of Fidelio.	d’Angri	Q5358988	person	family name		
Dwight's Journal of Music_1855-002_ms_3	"Below Schandau you pass the bold promontory of Schramstein, close sunder the fortified heights of Pfaffenstein, and ‘Konigstein with its impregnable fortress — against whose walls Napoleon battered: in vain — thence on, through a wild country of tale - telling tradition, “thé cradle of gnomes and. kobolds,”’ till, at length, near Dresden you emerge among thriving. Villages and cultivated fields; like the exit, on the. Neckar, from the vallies of Odenwald upon the plains of the Rhine at Heidelberg."	Napoleon	Q517	person	family name	Q24530160	
The_Quarterly_Musical_Magazine_And_Review_ms_1826-030_5_	Until the appearance of Lully’s overtures such a prelude was never thought of, and what is even more singular, by their novelty and excellence, they continued for a long time to hold their place and pre - eminence, and were played before operas composed by Vinci, Leo, and Pergolesi, nearly a century after the date of their original production.	Vinci	Q29577	person	family name	Q36856555	
The_Quarterly_Musical_Magazine_And_Review_ms_1826-030_5_	Until the appearance of Lully’s overtures such a prelude was never thought of, and what is even more singular, by their novelty and excellence, they continued for a long time to hold their place and pre - eminence, and were played before operas composed by Vinci, Leo, and Pergolesi, nearly a century after the date of their original production.	Pergolesi	Q185312	person	family name	Q21510201	
Dwight's Journal of Music_1854-002_ms_2	"His brightest years were those divided betwixt London and Paris, < when he formed one of the quartet - with Madame Grisi, Signori Lablache and Tamburini; his most luerdtive | professional’ days were possibly those last ones spent in St. Petersburgh, where H- M. the - Czar, to do him honor, made him Colonel of a regiment."	Czar	Q130734	person	family name	Q10854295	
The_Musical_World__ms_1844-005_2_	Would the students in the London University be satisfied with Professor Morgan, if, in what he designated a course of lectures on Mathematics, he were content to regale them with a narrative of the life and adventures of Hermogenes — the birth and parentage of Euclid — the amours and idiosyncracies of Cardan the burning alive of Giordano Bruno and Vanini the simplicity and ingenious nature of the moral character of Spinoza — or the interesting peculiarities of Sir Isaac Newton’s dog?	Professor Morgan	Q208448	person	family name	Q56546735	
The_Musical_World__ms_1844-005_2_	Would the students in the London University be satisfied with Professor Morgan, if, in what he designated a course of lectures on Mathematics, he were content to regale them with a narrative of the life and adventures of Hermogenes — the birth and parentage of Euclid — the amours and idiosyncracies of Cardan the burning alive of Giordano Bruno and Vanini the simplicity and ingenious nature of the moral character of Spinoza — or the interesting peculiarities of Sir Isaac Newton’s dog?	Hermogenes	Q1336424	person	family name		
The_Musical_World__ms_1844-005_2_	Would the students in the London University be satisfied with Professor Morgan, if, in what he designated a course of lectures on Mathematics, he were content to regale them with a narrative of the life and adventures of Hermogenes — the birth and parentage of Euclid — the amours and idiosyncracies of Cardan the burning alive of Giordano Bruno and Vanini the simplicity and ingenious nature of the moral character of Spinoza — or the interesting peculiarities of Sir Isaac Newton’s dog?	Euclid	Q8747	person	family name		
The_Musical_World__ms_1844-005_2_	Would the students in the London University be satisfied with Professor Morgan, if, in what he designated a course of lectures on Mathematics, he were content to regale them with a narrative of the life and adventures of Hermogenes — the birth and parentage of Euclid — the amours and idiosyncracies of Cardan the burning alive of Giordano Bruno and Vanini the simplicity and ingenious nature of the moral character of Spinoza — or the interesting peculiarities of Sir Isaac Newton’s dog?	Cardan	Q184530	person	family name	Q37519332	
The_Musical_World__ms_1844-005_2_	Would the students in the London University be satisfied with Professor Morgan, if, in what he designated a course of lectures on Mathematics, he were content to regale them with a narrative of the life and adventures of Hermogenes — the birth and parentage of Euclid — the amours and idiosyncracies of Cardan the burning alive of Giordano Bruno and Vanini the simplicity and ingenious nature of the moral character of Spinoza — or the interesting peculiarities of Sir Isaac Newton’s dog?	Giordano Bruno	Q36330	person	family name	Q12786554	
The_Musical_World__ms_1844-005_2_	Would the students in the London University be satisfied with Professor Morgan, if, in what he designated a course of lectures on Mathematics, he were content to regale them with a narrative of the life and adventures of Hermogenes — the birth and parentage of Euclid — the amours and idiosyncracies of Cardan the burning alive of Giordano Bruno and Vanini the simplicity and ingenious nature of the moral character of Spinoza — or the interesting peculiarities of Sir Isaac Newton’s dog?	Vanini	Q553128	person	family name	Q56121050	
The_Musical_World__ms_1844-005_2_	Would the students in the London University be satisfied with Professor Morgan, if, in what he designated a course of lectures on Mathematics, he were content to regale them with a narrative of the life and adventures of Hermogenes — the birth and parentage of Euclid — the amours and idiosyncracies of Cardan the burning alive of Giordano Bruno and Vanini the simplicity and ingenious nature of the moral character of Spinoza — or the interesting peculiarities of Sir Isaac Newton’s dog?	Spinoza	Q35802	person	family name	Q37291960	
The_Musical_World__ms_1844-005_2_	Would the students in the London University be satisfied with Professor Morgan, if, in what he designated a course of lectures on Mathematics, he were content to regale them with a narrative of the life and adventures of Hermogenes — the birth and parentage of Euclid — the amours and idiosyncracies of Cardan the burning alive of Giordano Bruno and Vanini the simplicity and ingenious nature of the moral character of Spinoza — or the interesting peculiarities of Sir Isaac Newton’s dog?	Sir Isaac Newton	Q935	person	family name	Q1469854	
the_Musical_Times_ms_1895-634_3_	The rumour that the Church Choral Society will not sing this season has received recent confirmation, and this, if true, will leave the field in New York for choruses of moderate size open to the Musical Art Society (under Mr. Frank Damrosch), the New York Musical Society (under Mr. Dossert), and the new Harlem Oratorio Society.	Mr. Frank Damrosch	Q962237	person	family name	Q21484519	
The Harmonicon_1823-002_ms_3	La Clemenza di Tito was the first, in which‘a French lady, under the riame of Signora Clarini, took the part of Servilia, and a Madame’ Graziani filled the character ef Annio, both of which were massacred in their hands, and the whole opera necessarily partook in the - ruin.	Servilia	Q63534091	person	family name		
The Harmonicon_1823-002_ms_3	La Clemenza di Tito was the first, in which‘a French lady, under the riame of Signora Clarini, took the part of Servilia, and a Madame’ Graziani filled the character ef Annio, both of which were massacred in their hands, and the whole opera necessarily partook in the - ruin.	Annio	Q63534077	person	family name		
The_Quarterly_Musical_Magazine_And_Review_ms_1827-022_2_	Both however appeared we believe at last at Dr. Crotch’s, though. but for the very kind assistance of Madame Caradori, the poor Doctor would have had no little difficulty in - getting his Pavestine per- formed, notwithstanding it had been so long separately and specially announced that both Miss Stephens and Miss Paton were engaged to sing in it.	Dr. Crotch	Q718709	person	family name	Q112898648	
the_Musical_Times_ms_1896-635_12_	The principal novelty of the Concert on the 1st ult. was “La Naissance de Venus,’ scéne mythologique, by M. Paul Collin, set to music by M. G. Fauré, an important work carefully scored, but wanting in the charm to which this.graceful composer has accustomed us.	M. Paul Collin	Q3370911	person	family name	Q24251425	
the_Musical_Times_ms_1896-635_12_	The principal novelty of the Concert on the 1st ult. was “La Naissance de Venus,’ scéne mythologique, by M. Paul Collin, set to music by M. G. Fauré, an important work carefully scored, but wanting in the charm to which this.graceful composer has accustomed us.	M. G. Fauré	Q104919	person	family name	Q21450735	
The Harmonicon_1827-002_ms_2	The productions of Tallis, Birde, Morley, and Farrant, of Gibbons and Child, of Blow and Purcell, of Croft, Greene, Boyce, Nares, and we might add others, are not only excellent qguoad compositions, but equally perfect as forming a part of our religious worship: they never for a moment lose the true devotional character, though their difference from each other, in many respects, is as wide as the several periods at which they were written.	Tallis	Q207789	person	family name	Q28147132	
The Harmonicon_1827-002_ms_2	The productions of Tallis, Birde, Morley, and Farrant, of Gibbons and Child, of Blow and Purcell, of Croft, Greene, Boyce, Nares, and we might add others, are not only excellent qguoad compositions, but equally perfect as forming a part of our religious worship: they never for a moment lose the true devotional character, though their difference from each other, in many respects, is as wide as the several periods at which they were written.	Birde	Q208375	person	family name	Q7703561	
The Harmonicon_1827-002_ms_2	The productions of Tallis, Birde, Morley, and Farrant, of Gibbons and Child, of Blow and Purcell, of Croft, Greene, Boyce, Nares, and we might add others, are not only excellent qguoad compositions, but equally perfect as forming a part of our religious worship: they never for a moment lose the true devotional character, though their difference from each other, in many respects, is as wide as the several periods at which they were written.	Morley	Q438141	person	family name	Q16279729	
The Harmonicon_1827-002_ms_2	The productions of Tallis, Birde, Morley, and Farrant, of Gibbons and Child, of Blow and Purcell, of Croft, Greene, Boyce, Nares, and we might add others, are not only excellent qguoad compositions, but equally perfect as forming a part of our religious worship: they never for a moment lose the true devotional character, though their difference from each other, in many respects, is as wide as the several periods at which they were written.	Farrant	Q7325622	person	family name		
The Harmonicon_1827-002_ms_2	The productions of Tallis, Birde, Morley, and Farrant, of Gibbons and Child, of Blow and Purcell, of Croft, Greene, Boyce, Nares, and we might add others, are not only excellent qguoad compositions, but equally perfect as forming a part of our religious worship: they never for a moment lose the true devotional character, though their difference from each other, in many respects, is as wide as the several periods at which they were written.	Blow	Q311110	person	family name	Q16860131	
The Harmonicon_1827-002_ms_2	The productions of Tallis, Birde, Morley, and Farrant, of Gibbons and Child, of Blow and Purcell, of Croft, Greene, Boyce, Nares, and we might add others, are not only excellent qguoad compositions, but equally perfect as forming a part of our religious worship: they never for a moment lose the true devotional character, though their difference from each other, in many respects, is as wide as the several periods at which they were written.	Croft	Q1236164	person	family name	Q16865881	
The Harmonicon_1827-002_ms_2	The productions of Tallis, Birde, Morley, and Farrant, of Gibbons and Child, of Blow and Purcell, of Croft, Greene, Boyce, Nares, and we might add others, are not only excellent qguoad compositions, but equally perfect as forming a part of our religious worship: they never for a moment lose the true devotional character, though their difference from each other, in many respects, is as wide as the several periods at which they were written.	Greene	Q615819	person	family name	Q1544694	
The Harmonicon_1827-002_ms_2	The productions of Tallis, Birde, Morley, and Farrant, of Gibbons and Child, of Blow and Purcell, of Croft, Greene, Boyce, Nares, and we might add others, are not only excellent qguoad compositions, but equally perfect as forming a part of our religious worship: they never for a moment lose the true devotional character, though their difference from each other, in many respects, is as wide as the several periods at which they were written.	Boyce	Q313152	person	family name	Q16860309	
The Harmonicon_1827-002_ms_2	The productions of Tallis, Birde, Morley, and Farrant, of Gibbons and Child, of Blow and Purcell, of Croft, Greene, Boyce, Nares, and we might add others, are not only excellent qguoad compositions, but equally perfect as forming a part of our religious worship: they never for a moment lose the true devotional character, though their difference from each other, in many respects, is as wide as the several periods at which they were written.	Nares	Q463998	person	family name	Q37438891	
The_Musical_World__ms_1843-042_3_	The rest of the concert was made up ofan exhibition on the violoncello, during which the “veteran” delighted us with “Polly put the kettle on’ — some sentimentalities by Bellini, Pacini and Zingarelli, and the worn out terzetto from Il Matrimonio Segretto, which by this time I am quite tired of, thongh Miss Marshall, Mrs. Shaw and Mrs. Bushe did it ample justice, as far as singing went — I say nothing about acting.	Zingarelli	Q505202	person	family name	Q37046630	
The Harmonicon_1832-006_ms_3	In the twenty - fifth number of our new series (January 1830), appeared a review of a work of great science, learning, and merit, under the title of Instructions to my Daughter for Playing on the Enharmonic Guitar, written by Lieutenant - Colonel Perronet.	Lieutenant - Colonel Perronet	Q4670375	person	family name	Q2803433	
The_Musical_World__ms_1845-029_2_	"We may mention as a remarkable circumstance, that on the evening of the night on which he was born, his mother, notwithstanding the delicacy of her situation, was induced to go to a concert given by Paganini at the Teatro Santo Augustino in Genoa; when the performance of the great Maestro produced such an effect on her mind and nerves as to precipitate her accouchement, and the young Sivori came into the world somewhat before his time."	Sivori	Q1029423	person	family name	Q47006611	
the_Musical_Times_ms_1896-635_6_	At a second Advent Service, on the 12th ult., the “Last Judgment” of Spohr was. given, but without an orchestra, its place being filled at the organ as efficiently as it could be by Mr. G. R. Sinclair, the organist of Hereford Cathedral.	Mr. G. R. Sinclair	Q5543957	person	family name		
The Harmonicon_1826-048_ms_4	"Two of these compositions have been published, and are as follows: — Morgengruss an Goethe, & y., (Morning Salutation to Goéthe on his Birth - day); the poetry by F. W. Riemar, the music for two sopranos, tenor and basy by C. Eberwein, with an aceompaniment for the piano, (Bpth in score, andin parts.)"	C. Eberwein	Q216234	person	family name	Q37281823	
The Harmonicon_1830-003_ms_2	"Madame Kraus - Wranisky is a singer superior to Madame Seidler, both in power and expression, although she is occasionally defective in execution; and, spite of a homely look and large person, does every thing with a grace and dignity strongly reminding me of Pasta."	Madame Kraus - Wranisky	Q55895823	person	family name	Q931355	
The Harmonicon_1830-003_ms_2	"Madame Kraus - Wranisky is a singer superior to Madame Seidler, both in power and expression, although she is occasionally defective in execution; and, spite of a homely look and large person, does every thing with a grace and dignity strongly reminding me of Pasta."	Madame Seidler	Q6373188	person	family name	Q37066920	
The_Quarterly_Musical_Magazine_And_Review_ms_1827-036_2_	"As a prima donna, Mademoiselle Lalande reminds me of Madame: Ronzi di Begnis in the force andenergy of her style; but, with an equality of talent as a musician and a charming person, as an actress she falls far short in the comparison."	Mademoiselle Lalande	Q3132487	person	family name		
The_Musical_Times_ms_1905-754_9_	The Choral Society opened its sixteenth season in the Drill Hall on November 2 with a complete Elgar programme: ‘The Black Knight,’ ‘The Banner of St. George,’ ‘Imperial March,’ ‘In Hammersbach’ (from ‘The Bavarian Highlands’), and the ‘Pomp and Circumstance’ March No. 1.	Elgar	Q179631	person	family name	Q36872540	
Dwight's Journal of Music_1852-019_ms_2	"From evounds ‘of reflection, the Opera Seria; to which he had paid the tribute of - his youth, accompanied by thé most brilliant suc“cess, in Italy, disgusted him; and he began to reflect radically upon the conditions.of lyric I al tragedy, triéd to bring them ‘into application in his Orfeo, and developed them in writing in the { L preface to his Aleeste, which he dedicated to the ii grand * duke of Tuscany."	grand * duke of Tuscany	Q151321	person	family name	Q24957539	
The_Musical_World__ms_1844-005_1_	We read, in a cotemporary, some cogent observations in reply to the “Morning Post,” on the subject of the Professorship, which we transfer, in part, to our pages: — were to dilate profusely on the Mystéres de Parts of our worthy friend Eugéne Sue, and the profound morality of Soulié’s Memoires du Diable — what would be the result?	Eugéne Sue	Q315220	person	family name	Q66626358	
The_Musical_World__ms_1844-005_1_	We read, in a cotemporary, some cogent observations in reply to the “Morning Post,” on the subject of the Professorship, which we transfer, in part, to our pages: — were to dilate profusely on the Mystéres de Parts of our worthy friend Eugéne Sue, and the profound morality of Soulié’s Memoires du Diable — what would be the result?	Soulié	Q2031275	person	family name		
The_Musical_World__ms_1843-042_1_	"Miss Marshall won golden opinions by her charming delivery of Gluck’s “Che faro,” and Miss Birch, sang the superb “Ah perfido” of Beethoven better than I have ever heard it sung, except by Malibran; in the ranting air (with violin obligato) from Paer’s dull opera of Griselda, Miss Birch was no less successful, but, from the inferior nature of the composition, much less agreeable."	Gluck	Q130759	person	family name	Q37488198	
the_Musical_Times_ms_1884-493_1_	"At who think with us that the selection of operatic works for performance in any country should not be bounded by geographical restrictions, can not but feel gratifled that the lessee of the Royal Italian Opera no longer confines himself to the creations of foreign composers; but, welcoming good music wherever it can be found, has chosen Mr. Mackenzie’s highly successful opera ‘Colomba”’ as one of the chief attractions of the coming season."	Mr. Mackenzie	Q674739	person	family name	Q13553907	
The Musical Times_1871-335_ms_3	"The strongest evidence for Carey’s claim should be an argument against it; for it isthe statement of John Christopher Smith, that Carey, unable to harmonize his own tune, asked Smith to write a bass to it; whereas in his Musical Century Carey has left plenty of proof that he was musician enough to put a very good bass to so simple a melody."	Carey	Q1606590	person	family name	Q5039154	
The Musical Times_1871-335_ms_3	"The strongest evidence for Carey’s claim should be an argument against it; for it isthe statement of John Christopher Smith, that Carey, unable to harmonize his own tune, asked Smith to write a bass to it; whereas in his Musical Century Carey has left plenty of proof that he was musician enough to put a very good bass to so simple a melody."	John Christopher	Q11727869	person	family name	Q1158446	
The Harmonicon_1829-002_ms_3	"The rival of Vinci and Porpora in dramatic composition, Leo was also desirous of emulating Durante in sacred music; and as in the former department of his art he had been by turns pathetic and gay, scientific and natural, so in the latter he attained to eminence, and produced numerous compositions of a character imposing, dignified, and sublime."	Durante	Q2286657	person	family name	Q21509847	
The Musical Times_1871-335_ms_1	It is a curious coincidence, to say the least of it, that an air with the same rhythmical*peculiarity — a peculiarity which is almost individualexists in a transcript of compositions by Dr. John Bull, the musical professor of Gresham College in the time of James I, and this has given occasion for the setting up in his favour of a claim to the authorship.	James I	Q79972	person	family name	Q23041619	
The Harmonicon_1824-020_ms_4	Music, learned and ingenicus, like that of Jomelli, abounding in harniony and con trivance, and requiring a careful execution, and the utmost stillness and attention in the audience, would not satisfy the frivolous and depraved taste of the Italians, who used to sav, that the music of Gluck, Jomelli, Hasse, and Bach, was too rough and German.	Jomelli	Q312891	person	family name	Q112813171	
The Harmonicon_1824-020_ms_4	Music, learned and ingenicus, like that of Jomelli, abounding in harniony and con trivance, and requiring a careful execution, and the utmost stillness and attention in the audience, would not satisfy the frivolous and depraved taste of the Italians, who used to sav, that the music of Gluck, Jomelli, Hasse, and Bach, was too rough and German.	Hasse	Q164732	person	family name	Q37555285	
The_Musical_Times_ms_1885-505_1_	The following works have been performed in their entirety during the season: Mendelssohn’s ‘Elijah, ‘Hear my Prayer,” * * Loreley,” 98th Psalm, ‘Ave Maria,” and ‘As the Hart pants,” Spohr’s ‘God, Thou art Great,” Gaul’s Sacred Cantata, ‘The Holy City,” and C. ]. Stevens’s Anthem “Sing, O Heavens,” selections having been also given from “The Messiah,” “Israel in Egypt,” ‘The Seasons,” ‘St. Paul,” “Samson,” and the “Song of Miriam.”	Gaul	Q4723319	person	family name	Q27435895	
the_Musical_Times_ms_1884-493_4_	"Besides the artists already mentioried we are promised Madame Adelina Patti, Madame Sembrich, Madame Maria Durand, Mdlle. De Vere (her first appearance at the Royai Italian Opera), Madame Scalchi, Mdlle. Reggiani, and Mdille. Tremelli; Signor Nicolini, Signor Marconi, M. Soulacroix, Signor Mierzwinski, Signor Cotogni, M. Devoyod, Signor De Reszké, Signor Monti, and Signor Novara."	Madame Sembrich	Q265698	person	family name	Q27941338	
the_Musical_Times_ms_1884-493_4_	"Besides the artists already mentioried we are promised Madame Adelina Patti, Madame Sembrich, Madame Maria Durand, Mdlle. De Vere (her first appearance at the Royai Italian Opera), Madame Scalchi, Mdlle. Reggiani, and Mdille. Tremelli; Signor Nicolini, Signor Marconi, M. Soulacroix, Signor Mierzwinski, Signor Cotogni, M. Devoyod, Signor De Reszké, Signor Monti, and Signor Novara."	Mdlle . De Vere	Q19998212	person	family name	"Q36891104;Q104871072"	
the_Musical_Times_ms_1884-493_4_	"Besides the artists already mentioried we are promised Madame Adelina Patti, Madame Sembrich, Madame Maria Durand, Mdlle. De Vere (her first appearance at the Royai Italian Opera), Madame Scalchi, Mdlle. Reggiani, and Mdille. Tremelli; Signor Nicolini, Signor Marconi, M. Soulacroix, Signor Mierzwinski, Signor Cotogni, M. Devoyod, Signor De Reszké, Signor Monti, and Signor Novara."	Madame Scalchi	Q7553670	person	family name		
the_Musical_Times_ms_1884-493_4_	"Besides the artists already mentioried we are promised Madame Adelina Patti, Madame Sembrich, Madame Maria Durand, Mdlle. De Vere (her first appearance at the Royai Italian Opera), Madame Scalchi, Mdlle. Reggiani, and Mdille. Tremelli; Signor Nicolini, Signor Marconi, M. Soulacroix, Signor Mierzwinski, Signor Cotogni, M. Devoyod, Signor De Reszké, Signor Monti, and Signor Novara."	Signor Nicolini	Q3083329	person	family name	Q37297980	
the_Musical_Times_ms_1884-493_4_	"Besides the artists already mentioried we are promised Madame Adelina Patti, Madame Sembrich, Madame Maria Durand, Mdlle. De Vere (her first appearance at the Royai Italian Opera), Madame Scalchi, Mdlle. Reggiani, and Mdille. Tremelli; Signor Nicolini, Signor Marconi, M. Soulacroix, Signor Mierzwinski, Signor Cotogni, M. Devoyod, Signor De Reszké, Signor Monti, and Signor Novara."	Signor Marconi	Q5479431	person	family name	Q15141941	
the_Musical_Times_ms_1884-493_4_	"Besides the artists already mentioried we are promised Madame Adelina Patti, Madame Sembrich, Madame Maria Durand, Mdlle. De Vere (her first appearance at the Royai Italian Opera), Madame Scalchi, Mdlle. Reggiani, and Mdille. Tremelli; Signor Nicolini, Signor Marconi, M. Soulacroix, Signor Mierzwinski, Signor Cotogni, M. Devoyod, Signor De Reszké, Signor Monti, and Signor Novara."	M. Soulacroix	Q5515856	person	family name		
the_Musical_Times_ms_1884-493_4_	"Besides the artists already mentioried we are promised Madame Adelina Patti, Madame Sembrich, Madame Maria Durand, Mdlle. De Vere (her first appearance at the Royai Italian Opera), Madame Scalchi, Mdlle. Reggiani, and Mdille. Tremelli; Signor Nicolini, Signor Marconi, M. Soulacroix, Signor Mierzwinski, Signor Cotogni, M. Devoyod, Signor De Reszké, Signor Monti, and Signor Novara."	Signor Mierzwinski	Q5986416	person	family name	Q28132844	
the_Musical_Times_ms_1884-493_4_	"Besides the artists already mentioried we are promised Madame Adelina Patti, Madame Sembrich, Madame Maria Durand, Mdlle. De Vere (her first appearance at the Royai Italian Opera), Madame Scalchi, Mdlle. Reggiani, and Mdille. Tremelli; Signor Nicolini, Signor Marconi, M. Soulacroix, Signor Mierzwinski, Signor Cotogni, M. Devoyod, Signor De Reszké, Signor Monti, and Signor Novara."	Signor Cotogni	Q2562468	person	family name		
the_Musical_Times_ms_1884-493_4_	"Besides the artists already mentioried we are promised Madame Adelina Patti, Madame Sembrich, Madame Maria Durand, Mdlle. De Vere (her first appearance at the Royai Italian Opera), Madame Scalchi, Mdlle. Reggiani, and Mdille. Tremelli; Signor Nicolini, Signor Marconi, M. Soulacroix, Signor Mierzwinski, Signor Cotogni, M. Devoyod, Signor De Reszké, Signor Monti, and Signor Novara."	M. Devoyod	Q27928845	person	family name	Q105180782	
The_Musical_Times_ms_1885-505_4_	A capital programme on the 23rd drew a full audience, the general public beinz attracted by Beethoven's Rasoumowski Quartet in F, No. 1, and Tartini'’s ‘Trillo del Diavolo,”” and musicians by Grieg’s Sonata in F, for piano and violin, Op. 8.	Grieg	Q80621	person	family name	Q16870306	
The Harmonicon_1827-002_ms_3	After this, we had: Les Néces de Gamache, a comic opera, in three acts, by Mercadante, translated and arranged by Messrs. Sauvage and Dupin, and adapted to the stage by M. Guénée: we suppose it would be unpardonable to omit any of these important particulars, as the authors always show such marked anxiety te bring them befere the world.	M. Guénée	Q23901679	person	family name	Q104592721	
Dwight's Journal of Music_1857-001_ms_1	One man may lived, who ean read the heart, and whose power was not: based upon, his own experience ‘but if so, we may well call William Shakspeare superhuman, THenee it was that whiffe i m ~ Rossint’s “Barber of Seville,” ar Cimarosa’s « Seeret Marriage.”	William Shakspeare	Q692	person	family name	Q20997880	
Dwight's Journal of Music_1857-001_ms_1	One man may lived, who ean read the heart, and whose power was not: based upon, his own experience ‘but if so, we may well call William Shakspeare superhuman, THenee it was that whiffe i m ~ Rossint’s “Barber of Seville,” ar Cimarosa’s « Seeret Marriage.”	Cimarosa	Q191775	person	family name	Q96971148	
The_Musical_World_ms_1843-040_1_	"Adolphe Adam, the composer of Le Postillon de Lonjumeau, was the first to apostrophize the acquirements of M. Vivier, ina Jengthened artiele in the France Wusicale; he has been followed by the rest of them, and last week, in the Gazelle AZusicale, we find a paper by Maurice Bourges, which makes M. Vivier something less than a demi - god, and extols his qualifications, in language, which applied to would be M. Bourges melts Paganini himself, nothing short of hyperbolical."	Adolphe Adam	Q189544	person	family name	Q10379699	
The_Musical_World_ms_1843-040_1_	"Adolphe Adam, the composer of Le Postillon de Lonjumeau, was the first to apostrophize the acquirements of M. Vivier, ina Jengthened artiele in the France Wusicale; he has been followed by the rest of them, and last week, in the Gazelle AZusicale, we find a paper by Maurice Bourges, which makes M. Vivier something less than a demi - god, and extols his qualifications, in language, which applied to would be M. Bourges melts Paganini himself, nothing short of hyperbolical."	Maurice Bourges	Q73128734	person	family name	Q38243224	
Dwight's Journal of Music_1860-012_ms_1	In 1824 her family was residing at Paris, where she received, musical instruction from M. Fétis, at present: director of the Brussels Conse rratoire, author of the Biographie Universelle de Musiciens, together with many didactic works, and compos at that time prefessor in the Conservatoire of ‘Paris.	M. Fétis	Q523581	person	family name	Q55530312	
The Harmonicon_1826-048_ms_3	"With respect to the pieces given, the following seven are new to our theatre: Die sieben Midchen, Das Hausgesinde, Der Unsichibare, Die Ochsenmenuett, Staberls Reise - abentheuer, ‘and Le Macon by Auber; Macbeth in Schiller’s translation, ‘and with Reichardt’s music, is also new to us."	Schiller	Q22670	person	family name	"Q15844320;Q112278972"	
The Harmonicon_1826-048_ms_3	"With respect to the pieces given, the following seven are new to our theatre: Die sieben Midchen, Das Hausgesinde, Der Unsichibare, Die Ochsenmenuett, Staberls Reise - abentheuer, ‘and Le Macon by Auber; Macbeth in Schiller’s translation, ‘and with Reichardt’s music, is also new to us."	Reichardt	Q213742	person	family name	Q37455452	
The_Musical_Times_ms_1885-505_3_	"Whether this kind of thing is permissible is open to question; but the audience settled the matter in the affirmative by encoring the performer. Miss Zimmermann gave Mendelssohn’s familiar Caprice in E, Op. 33, and Mr. Santley sang two equally familiar airs by Handel."	Miss Zimmermann	Q4693137	person	family name	Q5994029	
The_Musical_World__ms_1843-042_2_	The above, an air from Handel’s Berenice sensibly rendered by Stretton, a duet from the Zauberflute by Mrs. Shaw and Mr. Phillips, and a droll kind of aria by Salvator Rosa, to which Mr. Manvers gave a life which in itself it lacks, were the only other features of interest.	Salvator Rosa	Q359421	person	family name	Q15042974	
the_Musical_Times_ms_1896-635_4_	"The Musical Union (Dr. Coward), in the ‘Creation’; the Choral Union (Mr. Suckley), in Verdi’s opera “Ernani”; and the St.-Cecilia Musical Society (Mr. W. Brown), also in the ‘Creation,” have all given evidence oft hat abundant enthusiasm and plentiful supply of good vocal material which have led the supporters of the Festival scheme to foster ambitious hopes as to the future of South Yorkshire choral singing."	Dr. Coward	Q5719907	person	family name	Q16865821	
the_Musical_Times_ms_1896-635_3_	"The principal pieces in the programme were Mendelssohn's String Quintet in B flat (Op. 87) and Svendsen’s String Octet in A (Op. 3), the latter being played by Messrs. Arthur Bent, Wallace Sutcliffe, William Ackroyd, Alfred Wall, Alfred Hobday, Percy Kearne, Paul Ludwig; and Tennyson Werge."	Svendsen	Q336668	person	family name	Q21450611	
the_Musical_Times_ms_1896-635_3_	"The principal pieces in the programme were Mendelssohn's String Quintet in B flat (Op. 87) and Svendsen’s String Octet in A (Op. 3), the latter being played by Messrs. Arthur Bent, Wallace Sutcliffe, William Ackroyd, Alfred Wall, Alfred Hobday, Percy Kearne, Paul Ludwig; and Tennyson Werge."	William Ackroyd	Q109120689	person	family name	Q21448013	
the_Musical_Times_ms_1896-635_3_	"The principal pieces in the programme were Mendelssohn's String Quintet in B flat (Op. 87) and Svendsen’s String Octet in A (Op. 3), the latter being played by Messrs. Arthur Bent, Wallace Sutcliffe, William Ackroyd, Alfred Wall, Alfred Hobday, Percy Kearne, Paul Ludwig; and Tennyson Werge."	Alfred Wall	Q107203434	person	family name	Q13560342	
the_Musical_Times_ms_1896-635_3_	"The principal pieces in the programme were Mendelssohn's String Quintet in B flat (Op. 87) and Svendsen’s String Octet in A (Op. 3), the latter being played by Messrs. Arthur Bent, Wallace Sutcliffe, William Ackroyd, Alfred Wall, Alfred Hobday, Percy Kearne, Paul Ludwig; and Tennyson Werge."	Alfred Hobday	Q4722438	person	family name		
The_Musical_World_ms_1843-040_2_	Queen Victoria, on one of these occasions, had the advantage of hearing this new wonder, and was so delighted as to press M. Vivier to pay England a visit, which, need we say, M. Vivier intends very shortly to do.	Queen Victoria	Q9439	person	family name		
The_Musical_World_ms_1843-040_2_	Queen Victoria, on one of these occasions, had the advantage of hearing this new wonder, and was so delighted as to press M. Vivier to pay England a visit, which, need we say, M. Vivier intends very shortly to do.	M. Vivier	Q16947558	person	family name	Q45110586	
The_Musical_Times_ms_1896-646_7_	Perhaps the most interesting piece was Bemberg’s ‘La Ballade du Désespéré” for yoice“and declamation, beautifully rendered by Miss Gertrude Bevan and Miss Ellen M. Bowick, with the accompaniments well played by the Misses Edith Byford, May H. Mukle, and Mabel E. Colyer.	Bemberg	Q3134049	person	family name	Q896400	
The_Musical_Times_ms_1896-646_7_	Perhaps the most interesting piece was Bemberg’s ‘La Ballade du Désespéré” for yoice“and declamation, beautifully rendered by Miss Gertrude Bevan and Miss Ellen M. Bowick, with the accompaniments well played by the Misses Edith Byford, May H. Mukle, and Mabel E. Colyer.	May H. Mukle	Q22312922	person	family name		
The Musical Times_1852-098_ms_3	In the course of the late season of morning concerts, we heard one of the best glees of Webbe, which we had not heard for thirty years before, when it was performed by the Vaughans, Knyvetts, & c., at a concert given by a Miss Bonwick, at the London Tavern	Webbe	Q7412899	person	family name	Q2553367	
The_Musical_World__ms_1901-705_1_	The Beethoven festival, held from the 5th. to the 7th ult., under the direction of Capellmeister Steinbach, with the Meiningen orchestra and the choir of.the Musik - Verein, was exceedingly well attended, and there is but one voice as to the general excellence of the performances.	Capellmeister Steinbach	Q70648	person	family name	Q16883826	
The Harmonicon_1829-002_ms_4	Leo was the founder ofa school in Naples, that very widely spread the fame of his country, and became a nursery for those celebrated singers, who afterwards filled Giovanni Ansani, or Anzani, was an lalian singer and composer of some eminence.	Giovanni Ansani	Q2813673	person	family name	Q37075943	
Dwight's Journal of Music_1855-002_ms_1	And in the beautiful galleries of the Prince Es sterhdzy, (that munificent patron | of: Art) one can, at least, recall in imagination some- strains of the choice ¢hamber music. of, Beethoven, to which their walls echoed in the presence of the great master, and in his palmiest days. os se I was much impressed by the fine monument of the Archduchess Christina, by Canova, which stands in the Church of the Augustines.	Prince Es sterhdzy	Q597865	person	family name	Q26868923	
Dwight's Journal of Music_1855-002_ms_1	And in the beautiful galleries of the Prince Es sterhdzy, (that munificent patron | of: Art) one can, at least, recall in imagination some- strains of the choice ¢hamber music. of, Beethoven, to which their walls echoed in the presence of the great master, and in his palmiest days. os se I was much impressed by the fine monument of the Archduchess Christina, by Canova, which stands in the Church of the Augustines.	Canova	Q5547	person	family name	Q37508664	
The Musical Times_1853-106_ms_3	This gentleman, whose talents and amiable enjoying disposition still preserve his memory in the lively affection and esteem of his acquaintance, was an admirable chamber singer, and particularly excelled in Mozart’s music, which he sang with the same accent and inflections of tone as Dragonetti on his bass.	Dragonetti	Q504490	person	family name	Q56246278	
The_Musical_Times_ms_1896-646_6_	Other pieces by Chopin, Leschetizky, Moszkowski, and Padetewski were rendered with a command of expression and facility of execution that more than once elicited enthusiastic applause from the audience, and necessitated her playing an extra piece at the close of her programme.	Chopin	Q1268	person	family name	Q15917350	
The_Musical_Times_ms_1896-646_6_	Other pieces by Chopin, Leschetizky, Moszkowski, and Padetewski were rendered with a command of expression and facility of execution that more than once elicited enthusiastic applause from the audience, and necessitated her playing an extra piece at the close of her programme.	Leschetizky	Q362340	person	family name		
The_Musical_Times_ms_1896-646_6_	Other pieces by Chopin, Leschetizky, Moszkowski, and Padetewski were rendered with a command of expression and facility of execution that more than once elicited enthusiastic applause from the audience, and necessitated her playing an extra piece at the close of her programme.	Moszkowski	Q322427	person	family name	Q50374139	
The_Musical_Times_ms_1896-646_6_	Other pieces by Chopin, Leschetizky, Moszkowski, and Padetewski were rendered with a command of expression and facility of execution that more than once elicited enthusiastic applause from the audience, and necessitated her playing an extra piece at the close of her programme.	Padetewski	Q191957	person	family name	Q62868678	
The Harmonicon_1826-048_ms_2	It was at this period, as we learn from history, and from' Tinctor himself in one of his treatises, that the Flemish school of music began to form itself on the model of that of France, at that time the most celebrated in Europe.	Tinctor	Q370512	person	family name		
the_Musical_Times_ms_1896-635_8_	At Bradford, too, there has. been more than ordinary musical activity. On November 22 the second of the Subscription Concerts took place, a miscellaneous programme of much more than average interest being sustained by Miss Esther Palliser, Madame Marian McKenzie, Messrs. Ben Davies and Douglas Powell, with Herr Rosenthal as pianist and Mr. W. H. Squire as violoncellist.	Ben Davies	Q4888470	person	family name	Q1177810	
the_Musical_Times_ms_1896-635_8_	At Bradford, too, there has. been more than ordinary musical activity. On November 22 the second of the Subscription Concerts took place, a miscellaneous programme of much more than average interest being sustained by Miss Esther Palliser, Madame Marian McKenzie, Messrs. Ben Davies and Douglas Powell, with Herr Rosenthal as pianist and Mr. W. H. Squire as violoncellist.	Herr Rosenthal	Q213772	person	family name	Q2167274	
the_Musical_Times_ms_1896-635_8_	At Bradford, too, there has. been more than ordinary musical activity. On November 22 the second of the Subscription Concerts took place, a miscellaneous programme of much more than average interest being sustained by Miss Esther Palliser, Madame Marian McKenzie, Messrs. Ben Davies and Douglas Powell, with Herr Rosenthal as pianist and Mr. W. H. Squire as violoncellist.	Mr. W. H. Squire	Q2377263	person	family name	Q19856970	
The Musical Times_1881-455_ms_3	Tor, be it said parenthetically, that in literature also Mr. Pepys was' a sound judge of genuine merit, who, to name but (one instance, in an age of studied politeness was able to appreciate the racy force of the old popular ‘ballads of England and Scotland.	Mr. Pepys	Q106143	person	family name	Q70951405	
The Musical Times_1849-066_ms_2	As grace they sung a “Sanctus,” by Orlando Gibbons, upon which the Rev. Conductor made some interesting remarks, and on the excellence of the older English Church Music, congratulating his auditors on the brighter prospects for solid music, man. arising from the production of convenient and cheap copies sting In Inconsistent contrast to the other Psalms at / of the excellent music which had so long lain dormant in Morning Prayer.	Orlando Gibbons	Q311913	person	family name	Q1522852	
The Musical Times_1852-098_ms_4	Another gratifying circumstance presents itself to ‘our recollection, in the promised production of two new oratorios, by Englishmen, at the approaching Norwich Festival — Mr. Pierson’s Jerusalem, and Dr. Bexfield’s Israel Restored, in regard to both of which we have received very flattering accounts.	Mr. Pierson	Q97011	person	family name	Q16881212	
The Musical Times_1852-098_ms_4	Another gratifying circumstance presents itself to ‘our recollection, in the promised production of two new oratorios, by Englishmen, at the approaching Norwich Festival — Mr. Pierson’s Jerusalem, and Dr. Bexfield’s Israel Restored, in regard to both of which we have received very flattering accounts.	Dr. Bexfield	Q18531021	person	family name		
the_Musical_Times_ms_1896-635_5_	Despite this drawback, the Concert wasa brilliant success, and Dr. Mackenzie’s abilities as a conductor were watmly recognised. Mr. Brodsky, the new leader of the Hallé band, made a most tavourable impression on his first appearance before a Leeds audience by his highly poetic and technically perfect playing of the Mendelssohn Concerto, and Madame Marian McKenzie contributed several songs with good effect.	Mr. Brodsky	Q365287	person	family name	Q21484906	
Dwight's Journal of Music_1856-001_ms_1	“Pwo souls in their essence so entirely kindred must have kneeled before each ether on first meeting, as the chronicle” relates of the first inter tew of Maria ot Burgundy with Masimilian: ot Austria, which adds: tans qJere fille xsé like that exclaim aticr the “Oh, “And qnust they not. merging leur moult grande. beaute et.	Maria ot Burgundy	Q157073	person	family name	Q104837093	
Dwight's Journal of Music_1856-001_ms_1	“Pwo souls in their essence so entirely kindred must have kneeled before each ether on first meeting, as the chronicle” relates of the first inter tew of Maria ot Burgundy with Masimilian: ot Austria, which adds: tans qJere fille xsé like that exclaim aticr the “Oh, “And qnust they not. merging leur moult grande. beaute et.	Masimilian : ot Austria	Q150726	person	family name		
Dwight's Journal of Music_1858-11_BIS_ms_2	"then, instead of stepping forw: urd as a reformer, he ought, as a true disciple of honored and to effect nothing but what Gluck and Mozart; Cimarosa and Pacsicllé, Méhul and Boieldieu, Chert ahint and Spontini, Beethoven and= Weber, Spohr.and Weigl, Meyerbeer and Lortzing, also tried to effect, and which they succeeded more or less in doing. metadata={sent_text:then instead of stepping forw: urd as a reformer he ought as a true disciple of honored and to effect nothing but what Gluck and Mozart; Cimarosa and Pacsicllé Méhul and Boieldieu Chert ahint and Spontini Beethoven and: ""Weber Spohr.and Weigl Meyerbeer and Lortzing also tried to effect and which they succeeded more or less in doing.""}"	Weigl	Q78798	person	family name	Q21449698	
Dwight's Journal of Music_1858-11_BIS_ms_2	"then, instead of stepping forw: urd as a reformer, he ought, as a true disciple of honored and to effect nothing but what Gluck and Mozart; Cimarosa and Pacsicllé, Méhul and Boieldieu, Chert ahint and Spontini, Beethoven and= Weber, Spohr.and Weigl, Meyerbeer and Lortzing, also tried to effect, and which they succeeded more or less in doing. metadata={sent_text:then instead of stepping forw: urd as a reformer he ought as a true disciple of honored and to effect nothing but what Gluck and Mozart; Cimarosa and Pacsicllé Méhul and Boieldieu Chert ahint and Spontini Beethoven and: ""Weber Spohr.and Weigl Meyerbeer and Lortzing also tried to effect and which they succeeded more or less in doing.""}"	Meyerbeer	Q105237	person	family name	Q112572256	
Dwight's Journal of Music_1858-11_BIS_ms_2	"then, instead of stepping forw: urd as a reformer, he ought, as a true disciple of honored and to effect nothing but what Gluck and Mozart; Cimarosa and Pacsicllé, Méhul and Boieldieu, Chert ahint and Spontini, Beethoven and= Weber, Spohr.and Weigl, Meyerbeer and Lortzing, also tried to effect, and which they succeeded more or less in doing. metadata={sent_text:then instead of stepping forw: urd as a reformer he ought as a true disciple of honored and to effect nothing but what Gluck and Mozart; Cimarosa and Pacsicllé Méhul and Boieldieu Chert ahint and Spontini Beethoven and: ""Weber Spohr.and Weigl Meyerbeer and Lortzing also tried to effect and which they succeeded more or less in doing.""}"	Lortzing	Q154203	person	family name	Q108515006	
Dwight's Journal of Music_1854-002_ms_4	"Mr. DRESELr was greeted with a spontaneous ani fervent welcome, when he took his seat at the piano, and his exquisitely expressive rendering of the two Songs without Words by Mendelssohn (the “Duet” and “Spring Song”), the striking Etude by Ferdi-: nand Hiller, the Adagio from a Concerto and the Etude by Chopin, held the andience in hushed delight; indeed we know of more than one adverse prejudice that owned itself melted away by that performance."	Mr. DRESELr	Q96415095	person	family name		
Dwight's Journal of Music_1854-002_ms_4	"Mr. DRESELr was greeted with a spontaneous ani fervent welcome, when he took his seat at the piano, and his exquisitely expressive rendering of the two Songs without Words by Mendelssohn (the “Duet” and “Spring Song”), the striking Etude by Ferdi-: nand Hiller, the Adagio from a Concerto and the Etude by Chopin, held the andience in hushed delight; indeed we know of more than one adverse prejudice that owned itself melted away by that performance."	Ferdi- : nand Hiller	Q213530	person	family name	Q1438720	
The Harmonicon_1830-003_ms_4	"On the 28th of December, Madame Fodor appeared, for the first time, in the Barbiere di Siviglia; and the applause of a house crowded in every part testified the delight caused by her performance."	Madame Fodor	Q1002317	person	family name	Q21558287	
The Harmonicon_1824-020_ms_2	"The compositions for the former are generally firnished from Parts - and London; for the latter, choice is made of Momrt, Pleyel, Steibeit, and other easy masters."	Pleyel	Q314019	person	family name	Q59827942	
The Harmonicon_1824-020_ms_2	"The compositions for the former are generally firnished from Parts - and London; for the latter, choice is made of Momrt, Pleyel, Steibeit, and other easy masters."	Steibeit	Q657464	person	family name		
the_Musical_Times_ms_1895-634_6_	The works selected by the Philharmonic. Society for the forthcoming season include Handel’s “Acis and Galatea,” Villiers Stanford’s fine choral ballad ‘The Revenge,” and Schubert’s cantata' ‘The Song of Miriam.”	Villiers Stanford	Q368264	person	family name	Q19691540	
the_Musical_Times_ms_1895-634_6_	The works selected by the Philharmonic. Society for the forthcoming season include Handel’s “Acis and Galatea,” Villiers Stanford’s fine choral ballad ‘The Revenge,” and Schubert’s cantata' ‘The Song of Miriam.”	Schubert	Q7312	person	family name	Q1557438	
the_Musical_Times_ms_1900-690_1_	‘Military Band Organisation’ read before the Royal United Service Institution, on March 25, 1892, -by Colonel T. B. Shaw - Hellier, a former Commandant of Kneller Hall, who is well known in the army for his musical abilities, andwho, during his six years’ tenure of office at Kneller Hall, did a great deal to improve the Institution.	Colonel T. B. Shaw - Hellier	Q98098664	person	family name		
The_Musical_World__ms_1845-029_1_	On his way to. Germany, through Holland, Vieuxtemps stopped at the Hague, which coming to the knowledge of His Majesty the King of Holland, that illustrious personage immediately sent for the eminent violinist, received him most graciously, and expressed his desire to hear the Concerto which Vieuxtemps has dedicated to him	Vieuxtemps	Q312790	person	family name	Q115463514	
The_Musical_World__ms_1845-029_1_	On his way to. Germany, through Holland, Vieuxtemps stopped at the Hague, which coming to the knowledge of His Majesty the King of Holland, that illustrious personage immediately sent for the eminent violinist, received him most graciously, and expressed his desire to hear the Concerto which Vieuxtemps has dedicated to him	His Majesty the King of	Q154287	person	family name	Q22813574	
The_Musical_Times_ms_1901-705_3_	On St. Cecilia’s Day, 1695, the Plan of a Grand Concert of Music — at which some of the works of the forgotten Italian composer, Giovanni Battista Bassani (16571716), said to be the master of Corelli, were presented	St. Cecilia	Q80513	person	family name		
The_Musical_Times_ms_1901-705_3_	On St. Cecilia’s Day, 1695, the Plan of a Grand Concert of Music — at which some of the works of the forgotten Italian composer, Giovanni Battista Bassani (16571716), said to be the master of Corelli, were presented	Giovanni Battista Bassani	Q465565	person	family name	Q21492719	
The_Musical_Times_ms_1900-692_1_	"The Scottish Orchestra has again been engaged, under its fourth conductor, Mr. Frederic H. Cowen; and the Edinburgh Choral Union, Mr. Kirkhope’s and Mr. Moonie’s choirs (the latter for the first time) will take part in the scheme."	Mr. Frederic H. Cowen	Q1452734	person	family name	Q16828292	
The Harmonicon_1823-002_ms_1	The favourite airs in Rossini’s Opera of La Gazza LapRa, erranged for the Piano - Forte, with an Accompaniment for the Flute. by T. Latour, Pianiste ‘to His Majesty.	T. Latour	Q6171596	person	family name	Q36912469	
The Harmonicon_1823-002_ms_1	The favourite airs in Rossini’s Opera of La Gazza LapRa, erranged for the Piano - Forte, with an Accompaniment for the Flute. by T. Latour, Pianiste ‘to His Majesty.	His Majesty	Q130586	person	family name		
The Harmonicon_1831-004_ms_1	The Rev. Wiliam Gostling, Minor Canon of Canterbury Cathedral, was the son of that Mr. Gostling, Sub - Dean of St. Paul’s, for whom Purcell wrote his celebrated anthem,	Rev. Wiliam Gostling	Q15994466	person	family name	Q54487974	
The Harmonicon_1831-004_ms_1	The Rev. Wiliam Gostling, Minor Canon of Canterbury Cathedral, was the son of that Mr. Gostling, Sub - Dean of St. Paul’s, for whom Purcell wrote his celebrated anthem,	Mr. Gostling	Q3181623	person	family name	Q54487974	
The_Quarterly_Musical_Magazine_And_Review_ms_1826-030_3_	Madame Vestris is also a reigning favourite, which, strange to say, she becomes by lowering her original Italian ‘style to the light but coarse ballads of the Kuglish comic opera “Cherry ripe’ for example.	Madame Vestris	Q6696635	person	family name		
the_Musical_Times_ms_1896-635_10_	The Lamoureux Concert of November 24 proved to be particularly interesting, including as it did the first performance of the “Chansons de Miarka’” of M. Alexandre Georges, set to the poetry of M. Richepin	M. Alexandre Georges	Q2833698	person	family name	Q24540171	
the_Musical_Times_ms_1896-635_10_	The Lamoureux Concert of November 24 proved to be particularly interesting, including as it did the first performance of the “Chansons de Miarka’” of M. Alexandre Georges, set to the poetry of M. Richepin	M. Richepin	Q551744	person	family name	Q67500897	
the_Musical_Times_ms_1895-634_7_	"he programme contained Mendelssohn’s ‘Hear my Prayer,” the solo part of which was effectively sung by Madame San Carolo; Cowen’s ‘Bridal Chorus, ’’ Stewart’s ‘Bells of St. Michael’s Tower,” and Pinsuti’s ‘Good - night, beloved.”"	Stewart	Q4444837	person	family name	Q2801971	
The_Musical_Times_ms_1900-692_2_	Mr. Cowen will be assisted, when occasion requires, by M. Sons, the capable leader, who acted as conductor last year during Herr Bruch’s temporary indisposition, and Herr Moszkowski will. officiate at the first concert.	Herr Bruch	Q106434	person	family name	Q301840	
Dwight's Journal of Music_1852-019_ms_4	The names of Grisi, Persiani, and other celebrities who had made - their English: reputation before Mr. Lumley caine info the managemeut, will, of course, occur to all readers, who will also remember in how many brilliant particular school it’ professed to ilus-.	Grisi	Q287812	person	family name	Q21452366	
Dwight's Journal of Music_1852-019_ms_4	The names of Grisi, Persiani, and other celebrities who had made - their English: reputation before Mr. Lumley caine info the managemeut, will, of course, occur to all readers, who will also remember in how many brilliant particular school it’ professed to ilus-.	Persiani	Q2280304	person	family name	Q56245048	
Dwight's Journal of Music_1852-019_ms_4	The names of Grisi, Persiani, and other celebrities who had made - their English: reputation before Mr. Lumley caine info the managemeut, will, of course, occur to all readers, who will also remember in how many brilliant particular school it’ professed to ilus-.	Mr. Lumley	Q2896159	person	family name	Q21449044	
The Harmonicon_1830-003_ms_1	The songs composed for Mrs. Weichsel, many of which were written by C. Bach, show that she had a voice of unusual height, reaching to the in altissimo, and great facility of execution.	Mrs. Weichsel	Q5362421	person	family name	Q20726713	
The Harmonicon_1830-003_ms_1	The songs composed for Mrs. Weichsel, many of which were written by C. Bach, show that she had a voice of unusual height, reaching to the in altissimo, and great facility of execution.	C. Bach	Q106641	person	family name	Q1409748	
The_Musical_Times_ms_1899-680_3_	Mdlle. Carrozi, a harpist of great ability, whom Mr. Newman has engaged for his orchestra, played her first harp solo at the Queen’s Hall, on the rst ult., and proved herself to be an interesting player	Mr. Newman	Q7348018	person	family name	Q1983554	
The_Musical_Times_ms_1885-505_7_	As usual, Mr. Charles Hallé’s Manchester Orchestra was engaged, and the vocal and instrumental soloists were Signorina Barbi, Mr. Joseph Maas, Madame Norman - Néruda, and Mr. Hallé.	Mr. Charles Hallé	Q65648	person	family name	Q61578982	
The_Musical_Times_ms_1885-505_7_	As usual, Mr. Charles Hallé’s Manchester Orchestra was engaged, and the vocal and instrumental soloists were Signorina Barbi, Mr. Joseph Maas, Madame Norman - Néruda, and Mr. Hallé.	Signorina Barbi	Q3611669	person	family name	Q37479575	
The_Musical_Times_ms_1885-505_7_	As usual, Mr. Charles Hallé’s Manchester Orchestra was engaged, and the vocal and instrumental soloists were Signorina Barbi, Mr. Joseph Maas, Madame Norman - Néruda, and Mr. Hallé.	Mr. Joseph Maas	Q686719	person	family name	Q21483007	
The_Musical_Times_ms_1885-505_7_	As usual, Mr. Charles Hallé’s Manchester Orchestra was engaged, and the vocal and instrumental soloists were Signorina Barbi, Mr. Joseph Maas, Madame Norman - Néruda, and Mr. Hallé.	Madame Norman - Néruda	Q78938	person	family name	Q12772457	
the_Musical_Times_ms_1884-493_2_	The prospectus announces that this work, translated into Italian, and the principal part sustained by Madame Pauline Lucca, will positively be produced, Mdlle. Gertrude Griswold (who will make her first appearance on the stage in England), being also included in the cast.	Madame Pauline Lucca	Q86422	person	family name	Q37106905	
The_Musical_Times_ms_1885-505_8_	Ar the eleventh Subscription Concert of the Choral Union Series, on the 3rd ult., the chief novelty was the late Friedrich Smetana’s ‘Comedy - Overture,’”’ performed last winter at the Philharmonic Concerts at Berlin and at the Crystal Palace Concerts.	Friedrich Smetana	Q48173	person	family name	Q12192297	
The_Quarterly_Musical_Magazine_And_Review_ms_1826-030_1_	Hence Mademoiselle Bonini has been probably underprized from the superiority of those supremely great singers, Catalani and Pasta, whom she has directly succeeded at the King’s Theatre, and with whom she is consequently immediately compared.	Mademoiselle Bonini	Q5479435	person	family name		
The_Quarterly_Musical_Magazine_And_Review_ms_1826-030_1_	Hence Mademoiselle Bonini has been probably underprized from the superiority of those supremely great singers, Catalani and Pasta, whom she has directly succeeded at the King’s Theatre, and with whom she is consequently immediately compared.	Catalani	Q263405	person	family name	Q21492846	
Dwight's Journal of Music_1860-012_ms_4	"The directors of the famous Gewandhaus Concerts in Leipzig have invited’ FErpinanp Ui1LER, of Cologne, to the post of conductor, vaca: ted by Rietz; but Hiller, probably the- best man ‘in all Germany, unfortunately declines."	Rietz	Q63745	person	family name	Q37527214	
the_Musical_Times_ms_1896-635_9_	The Keighley Musical Union, on the 3rd ult., had distinction conferred upon it by the presence of Professor Prout, who conducted a creditable performance of his cantata ‘Hereward,” the chorus - singing being decidedly its finest feature.	Professor Prout	Q5331730	person	family name	Q28123732	
the_Musical_Times_ms_1901-698_2_	Mr. ARTHUR SOMERVELL gave a concert of his own compositions, at St. James's Hail, on the 7th ult.. at which he played, with Mr. Leonard Borwick, a set of Variations for two pianofortes on an original theme.	Mr. ARTHUR SOMERVELL	Q4800330	person	family name	Q7559956	
the_Musical_Times_ms_1901-698_2_	Mr. ARTHUR SOMERVELL gave a concert of his own compositions, at St. James's Hail, on the 7th ult.. at which he played, with Mr. Leonard Borwick, a set of Variations for two pianofortes on an original theme.	Mr. Leonard Borwick	Q376085	person	family name	Q36884879	
the_Musical_Times_ms_1895-634_4_	On the evening of Sunday, the 3rd ult., a special Service was held in St. George’s Church, Stuyvesant Square, in commemoration of the twenty - fifth anniversary of Mr. George William Warren as organist of St. Thomas’s Church.	Mr. George William Warren	Q20726537	person	family name	Q17165817	
The_Musical_World_ms_1856-036_1_	Madame Viardot, too, must be noticed for the extraordinary fluency and fire she displayed in the unheard - of bravura from Graun’s Britannieus, and Herr Reichardt for his graceful and finished singing in Mozart’s “Dalla sua pace.”	Madame Viardot	Q122998	person	family name	"Q980636;Q24514422"	
The_Musical_World_ms_1856-036_1_	Madame Viardot, too, must be noticed for the extraordinary fluency and fire she displayed in the unheard - of bravura from Graun’s Britannieus, and Herr Reichardt for his graceful and finished singing in Mozart’s “Dalla sua pace.”	Graun	Q161208	person	family name		
The_Musical_Times_ms_1905-754_4_	Mr. Arthur Bent’s orchestra is also announced to give two concerts on December 7, Tchaikovsky’s Serenade for The third concert by the Choral and Philstrings (Op. 48) and Bach’s Concerto for two violins and orchestra being the chief features.	Tchaikovsky	Q7315	person	family name	Q16884354	
The_Musical_Times_ms_1905-754_5_	At their first concert, under the direction of Dr. Bates, Mark Ilambourg will be the solo pianist, and the Norwich Choral Society will contribute Hugh Blair’s ‘Trafalgar,’ composed expressly for the Nelson centenary.	Mark Ilambourg	Q1900092	person	family name	Q130217738	
The_Musical_Times_ms_1905-754_5_	At their first concert, under the direction of Dr. Bates, Mark Ilambourg will be the solo pianist, and the Norwich Choral Society will contribute Hugh Blair’s ‘Trafalgar,’ composed expressly for the Nelson centenary.	Hugh Blair	Q5930050	person	family name	Q12785963	
The_Musical_Times_ms_1905-754_5_	At their first concert, under the direction of Dr. Bates, Mark Ilambourg will be the solo pianist, and the Norwich Choral Society will contribute Hugh Blair’s ‘Trafalgar,’ composed expressly for the Nelson centenary.	Nelson	Q83235	person	family name	Q2782528	
The_Musical_Times_ms_1885-505_5_	The performance of the work in St. James's Hall, under Myr. Otto Goldschmidt, had many good points, and Mr. Parry found no small part of a friendly audience willing to bestow applause.	Myr . Otto Goldschmidt	Q320046	person	family name	Q21502372	
The_Musical_Times_ms_1885-505_5_	The performance of the work in St. James's Hall, under Myr. Otto Goldschmidt, had many good points, and Mr. Parry found no small part of a friendly audience willing to bestow applause.	Mr. Parry	Q6251304	person	family name		
The Musical Times_1853-106_ms_1	Spagnoletti, the leader, the fine Roman lineaments of whose countenance should have been pourtrayed by a Titian or Vandyke, was the animating spirit of the orchestra.	Titian	Q47551	person	family name	Q56246399	
The Musical Times_1853-106_ms_1	Spagnoletti, the leader, the fine Roman lineaments of whose countenance should have been pourtrayed by a Titian or Vandyke, was the animating spirit of the orchestra.	Vandyke	Q150679	person	family name	Q67176092	
The_Musical_World_ms_1856-036_2_	The quartets from Rigoletto and Oberon, both excellent specimens of their widely different schools, could hardly have been intrusted to more competent artists than Madame Novello, Miss Dolby, Mr. Sims Reeves, and Mr. Weiss.	Mr. Weiss	Q8022239	person	family name	Q145210	
The Harmonicon_1828-005_ms_2	When Pugnani and Viotti quitted St. Petersburg, where they had been loaded with favours by Catherine the Second, they paid a visit to Berlin, at the time that our violinist was in possession of the public favour.	Catherine the Second	Q36450	person	family name		
the_Quarterly_Musical_Magazine_And_Review_ms_1827-034_4_	"About forty years ago the company of Italian singers, called the company of Monsieur (since Louis 18th), made the Parisians hear the divine accents of Paisiello and Pergolesi; but this company could not obtain the victory unassisted."	Paisiello	Q202303	person	family name		
The_Quarterly_Musical_Magazine_And_Review_ms_1826-030_6_	Scarlatti was the next composer of overtures. Then followed the Concerti grossi of Corelli and Vivaldi, and lastly the concertos and overtures of Handel, Bach, Jomelli, Porpora, and Bononcini, with others of less note.	Scarlatti	Q167837	person	family name	Q21501721	
The_Quarterly_Musical_Magazine_And_Review_ms_1826-030_6_	Scarlatti was the next composer of overtures. Then followed the Concerti grossi of Corelli and Vivaldi, and lastly the concertos and overtures of Handel, Bach, Jomelli, Porpora, and Bononcini, with others of less note.	Vivaldi	Q1340	person	family name	Q37452514	
The_Quarterly_Musical_Magazine_And_Review_ms_1826-030_6_	Scarlatti was the next composer of overtures. Then followed the Concerti grossi of Corelli and Vivaldi, and lastly the concertos and overtures of Handel, Bach, Jomelli, Porpora, and Bononcini, with others of less note.	Bononcini	Q315241	person	family name	Q37445760	
The_Musical_World_ms_1855-025_3_	Besides the advantage of Cervetto as a master, our departed friend, Lindley, had also the opportunity, in his youth, of hearing and playing with Crosdill, whose powerful tone excelled that of any previous performer.	Cervetto	Q1364637	person	family name	Q101037180	
The_Musical_World_ms_1855-025_3_	Besides the advantage of Cervetto as a master, our departed friend, Lindley, had also the opportunity, in his youth, of hearing and playing with Crosdill, whose powerful tone excelled that of any previous performer.	Lindley	Q18593452	person	family name	Q21491335	
The_Musical_World_ms_1855-025_3_	Besides the advantage of Cervetto as a master, our departed friend, Lindley, had also the opportunity, in his youth, of hearing and playing with Crosdill, whose powerful tone excelled that of any previous performer.	Crosdill	Q6227740	person	family name		
The_Musical_Times_ms_1901-705_2_	Under the auspices of the Society for the Cultivation of Danish Music, a composition, by Niels W. Gade, entitled ‘Baldur’s Dream,’ for solo voices, chorus, and orchestra, has just been published for the first time.	Niels W. Gade	Q154632	person	family name	Q16870075	
Dwight's Journal of Music_1859-004_ms_3	"At the Opera we have‘had the “Prophet,” the fanchonette,” the ‘Lucia di Lammermoor,” and “the “Muette de Portici;” a night; each, of Mey erbecr, “Clapisson, Donizetti and Auber."	Clapisson	Q1871594	person	family name	Q56192513	
The_Quarterly_Musical_Magazine_And_Review_ms_1827-036_1_	Fischer then passed to Italy, and from thence to England, where (in 1769) he formed one of those solo. performers with Abel, Cramer, Crosdill, and Cervetto, for whom John Christian Bach, then in England, wrote solos in his concertos when his - hand was likely to tire or he wanted support.	Fischer	Q820692	person	family name	Q11231408	
The_Quarterly_Musical_Magazine_And_Review_ms_1827-036_1_	Fischer then passed to Italy, and from thence to England, where (in 1769) he formed one of those solo. performers with Abel, Cramer, Crosdill, and Cervetto, for whom John Christian Bach, then in England, wrote solos in his concertos when his - hand was likely to tire or he wanted support.	Abel	Q168539	person	family name	Q318363	
The_Quarterly_Musical_Magazine_And_Review_ms_1827-036_1_	Fischer then passed to Italy, and from thence to England, where (in 1769) he formed one of those solo. performers with Abel, Cramer, Crosdill, and Cervetto, for whom John Christian Bach, then in England, wrote solos in his concertos when his - hand was likely to tire or he wanted support.	Cervetto	Q18529811	person	family name	Q101037180	
Dwight's Journal of Music_1854-002_ms_3	Inthe year 1720, there appeared a satirical work of ‘Benedetto Marcello, the celebrated author of thé Psalms, which gives a lively -picture of the musical drama at that period.	Benedetto Marcello	Q312784	person	family name	Q37190638	
The Harmonicon_1832-006_ms_4	I hear with great regret of the sudden death of M. Frederick Kuhlau, of Copenhagen, a composer whose namie is very little known out of Denmark, but who posSessed a very considerable share of talent.	M. Frederick Kuhlau	Q157865	person	family name	Q42181174	
The Musical Times_1881-455_ms_4	It was, indeed, on his extensive collection of such treasures that Bishop Percy drew when.he published his famous ‘Reliques,” and thus prepared a heaithy revolution ‘in English literature against the stiltedness and pom‘pousness of eighteenth century poets.	Percy	Q712930	person	family name	Q15897047	
the_Musical_Times_ms_1895-634_1_	On the 5th ult. the Albert Hall was again crowded to excess on the occasion of Mr. Fould’s miscellaneous Concert, when Madame Albani, Miss Clara Butt, Mr. Norman Salmond, M. Johannes Wolff, M. Hollman, and ‘M. Raoul Pugno appeared.	Madame Albani	Q2503633	person	family name	Q21561333	
the_Musical_Times_ms_1895-634_1_	On the 5th ult. the Albert Hall was again crowded to excess on the occasion of Mr. Fould’s miscellaneous Concert, when Madame Albani, Miss Clara Butt, Mr. Norman Salmond, M. Johannes Wolff, M. Hollman, and ‘M. Raoul Pugno appeared.	Miss Clara Butt	Q461921	person	family name	Q20726731	
the_Musical_Times_ms_1895-634_1_	On the 5th ult. the Albert Hall was again crowded to excess on the occasion of Mr. Fould’s miscellaneous Concert, when Madame Albani, Miss Clara Butt, Mr. Norman Salmond, M. Johannes Wolff, M. Hollman, and ‘M. Raoul Pugno appeared.	Mr. Norman Salmond	Q5442324	person	family name	Q28200639	
the_Musical_Times_ms_1895-634_1_	On the 5th ult. the Albert Hall was again crowded to excess on the occasion of Mr. Fould’s miscellaneous Concert, when Madame Albani, Miss Clara Butt, Mr. Norman Salmond, M. Johannes Wolff, M. Hollman, and ‘M. Raoul Pugno appeared.	M. Johannes Wolff	Q21129875	person	family name	Q2588593	
the_Musical_Times_ms_1895-634_1_	On the 5th ult. the Albert Hall was again crowded to excess on the occasion of Mr. Fould’s miscellaneous Concert, when Madame Albani, Miss Clara Butt, Mr. Norman Salmond, M. Johannes Wolff, M. Hollman, and ‘M. Raoul Pugno appeared.	M. Hollman	Q1406368	person	family name	Q36883288	
the_Musical_Times_ms_1895-634_1_	On the 5th ult. the Albert Hall was again crowded to excess on the occasion of Mr. Fould’s miscellaneous Concert, when Madame Albani, Miss Clara Butt, Mr. Norman Salmond, M. Johannes Wolff, M. Hollman, and ‘M. Raoul Pugno appeared.	M. Raoul Pugno	Q1333281	person	family name	Q111906655	
The_Musical_Times_ms_1885-505_6_	The choir is steadily improving in precision, delicacy, and refinement, as was shown on this occasion, more particularly in ‘The Silver Swan” of Orlando Gibbons, Wilbye’s “Stay, Corydon,” and Pearsall’s famous ballad dialogue for ten voices, ‘Sir Patrick Spens.’	Wilbye	Q682089	person	family name		
The_Musical_Times_ms_1885-505_6_	The choir is steadily improving in precision, delicacy, and refinement, as was shown on this occasion, more particularly in ‘The Silver Swan” of Orlando Gibbons, Wilbye’s “Stay, Corydon,” and Pearsall’s famous ballad dialogue for ten voices, ‘Sir Patrick Spens.’	Pearsall	Q3816877	person	family name		
Dwight's Journal of Music_1859-004_ms_2	M.. Lubeck, director of the Royal Conservatory ‘at the Hague, sends us his tuning - fork, which 1s somewhat less high than our own, and ‘at the same. time promises us his adhesion and support.	M .. Lubeck	Q4271413	person	family name	Q33817044	
the_Musical_Times_ms_1884-493_3_	We are glad also to find that Reyer’s Opera ‘Sigurd,” lately received with so much favour in Brussels, will be given, with Madame Albani in the character of the heroine.	Reyer	Q516937	person	family name	"Q419161;Q37485645"	
the_Quarterly_Musical_Magazine_And_Review_ms_1827-034_3_	"If you doubt the excess of folly to which we have been led, during the last three years in the fine arts by our ridiculous vanity, which our journalists distinguish by the name of national honour, I refer you to that amongst our periodical works which possesses most talent, the Jotirnal des Debats; you will there find, in 1824 or 1823, that M. Monsigny, an excellent man, who produced some operas at the Feydeau, is the musician of Europe, that is to say, he is not only as well known as Mozart’ or Cimarosa in London, Vienna, and Naples, but is reputed to be by far superior to them all."	M. Monsigny	Q705124	person	family name		
the_Musical_Times_ms_1902-709_4_	The first chapter in the volume begins by mentioning Emilio del Cavalieri’s ‘Rappresentatione di anima e di corpo,’ with which the new style of music made its entry into Rome in the year 1600, and then he goes on to show how varied melody, choral polyphony, the lied form, the aria, new tonality, and a feeling for unity were. gradually introduced and developed by such composers as Agazzari, Marco da Gagliano, Stefano Landi (whose works show important advance in form, instrumentation, and characterisation), Michelangelo, Rossi, & c.	Agazzari	Q395563	person	family name	Q89205110	
the_Musical_Times_ms_1902-709_4_	The first chapter in the volume begins by mentioning Emilio del Cavalieri’s ‘Rappresentatione di anima e di corpo,’ with which the new style of music made its entry into Rome in the year 1600, and then he goes on to show how varied melody, choral polyphony, the lied form, the aria, new tonality, and a feeling for unity were. gradually introduced and developed by such composers as Agazzari, Marco da Gagliano, Stefano Landi (whose works show important advance in form, instrumentation, and characterisation), Michelangelo, Rossi, & c.	Marco da Gagliano	Q540638	person	family name		
the_Musical_Times_ms_1902-709_4_	The first chapter in the volume begins by mentioning Emilio del Cavalieri’s ‘Rappresentatione di anima e di corpo,’ with which the new style of music made its entry into Rome in the year 1600, and then he goes on to show how varied melody, choral polyphony, the lied form, the aria, new tonality, and a feeling for unity were. gradually introduced and developed by such composers as Agazzari, Marco da Gagliano, Stefano Landi (whose works show important advance in form, instrumentation, and characterisation), Michelangelo, Rossi, & c.	Stefano Landi	Q381943	person	family name	Q21502104	
the_Musical_Times_ms_1902-709_4_	The first chapter in the volume begins by mentioning Emilio del Cavalieri’s ‘Rappresentatione di anima e di corpo,’ with which the new style of music made its entry into Rome in the year 1600, and then he goes on to show how varied melody, choral polyphony, the lied form, the aria, new tonality, and a feeling for unity were. gradually introduced and developed by such composers as Agazzari, Marco da Gagliano, Stefano Landi (whose works show important advance in form, instrumentation, and characterisation), Michelangelo, Rossi, & c.	Michelangelo , Rossi	Q966250	person	family name	Q8140765	
TheHarmonicon__1832-012.txt_1315	We now open the volume, and the presentation - plate immediately attracts our notice — an elegant lithographed design by Hamerton.	Hamerton	Q52498671	person	family name	Q16870465	
The Musical Times_1871-335_ms_5	"On the Ist of April following, Judas Maccabeus was reproduced, which had been brought out in the previous year as an ode of victory, a musical ovation, to William, Duke of Cumberland, in honour of his success against the unfortunate Charles Edward; and, on its reproduction, the song of triumph was interpolated into it from the other work, for, we may well believe, it had already become popular, although it had been first heard but three weeks before, and it embodied to the very life the people’s feelings; and since that occasion the piece has been integral to both Oratorios."	Charles Edward	Q312581	person	family name	Q23041619	
TheQuarterlyMusicalMagazineAndReview__1824-022.txt_3025	The next is a solo for an alto, anda quartet from Naumann.	Naumann	Q213927	person	family name	Q21494537	
The Harmonicon_1832-006_ms_1	In the course of his studies he had composed several masses, motets, hymns, kyries,. magnificats, and other June, 1832. works in the church - style, which were occasionally performed at the chapel at Munich, so greatly to his reputation, that Ernest Augustus, Duke of Brunswick, the father of George I. of England, though a Protestant prince, being a passionate lover of music, invited him to the court of Hanover, conferred on him, it has been said, the appointment of master of his chapel *, and committed to his care the management of the Opera, an entertainment which had then but lately found its way into Germany.	Ernest Augustus , Duke of Brunswick	Q372190	person	family name		
The Harmonicon_1832-006_ms_1	In the course of his studies he had composed several masses, motets, hymns, kyries,. magnificats, and other June, 1832. works in the church - style, which were occasionally performed at the chapel at Munich, so greatly to his reputation, that Ernest Augustus, Duke of Brunswick, the father of George I. of England, though a Protestant prince, being a passionate lover of music, invited him to the court of Hanover, conferred on him, it has been said, the appointment of master of his chapel *, and committed to his care the management of the Opera, an entertainment which had then but lately found its way into Germany.	George I. of England	Q130805	person	family name	Q36880649	
The Harmonicon_1827-002_ms_4	"Among the many that resorted to him for instruction, was Lord Paisley, afterwards Earl of Abercorn; to whom Dr. Pepusch had communicated lessons in writing for his private study, with no other stipulation not to impart them to the world, than is implied in the mutual relation of teacher and scholar: which, however, it seems, was so ill understood, that in the year 1730 the substance of these lessons was by his pupil published, under the following title: A short Treatise on Harmony, containing the chief rules for composing in two, three, and four parts, dedicated to all lovers of music."	Lord Paisley	Q3806590	person	family name	Q21450552	
TheMusicalWorld__1844-006.txt_135	, Wilson’s lecture was distinguished, as usual, by its good sense, and his vocal illustrations were exquisite	Wilson	Q6264502	person	family name	Q1645480	
The_Musical_Times_ms_1899-680_1_	"In addition to the works already named, Mr. Randegger has composeda scena, ‘Medea,” sung by Madame Rudersdorff at the Leipzig Gewandhaus in 1869, of which the original autograph score is now preserved in the library of the Gewandhaus; “Saffo,” sung by Madame Lemmens Sherrington at the British Orchestral Society’s concert, March 31, 1875; the 150th Psalm, for. soprano solo, chorus, orchestra, and organ, written for the Boston (Mass.) Festival, 1872; and a scena, “The Prayer of Nature” (Byron), for Mr. Edward Lloyd, Philharmonic: Society, June 9, 1887."	Madame Rudersdorff	Q17575680	person	family name	Q110156740	
The_Musical_Times_ms_1899-680_1_	"In addition to the works already named, Mr. Randegger has composeda scena, ‘Medea,” sung by Madame Rudersdorff at the Leipzig Gewandhaus in 1869, of which the original autograph score is now preserved in the library of the Gewandhaus; “Saffo,” sung by Madame Lemmens Sherrington at the British Orchestral Society’s concert, March 31, 1875; the 150th Psalm, for. soprano solo, chorus, orchestra, and organ, written for the Boston (Mass.) Festival, 1872; and a scena, “The Prayer of Nature” (Byron), for Mr. Edward Lloyd, Philharmonic: Society, June 9, 1887."	Madame Lemmens Sherrington	Q1027279	person	family name	"Q36969766;Q51071975"	
TheQuarterlyMusicalMagazineAndReview__1825-025.txt_1732	Gavinies published three books of sonatas, and several concertos, which are very highly esteemed by connoisseurs.	Gavinies	Q490205	person	given name	Q2093070	Pierre
TheHarmonicon__1832-012.txt_996	, I believe Have you ever remonstrated or. petitioned the Lord Chamberlain upon the subject?	Lord Chamberlain	Q541755	person	given name	"Q12344159;Q15921732;Q16281695"	"William; Q15921732; Spencer"
TheMusicalTimes__1875-388.txt_2262	Mr. Liddle officiated as leader of the band, Mr. C. Hancock presided at the harmonium, and Sir George Elvey conducted.	Mr. C. Hancock	Q16030597	person	given name	Q2958359	Charles
TheMusicalTimes__1875-388.txt_2262	Mr. Liddle officiated as leader of the band, Mr. C. Hancock presided at the harmonium, and Sir George Elvey conducted.	Sir George Elvey	Q5541104	person	given name	Q15921732	Q15921732
TheHarmonicon__1824-016.txt_50	Mr. Viotti had some share in the management of the King’s Theatre.	Mr. Viotti	Q313188	person	given name	Q3766541	Giovanni Battista
TheMusicalWorld__1843-038.txt_147	of Rameau was represented in 1735, it was a balletopera Les Indes galantes.	Rameau	Q1145	person	given name	Q16290326	Jean-Philippe
TheHarmonicon__1832-012.txt_4	Benzamin Rogenrs, son of Peter Rogers of St. George's Chapel, Windsor, was born in that town, and after being a chorister, became a lay - clerk, or singing - man, of the choir of which his father was a member.	Benzamin Rogenrs	Q18546476	person	given name	Q2424149	Benjamin
TheMusicalTimes__1876-402.txt_2227	The programme contained selections from the works of Bach, Handel, Mendelssohn, Cherubini, and Lefébure - Wély.	Bach	Q1339	person	given name	"Q4844560;Q11122389"	"Sebastian; Johann"
TheMusicalTimes__1876-402.txt_2227	The programme contained selections from the works of Bach, Handel, Mendelssohn, Cherubini, and Lefébure - Wély.	Handel	Q7302	person	given name	"Q1985538;Q3273004;Q14038597;Q15921732;Q16275883"	"Georg; Frederick; Friedrich; Q15921732; Q16275883"
TheMusicalTimes__1876-402.txt_2227	The programme contained selections from the works of Bach, Handel, Mendelssohn, Cherubini, and Lefébure - Wély.	Mendelssohn	Q46096	person	given name	Q18177136	Felix
TheMusicalTimes__1876-402.txt_2227	The programme contained selections from the works of Bach, Handel, Mendelssohn, Cherubini, and Lefébure - Wély.	Cherubini	Q20721	person	given name	Q14656817	Louis-Marie
TheMusicalTimes__1876-402.txt_2227	The programme contained selections from the works of Bach, Handel, Mendelssohn, Cherubini, and Lefébure - Wély.	Lefébure - Wély	Q546919	person	given name	"Q677191;Q2897866;Q3480335"	"James; Louis; Alfred"
TheQuarterlyMusicalMagazineAndReview__1824-022.txt_3748	Mr. Mocre is the adaptor of words to this composition, which is a tirana, arranged by Mr. Bishop.	Mr. Mocre	Q315346	person	given name	Q16428906	Thomas
TheQuarterlyMusicalMagazineAndReview__1824-022.txt_3748	Mr. Mocre is the adaptor of words to this composition, which is a tirana, arranged by Mr. Bishop.	Mr. Bishop	Q1200639	person	given name	"Q1158477;Q21500230"	"Henry; Rowley"
TheMusicalTimes__1876-402.txt_1237	F. J. Amor, H. Lazarus, Walter Pettit, F. Ralph, P. Sainton, J. Thomas, A. White, and the Principal.	H. Lazarus	Q5724751	person	given name	Q1158477	Henry
TheMusicalTimes__1876-402.txt_1237	F. J. Amor, H. Lazarus, Walter Pettit, F. Ralph, P. Sainton, J. Thomas, A. White, and the Principal.	J. Thomas	Q1701921	person	given name	Q4925477	John
TheMusicalTimes__1876-402.txt_2212	Batiste’s Andante in G, an Offertoire by Lefébure - Wély, 2 Fugue by Mendelssohn, and Gounod’s	Batiste	Q274231	person	given name	Q221774	Édouard
TheMusicalTimes__1876-402.txt_2212	Batiste’s Andante in G, an Offertoire by Lefébure - Wély, 2 Fugue by Mendelssohn, and Gounod’s	Gounod	Q180278	person	given name	Q5074730	Charles-François
TheHarmonicon__1833-005.txt_1306	Under the Direction of the Earl of Cawdor, Wednesday, April 24, 1833.	Earl of Cawdor	Q6224952	person	given name	Q4925477	John
TheHarmonicon__1833-005.txt_274	Of the publication of Volume II. of Dr. Burney’s great work we have the following account:	Dr. Burney	Q547002	person	given name	Q2958359	Charles
TheHarmonicon__1824-016.txt_3646	On the same occasion, a quintett and chorus from Jerusalem delivered, an oratorio by M. Eberwein, which is still in MS. was received with much applause.	M. Eberwein	Q215521	person	given name	Q15680647	Traugott
TheMusicalTimes__1875-388.txt_580	The Music adapted from SPINDLER’s HUSARENRITT by Louis Dien1.	Louis Dien1	Q19900926	person	given name	Q2897866	Louis
DwightSJournalOfMusic__1873-016.txt_337	Some think they detect already in Weber's “Preciosa” and	Weber	Q154812	person	given name	"Q2529610;Q25413386"	"Carl; Maria"
TheHarmonicon__1824-016.txt_1362	Oakley, Esq., of Tavistock Place, and the late James Perry Esq.,. of the Morning Chronicle.	James Perry	Q15047460	person	given name	Q677191	James
TheQuarterlyMusicalMagazineAndReview__1828-037.txt_1289	that many composers who lose themselves in the clouds of mannerism and affectation, would imitate thewisdom of Sirletti, Asioli, and Pollini —	Sirletti	Q102283903	person	given name	Q19830582	Lodovico
TheQuarterlyMusicalMagazineAndReview__1828-037.txt_1289	that many composers who lose themselves in the clouds of mannerism and affectation, would imitate thewisdom of Sirletti, Asioli, and Pollini —	Asioli	Q892563	person	given name	Q21400937	Bonifazio
TheQuarterlyMusicalMagazineAndReview__1828-037.txt_1289	that many composers who lose themselves in the clouds of mannerism and affectation, would imitate thewisdom of Sirletti, Asioli, and Pollini —	Pollini	Q1351579	person	given name	"Q2268455;Q15303979"	"Francesco; Franc"
TheQuarterlyMusicalMagazineAndReview__1826-029.txt_43	"Second Concerto and Di Tanti, 294 Kiallmark, his Le pas de Polichinelle, 1145, Are ye'angry, 238;"	Kiallmark	Q18671297	person	given name	Q15921732	Q15921732
TheQuarterlyMusicalMagazineAndReview__1828-037.txt_1246	This enthusiastic composer, rich in talent, of the school of Bartolomeo Felici, wrote in the purest style.	Bartolomeo Felici	Q20757883	person	given name	Q939850	Bartolomeo
TheQuarterlyMusicalMagazineAndReview__1828-037.txt_255	"Piano Forte ed Arpa da L. Cherubini, » Almen se non possio, Canzonetta; Poetry by Metastasio; Music by"	Metastasio	Q29473	person	given name	Q15897583	Pietro
TheQuarterlyMusicalMagazineAndReview__1828-037.txt_2042	Here examples are given of the psalms of Marot and some of the earliest psalmists, whose compositions were even then considered as impudent innovations.	Marot	Q108926	person	given name	"Q18180151;Q18180166"	"Clément; Clemens"
TheQuarterlyMusicalMagazineAndReview__1826-029.txt_1274	This will serve to give some idea of the extensive field entered upon by Martini, and the diffuseness of that part which is completed.	Martini	Q283651	person	given name	Q3766541	Giovanni Battista
TheHarmonicon__1828-001.txt_1842	the Bacchanalian Song from Spontini’s Danaides, and several other pieces too numerous to particularize.	Spontini	Q168485	person	given name	"Q2624480;Q3888649;Q4245067"	"Gaspare; Pacifico; Luigi"
TheMusicalWorld__1844-006.txt_405	Vienna, Jan. 10. _ Donizetti has arrived in this city in perfect health.	Donizetti	Q101698	person	given name	"Q325872;Q1765453;Q4134361"	"Maria; Domenico; Gaetano"
TheQuarterlyMusicalMagazineAndReview__1824-022.txt_1692	Nevertheless, to be the rival of Carissimi he must have possessed considerable talent, both as a musician and a composer.	Carissimi	Q312686	person	given name	Q18020485	Giacomo
TheQuarterlyMusicalMagazineAndReview__1826-029.txt_1062	Since this note was written, a strong confirmation has been given to my opinion by a perusal of the History of the East Indies, from the French of L’Abbe Guyon.	L’Abbe Guyon	Q2976789	person	given name	Q17523984	Claude
TheMusicalWorld__1844-006.txt_932	Her Majesty and Prince Albert took a part in ‘Die Elfen Walzer.	Prince Albert	Q152245	person	given name	"Q577011;Q770041;Q1441346;Q2958359;Q18001873"	"Q577011; Augustus; Francis; Charles; Emmanuel"
TheMusicalWorld__1843-036.txt_391	Nor let us omit the performance of Grisias the Lady Norina in Pasquale, which was one of the most admirable specimens of comic talent ever seen on any stage.	Grisias	Q287344	person	given name	Q127733	Giulia
TheQuarterlyMusicalMagazineAndReview__1825-025.txt_1373	Sabadini also composed oratorios, the best of which was “La Divina Sapienza.	Sabadini	Q3638803	person	given name	Q11687769	Bernardo
TheMusicalTimes__1873-366.txt_1521	The chair was occupied en the occasion by Sir Thomas Gladstone, Bart.	Sir Thomas Gladstone	Q7529140	person	given name	Q16428906	Thomas
TheMusicalTimes__1876-402.txt_2623	’s 24th Psalm, adapted to the English version, by W. T. Freemantle (and revised by the late Dr. S. S. Wesley).	W. T. Freemantle	Q8019310	person	given name	Q12344159	William
TheMusicalTimes__1876-402.txt_2623	’s 24th Psalm, adapted to the English version, by W. T. Freemantle (and revised by the late Dr. S. S. Wesley).	Dr. S. S. Wesley	Q746420	person	given name	"Q629347;Q4844560"	"Samuel; Sebastian"
TheMusicalTimes__1876-402.txt_1166	, Arthur Sullivan, Mus. D., Cantab., the Conductor, and the Principal — Eaton Faning.	Arthur Sullivan	Q212692	person	given name	"Q1778168;Q2275863"	"Q1778168; Seymour"
TheMusicalTimes__1876-402.txt_1166	, Arthur Sullivan, Mus. D., Cantab., the Conductor, and the Principal — Eaton Faning.	Eaton Faning	Q5331349	person	given name	Q471788	Joseph
TheQuarterlyMusicalMagazineAndReview__1828-037.txt_2268	‘Carron side,” an opera by Signor Liverati, was produced with success.	Signor Liverati	Q3767573	person	given name	Q1158906	Giovanni
TheQuarterlyMusicalMagazineAndReview__1825-025.txt_1821	For ten years Jarnowick was in great favour with the public.	Jarnowick	Q1526160	person	given name	"Q830350;Q1158906"	"Ivan; Giovanni"
TheQuarterlyMusicalMagazineAndReview__1826-029.txt_2209	Mr. Kalkbrenner’s inelange displays great taste, both in the selection and treatment. of his subjects.	Mr. Kalkbrenner	Q170270	person	given name	"Q4927524;Q11027623;Q14038597"	"Michael; Wilhelm; Friedrich"
TheQuarterlyMusicalMagazineAndReview__1828-037.txt_208	“Qui est Rex Gloriosus,” Canon four in two, composed and dedicated to Thomas Attwood, Esq.	Thomas Attwood	Q2422110	person	given name	Q16428906	Thomas
TheQuarterlyMusicalMagazineAndReview__1826-029.txt_3161	There are few persons in this country, we apprehend, who are not now aware of the splendid donation made by the late Viscount Fitzwilliam to the University of Cambridge.	Viscount Fitzwilliam	Q7325692	person	given name	Q1249148	Richard
TheMusicalWorld__1844-006.txt_464	The vocal music was scarcely so good as usual — with the exception of the scena of Miss Rainforth.	Miss Rainforth	Q17355767	person	given name	Q385468	Elizabeth
TheMusicalWorld__1844-006.txt_48	We can not speak too highly of the manner in which this magnificent burst of grandeur was rendered, by Mr. Sterndale Bennett and his able assistants,	Mr. Sterndale Bennett	Q201164	person	given name	Q12344159	William
TheQuarterlyMusicalMagazineAndReview__1825-025.txt_2506	passage, taken up by the other parts as a round, like Rossini’s	Rossini	Q9726	person	given name	Q16275996	Gioacchino
TheMusicalTimes__1876-402.txt_1201	G. Benson, Ettore Fiori, Manuel Garcia, P. Goldberg, A. Randegger, T. A. Wallworth, and the Principal.	Ettore Fiori	Q55912552	person	given name	Q17524296	Ettore
TheMusicalTimes__1876-402.txt_1201	G. Benson, Ettore Fiori, Manuel Garcia, P. Goldberg, A. Randegger, T. A. Wallworth, and the Principal.	Manuel Garcia	Q333183	person	given name	"Q11113719;Q18002628"	"Manuel; Patricio"
TheMusicalTimes__1876-402.txt_1201	G. Benson, Ettore Fiori, Manuel Garcia, P. Goldberg, A. Randegger, T. A. Wallworth, and the Principal.	A. Randegger	Q4712167	person	given name	Q16799105	Alberto
TheHarmonicon__1832-012.txt_37	Thornhill drew ail their portraits in pencil, and Prior wrote humorous verses under each.	Thornhill	Q1681192	person	given name	Q677191	James
TheMusicalTimes__1875-388.txt_1671	The artists engaged were the Misses Agnes Drummond, Josephine Pulham, Marian Haigh, Florence Wydford, and Messrs. Henry Guy, Theodore Distin, E. Stone, and Thurley Beale.	Theodore Distin	Q76098551	person	given name	Q15875484	Theodore
TheMusicalWorld__1843-038.txt_419	Mrs. Shaw sang the next piece, No. 17, with more grace and power of vocalization than she had displayed during her visit.	Mrs. Shaw	Q3291051	person	given name	Q734578	Mary
TheMusicalTimes__1876-402.txt_2038	“Lives of the Professors of Gresham College” is a list of musical works in manuscript of Dr. J. Bull, in possession of Dr. Pepusch	Dr. J. Bull	Q511463	person	given name	Q4925477	John
TheMusicalTimes__1876-402.txt_2038	“Lives of the Professors of Gresham College” is a list of musical works in manuscript of Dr. J. Bull, in possession of Dr. Pepusch	Dr. Pepusch	Q371825	person	given name	"Q11122389;Q17689481"	"Johann; Christoph"
TheQuarterlyMusicalMagazineAndReview__1828-037.txt_387	Air Suisse, with an Introduction and Variations for the Piano Forte, composed by H. Herz.	H. Herz	Q572547	person	given name	Q1605665	Henri
TheQuarterlyMusicalMagazineAndReview__1824-022.txt_3868	Dr. Anslem Bayly, Sub - Dean of this Majesty’s Chapels Royal.	Dr. Anslem Bayly	Q4770596	person	given name	Q1618266	Anselm
TheQuarterlyMusicalMagazineAndReview__1825-025.txt_1912	Charles Phillippe Lafont, a very distinguished violinist, began to learn the violin with his mother, who was the sister of Berthaume, when yet very young.	Charles Phillippe Lafont	Q517502	person	given name	Q2958359	Charles
TheHarmonicon__1832-012.txt_1860	Among the pieces were Beethoven’s grand symphony in bp, and the overtures to Don Juan and Reissiger’s Felsenmithle, all of which were exquisitely played.	Beethoven	Q255	person	given name	Q14159020	Ludwig
TheHarmonicon__1832-012.txt_1860	Among the pieces were Beethoven’s grand symphony in bp, and the overtures to Don Juan and Reissiger’s Felsenmithle, all of which were exquisitely played.	Reissiger	Q213894	person	given name	Q2529610	Carl
TheQuarterlyMusicalMagazineAndReview__1825-025.txt_2308	Venice, besides the advantage of having orators destined to educate the singers, had Gasparini and Lotti as directors of the schools..	Gasparini	Q446955	person	given name	Q2268455	Francesco
TheQuarterlyMusicalMagazineAndReview__1825-025.txt_2308	Venice, besides the advantage of having orators destined to educate the singers, had Gasparini and Lotti as directors of the schools..	Lotti	Q168345	person	given name	Q7141520	Antonio
TheQuarterlyMusicalMagazineAndReview__1826-029.txt_3512	the subject of the Air from a French Melody, composed by Pio Glanchettini.	Pio Glanchettini	Q18819786	person	given name	Q19800570	Pio
TheQuarterlyMusicalMagazineAndReview__1825-025.txt_1788	w ho were accustomed to meet there frequently, such as Pagin, Gavinies, Pugnani, Gi- ardini, Van Malder, Dominico Ferrari, & c.	Pagin	Q516496	person	given name	"Q6169840;Q6298851"	"Jean-Pierre; André"
TheQuarterlyMusicalMagazineAndReview__1825-025.txt_1788	w ho were accustomed to meet there frequently, such as Pagin, Gavinies, Pugnani, Gi- ardini, Van Malder, Dominico Ferrari, & c.	Pugnani	Q560926	person	given name	"Q4134361;Q17596118;Q19967910"	"Gaetano; Giulio; Gerolamo"
TheQuarterlyMusicalMagazineAndReview__1825-025.txt_1788	w ho were accustomed to meet there frequently, such as Pagin, Gavinies, Pugnani, Gi- ardini, Van Malder, Dominico Ferrari, & c.	Van Malder	Q509130	person	given name	"Q1237447;Q2093070"	"Pieter; Pierre"
TheQuarterlyMusicalMagazineAndReview__1825-025.txt_1788	w ho were accustomed to meet there frequently, such as Pagin, Gavinies, Pugnani, Gi- ardini, Van Malder, Dominico Ferrari, & c.	Dominico Ferrari	Q1237139	person	given name	Q1765453	Domenico
TheHarmonicon__1828-001.txt_447	I am marvellously curious to see the violin quartet written by Rossini for Ricordi, the music - dealer, of Milan.	Ricordi	Q1046463	person	given name		
DwightSJournalOfMusic__1873-016.txt_742	When Garibaldi raised the standard of revolt at Marsala, a number of volunteers.	Garibaldi	Q539	person	given name	"Q15720844;Q25413386"	"Giuseppe; Maria"
TheQuarterlyMusicalMagazineAndReview__1828-037.txt_3630	the paucity of the English female singers — Miss Stephens and.	Miss Stephens	Q5052928	person	given name	Q2218095	Catherine
TheMusicalTimes__1876-402.txt_22	For further particulars apply to Mr. H. Keeton, “Registered for transmission abroad.	Mr. H. Keeton	Q1438256	person	given name	Q27949620	Q27949620
TheQuarterlyMusicalMagazineAndReview__1824-022.txt_3659	They are all tinctured with a certain degree of elegance and expressiveness, particularly these by Mr. Clifton, Mr. Crouch, Mr. Eavestaff, and Mr. Banister.	Mr. Clifton	Q6224338	person	given name	Q4925477	John
TheHarmonicon__1824-016.txt_1800	Since Barbaja seceded from the theatre, San Carlo has thrice been in danger of being burnt down.	Barbaja	Q908235	person	given name	Q1765453	Domenico
TheQuarterlyMusicalMagazineAndReview__1825-025.txt_294	Variations, and an Introductory Prelude on some Passages from: the Incantation Scene, by N.C. Bochsa 4.	N.C. Bochsa	Q251397	person	given name	"Q2958359;Q7029481"	"Charles; Nicolas"
TheHarmonicon__1828-001.txt_1889	Signor Sabastiani, first clarinet at the theatre St. Carlo at Naples, is arrived in Paris.	Signor Sabastiani	Q109802688	person	given name	Q17523781	Ferdinando
TheMusicalWorld__1843-036.txt_211	The predominant feature of Spohr’s music is a voluptuous monotony — a luxury indeed, but a vicious one.	Spohr	Q57226	person	given name	Q2897866	Louis
TheHarmonicon__1824-016.txt_1988	but, after all, why not have given a symphony or overture of Haydn or Mozart?	Haydn	Q7349	person	given name	Q471788	Joseph
TheHarmonicon__1824-016.txt_1988	but, after all, why not have given a symphony or overture of Haydn or Mozart?	Mozart	Q254	person	given name	"Q2589157;Q27805424"	"Wolfgang; Amadé"
DwightSJournalOfMusic__1868-012.txt_745	Adelina Patti — for that will continue to be her professional.	Adelina Patti	Q234166	person	given name	Q1820345	Adelina
TheMusicalWorld__1843-029.txt_176	These two operas, and also two odes to Anacreon set to the Greek text, are the only fruits of our author's pen in the year 1799.	Anacreon	Q213484	person	given name		
TheQuarterlyMusicalMagazineAndReview__1828-037.txt_1291	Grazioli (who must not be confounded with the composer of the same name, who died at Venice in 1820). has published several operas and some sacred music.	Grazioli	Q1525873	person	given name	Q3766541	Giovanni Battista
TheQuarterlyMusicalMagazineAndReview__1825-025.txt_419	This Edition has been revised, and Passages for the additional Keys arranged for Piano Fortes up to C, by Mr. Moscheles.	Mr. Moscheles	Q159551	person	given name	Q18177333	Ignaz
TheMusicalWorld__1843-029.txt_42	The exquisite drollery of Levassor and John Parry were highly relished.	John Parry	Q3399352	person	given name	Q4925477	John
TheMusicalTimes__1875-388.txt_2208	The reception of the work was most enthusiastic, Dr. Bridge receiving quite an ovation at the close of the Oratorio.	Dr. Bridge	Q5497415	person	given name	Q3273004	Frederick
TheHarmonicon__1832-012.txt_1878	The Societa Filodramatica is about to produce Bellini’s opera, I Montecchi e Capuleti.	Bellini	Q170209	person	given name	"Q610111;Q1043555;Q2268455;Q16741113"	"Salvatore; Carmelo; Francesco; Vincenzo"
TheQuarterlyMusicalMagazineAndReview__1828-037.txt_720	we are moved only by admiration of the talents of Madame Pasta or Mademoiselle Sontag, displayed in executing the innumerable flights, arpeggios, and cadenzas which are allotted to them.	Madame Pasta	Q240963	person	given name	Q18191101	Q18191101
TheQuarterlyMusicalMagazineAndReview__1828-037.txt_720	we are moved only by admiration of the talents of Madame Pasta or Mademoiselle Sontag, displayed in executing the innumerable flights, arpeggios, and cadenzas which are allotted to them.	Mademoiselle Sontag	Q64098	person	given name	Q19688844	Henriette
TheHarmonicon__1828-001.txt_1127	Ramsay was an acute observer of the character and manners of the Scottish peasantry, and has produced many pleasing and humorous sketches of the habits and sentiments peculiar to that race.	Ramsay	Q654775	person	given name	Q2616573	Allan
TheMusicalTimes__1873-366.txt_1370	To Mr. Willert Beale, the founder of these meetings, 8.	Mr. Willert Beale	Q7795125	person	given name	"Q16428906;Q35187233"	"Thomas; Willert"
DwightSJournalOfMusic__1873-016.txt_390	Franz Liszt played this piece once with such mighty power and passion, such eloquence and truth, as I never heard before, probably never shall hear again.	Franz Liszt	Q41309	person	given name	"Q4925932;Q18142236"	"Franz; Ferenc"
TheMusicalTimes__1876-397.txt_744	3- SEVEN VOCAL DUETS, by Bellini, S. Glover, Macfarren, Donizetti, & c..	Macfarren	Q1374708	person	given name	"Q923;Q15921732"	"Alexander; Q15921732"
TheMusicalTimes__1876-397.txt_2289	, Mr. Joseph Skeaf, the president, occupied the chair, Mr. William Laidlaw and Mr. T. Armstrong vicechairmen.	Mr. William Laidlaw	Q8014247	person	given name	Q12344159	William
TheQuarterlyMusicalMagazineAndReview__1825-025.txt_1896	In 1760 he sent him to Paris, and he there took lessons of Capron, and at the same time studied composition under Gossec.	Capron	Q120697	person	given name	Q7029481	Nicolas
TheQuarterlyMusicalMagazineAndReview__1825-025.txt_1896	In 1760 he sent him to Paris, and he there took lessons of Capron, and at the same time studied composition under Gossec.	Gossec	Q313667	person	given name	Q1166840	François
TheQuarterlyMusicalMagazineAndReview__1828-037.txt_1189	The church of Santa Maria Maggiore, the third in rank, had as chapel master the Maestro del Fante, who has now been dead some years.	Maestro del Fante	Q18416097	person	given name	Q7141520	Antonio
TheMusicalWorld__1843-038.txt_67	"The vocalists were the Misses C. Novello, Rainforth, and Mrs. Alfred Shaw; Messrs. Braham, Phillips, Bennett, Walton, and J. Isherwood."	C. Novello	Q4322567	person	given name	"Q781387;Q1114146"	"Anastasia; Clara"
TheMusicalWorld__1843-038.txt_67	"The vocalists were the Misses C. Novello, Rainforth, and Mrs. Alfred Shaw; Messrs. Braham, Phillips, Bennett, Walton, and J. Isherwood."	Braham	Q1699393	person	given name	Q4925477	John
TheQuarterlyMusicalMagazineAndReview__1825-025.txt_1684	Francoeur was born at Paris, in 1698, and is mentioned as having belonged.	Francoeur	Q1396905	person	given name	Q1166840	François
DwightSJournalOfMusic__1875-006.txt_919	Now let our readers take the finale of any opera by Mozart, of the Fidelio by Beethoven, and compare it side by side with the finale by Wagner.	Wagner	Q1511	person	given name	Q1249148	Richard
TheQuarterlyMusicalMagazineAndReview__1825-025.txt_1686	"Jean Pierre Guignon was born at Turin, in 1702; but as he came to France whilst very young, and established himself there, we shall consider him as a French violinist."	Jean Pierre Guignon	Q337573	person	given name	"Q1158906;Q6169840"	"Giovanni; Jean-Pierre"
TheHarmonicon__1833-005.txt_173	This, I understand, was the method pursued by _ M. Chelard, the. maestro at the German opera last season at the King’s Theatre.	M. Chelard	Q924686	person	given name	Q18009967	Hippolyte
TheQuarterlyMusicalMagazineAndReview__1826-029.txt_1733	De Begnis still occupies a place in the King’s Theatre.	De Begnis	Q3770409	person	given name	Q15720844	Giuseppe
TheMusicalTimes__1876-397.txt_1327	WE regret to have to announce the sudden death, from heart disease, of Dr. H. J. Gauntlett, on the a2ist ult.	Dr. H. J. Gauntlett	Q11925412	person	given name	"Q1158477;Q4925477"	"Henry; John"
TheHarmonicon__1833-005.txt_1071	"Duet, ‘The streams that wind amid the hills,’ the Poetry by G. Darley, Esq.; the Music composed by Fanny Steers."	G. Darley	Q1450149	person	given name	Q15921732	Q15921732
TheHarmonicon__1833-005.txt_1071	"Duet, ‘The streams that wind amid the hills,’ the Poetry by G. Darley, Esq.; the Music composed by Fanny Steers."	Fanny Steers	Q104234927	person	given name	Q1250282	Fanny
TheHarmonicon__1828-001.txt_1478	, Paer’s beautiful little duet, is better in its original form, than in that which is now given to it.	Paer	Q533022	person	given name	Q17523781	Ferdinando
TheHarmonicon__1832-012.txt_126	Lord Bacon, Addison, Dr. Brown, Dugald Stewart, and many others,. are often betrayed into unconscious absurdities respecting musical effects by their ignorance of the science.	Lord Bacon	Q37388	person	given name	Q1441346	Francis
TheHarmonicon__1832-012.txt_126	Lord Bacon, Addison, Dr. Brown, Dugald Stewart, and many others,. are often betrayed into unconscious absurdities respecting musical effects by their ignorance of the science.	Addison	Q206384	person	given name	"Q471788;Q17497882"	"Joseph; Jozef"
TheHarmonicon__1832-012.txt_126	Lord Bacon, Addison, Dr. Brown, Dugald Stewart, and many others,. are often betrayed into unconscious absurdities respecting musical effects by their ignorance of the science.	Dugald Stewart	Q218254	person	given name	Q21079758	Dugald
TheQuarterlyMusicalMagazineAndReview__1826-029.txt_1038	Sir W. Jones, in his Catalogue of Manuscripts, deposited in the library of the Royal Society, gives us the names of some treatises in the Hindustanee language, which of course have never been translated..	Sir W. Jones	Q273969	person	given name	Q12344159	William
TheQuarterlyMusicalMagazineAndReview__1825-025.txt_1806	He quitted Parma, and returned to Tartini, with whom he studied ull the year 1769.	Tartini	Q108555	person	given name	Q15720844	Giuseppe
TheMusicalTimes__1875-388.txt_2734	, Mrs. Mounsey Bartholomew, J. Barnby, H. Smart, G. A. Macfarren, Brinley Richard, H. S. Irons, Charles Salaman, Alberto Randegger, ].	Mrs. Mounsey Bartholomew	Q4766585	person	given name	Q558067	Ann
TheMusicalTimes__1875-388.txt_2734	, Mrs. Mounsey Bartholomew, J. Barnby, H. Smart, G. A. Macfarren, Brinley Richard, H. S. Irons, Charles Salaman, Alberto Randegger, ].	H. Smart	Q466189	person	given name	Q1158477	Henry
TheMusicalTimes__1875-388.txt_2734	, Mrs. Mounsey Bartholomew, J. Barnby, H. Smart, G. A. Macfarren, Brinley Richard, H. S. Irons, Charles Salaman, Alberto Randegger, ].	Brinley Richard	Q4850963	person	given name	Q1158477	Henry
TheMusicalTimes__1875-388.txt_2734	, Mrs. Mounsey Bartholomew, J. Barnby, H. Smart, G. A. Macfarren, Brinley Richard, H. S. Irons, Charles Salaman, Alberto Randegger, ].	Charles Salaman	Q2959519	person	given name	Q2958359	Charles
TheQuarterlyMusicalMagazineAndReview__1825-025.txt_2356	He was born in Naples, where he studied the rudiments of music under Alessandro Scarlatti and Nicolo Porpora.	Alessandro Scarlatti	Q183087	person	given name	Q17501723	Alessandro
TheQuarterlyMusicalMagazineAndReview__1825-025.txt_2356	He was born in Naples, where he studied the rudiments of music under Alessandro Scarlatti and Nicolo Porpora.	Nicolo Porpora	Q312788	person	given name	Q951924	Nicola
TheHarmonicon__1832-012.txt_323	Mr. Linley proposed stating on his. song, that my quartett had been composed first.	Mr. Linley	Q5541748	person	given name	Q15921732	Q15921732
TheQuarterlyMusicalMagazineAndReview__1825-025.txt_2112	Luigi Rossi, Arcangelo Corelli, t with other great Italian compesers and imitators of Lulli at Paris, returned to their country with clearer and more distinct ideas of harmony.	Luigi Rossi	Q472714	person	given name	Q4245067	Luigi
TheQuarterlyMusicalMagazineAndReview__1825-025.txt_2112	Luigi Rossi, Arcangelo Corelli, t with other great Italian compesers and imitators of Lulli at Paris, returned to their country with clearer and more distinct ideas of harmony.	Arcangelo Corelli	Q164475	person	given name	Q4520114	Arcangelo
TheQuarterlyMusicalMagazineAndReview__1825-025.txt_2112	Luigi Rossi, Arcangelo Corelli, t with other great Italian compesers and imitators of Lulli at Paris, returned to their country with clearer and more distinct ideas of harmony.	Lulli	Q1192	person	given name	Q1499767	Jean-Baptiste
TheMusicalTimes__1876-397.txt_581	A COLLECTION OF ORGAN PIECE, “COMPOSED BY CHARLES JOSEPH FROST.	CHARLES JOSEPH FROST	Q94766323	person	given name	Q2958359	Charles
TheHarmonicon__1824-016.txt_1821	A new opera has been produced here, entitled Temistocle, from the pen of Paccini.	Paccini	Q357022	person	given name	Q1158906	Giovanni
TheQuarterlyMusicalMagazineAndReview__1825-025.txt_1645	When given over by his physicians,: the Chevalier de Lorraine came to seehim.	Chevalier de Lorraine	Q916954	person	given name	Q15727189	Philippe
DwightSJournalOfMusic__1873-016.txt_305	His fugues are indeed ‘superior to those of Spohr, Schneider, Loewe	Schneider	Q213906	person	given name	Q14038597	Friedrich
DwightSJournalOfMusic__1873-016.txt_305	His fugues are indeed ‘superior to those of Spohr, Schneider, Loewe	Loewe	Q158899	person	given name	"Q2529610;Q11122389;Q16746939"	"Carl; Johann; Gottfried"
TheQuarterlyMusicalMagazineAndReview__1825-025.txt_2407	"Ferri, Matteucci, and Guadagni, were knighted; Farinelli was presented with the cross of Calatrava, in Spain, where, under his direction and management were revived, in theatrical spectacles, all the magnificence and good taste of ancient Athens."	Ferri	Q804749	person	given name	Q945725	Balthazar
TheQuarterlyMusicalMagazineAndReview__1825-025.txt_2407	"Ferri, Matteucci, and Guadagni, were knighted; Farinelli was presented with the cross of Calatrava, in Spain, where, under his direction and management were revived, in theatrical spectacles, all the magnificence and good taste of ancient Athens."	Guadagni	Q3094278	person	given name	Q4134361	Gaetano
TheQuarterlyMusicalMagazineAndReview__1825-025.txt_2407	"Ferri, Matteucci, and Guadagni, were knighted; Farinelli was presented with the cross of Calatrava, in Spain, where, under his direction and management were revived, in theatrical spectacles, all the magnificence and good taste of ancient Athens."	Farinelli	Q223744	person	given name	Q4205426	Carlo
TheQuarterlyMusicalMagazineAndReview__1828-037.txt_2164	The season began with Madame Caradori and Mademoiselle Brambilla as principals, Signors Curioni, Pellegrini, and Porto. - Mr. A. Sapio also _ appeared, but only it should seem as an occasional assistant.	Madame Caradori	Q16065895	person	given name	Q325872	Maria
TheQuarterlyMusicalMagazineAndReview__1828-037.txt_2164	The season began with Madame Caradori and Mademoiselle Brambilla as principals, Signors Curioni, Pellegrini, and Porto. - Mr. A. Sapio also _ appeared, but only it should seem as an occasional assistant.	Mademoiselle Brambilla	Q3847905	person	given name	"Q325872;Q503607;Q2793617;Q17578110"	"Maria; Rebecca; Teresa; Marietta"
TheQuarterlyMusicalMagazineAndReview__1828-037.txt_2164	The season began with Madame Caradori and Mademoiselle Brambilla as principals, Signors Curioni, Pellegrini, and Porto. - Mr. A. Sapio also _ appeared, but only it should seem as an occasional assistant.	Signors Curioni	Q87346693	person	given name	Q19001583	Alberico
TheMusicalWorld__1843-036.txt_362	Who ever dreamed of’ an opera season coming to a close without hearing Rubini?	Rubini	Q941040	person	given name	"Q1158906;Q3636773"	"Giovanni; Battista"
TheHarmonicon__1828-001.txt_28	18 Concerts at the Two Universities 18 On the Major and Minor Semitones, and on the Rev. Mr. Liston’s Organ.	Rev. Mr. Liston	Q5724966	person	given name	Q1158477	Henry
DwightSJournalOfMusic__1868-012.txt_1398	A pleasing ballad, with fine melody, sung by Adelaide Phillips.	Adelaide Phillips	Q4681758	person	given name	Q354633	Adelaide
TheMusicalTimes__1875-388.txt_1053	Varesi has materially strengthened her position since her début in “Rigoletto” especially as the heroine in	Varesi	Q102075928	person	given name	Q1209486	Elena
TheQuarterlyMusicalMagazineAndReview__1825-025.txt_1679	Michel Richard Lalande, who married the daughter of Rebel, was also a composer and violinist of some fame..	Michel Richard Lalande	Q312979	person	given name	Q113588842	Michel-Richard
TheMusicalTimes__1875-388.txt_1005	The vocalists thus honoured — Miss Edith Wynne, Madame Patey, Mr. Lloyd and Mr. Santley — have every reason to. congratulate themselves upon this.	Miss Edith Wynne	Q7422270	person	given name	Q18201513	Sarah
TheMusicalTimes__1875-388.txt_1005	The vocalists thus honoured — Miss Edith Wynne, Madame Patey, Mr. Lloyd and Mr. Santley — have every reason to. congratulate themselves upon this.	Madame Patey	Q6153509	person	given name	Q13553631	Janet
TheMusicalTimes__1875-388.txt_1005	The vocalists thus honoured — Miss Edith Wynne, Madame Patey, Mr. Lloyd and Mr. Santley — have every reason to. congratulate themselves upon this.	Mr. Lloyd	Q5344187	person	given name	Q278835	Edward
TheMusicalTimes__1875-388.txt_1005	The vocalists thus honoured — Miss Edith Wynne, Madame Patey, Mr. Lloyd and Mr. Santley — have every reason to. congratulate themselves upon this.	Mr. Santley	Q521746	person	given name	Q2958359	Charles
TheHarmonicon__1828-001.txt_39	39 Improvements in Music Printing, Account of Mr. Cowper’s Lecture on,.	Mr. Cowper	Q315537	person	given name	Q12344159	William
TheHarmonicon__1832-012.txt_1587	The lithographed portrait of Sir W. Scott, in the title - page, is the best part of it.	Sir W. Scott	Q79025	person	given name	Q499249	Walter
TheHarmonicon__1824-016.txt_129	In 1728, he ceded his privilege to M. Simard, who appointed M. Mouret the director of the music.	M. Mouret	Q960766	person	given name	Q16277329	Jean-Joseph
TheQuarterlyMusicalMagazineAndReview__1824-022.txt_2925	We beg to be understood that we do not allude to Dr. Clarke Whitfield, whose respectability forbids the possibility of any such imputation.	Dr. Clarke Whitfield	Q6226247	person	given name	Q4925477	John
TheQuarterlyMusicalMagazineAndReview__1824-022.txt_1280	Gehring Jean Guillaume became master of the Chapel of Rudolstadt, after the death.of Gebel.	Gebel	Q472371	person	given name	Q1985538	Georg
TheMusicalTimes__1876-402.txt_1698	On the eve of going to press we have received intelligence of the death of Mr. T. M. Mudie, one of the pupils originally elected on the foundation of the Royal Academy of Music.	Mr. T. M. Mudie	Q18577092	person	given name	Q16428906	Thomas
TheMusicalWorld__1843-036.txt_785	performed at Her Majestvy’s Theatre, dedicated, by special permission, to Her Royal Highness the Duchess of Cambridge.	Her Royal Highness	Q61328	person	given name	"Q264002;Q385468;Q734578;Q1370330;Q2302787;Q3215140;Q16275172"	"Charlotte; Elizabeth; Mary; Augusta; Sophia; Louise; Q16275172"
TheMusicalTimes__1875-388.txt_2737	Baptiste Calkin, Boyton Smith, E. H. Thorne, W. G. Cusins, E. M. Delaborde, E. Silas, John Hullah, E. H. Turpin, Franz Nava, F. E. Gladstone, C. W. Lavington, J. E. Richardson, R. Forsey Brion, and J. Tilleard.	Baptiste Calkin	Q1449465	person	given name	Q63434624	John Baptiste
TheMusicalTimes__1875-388.txt_2737	Baptiste Calkin, Boyton Smith, E. H. Thorne, W. G. Cusins, E. M. Delaborde, E. Silas, John Hullah, E. H. Turpin, Franz Nava, F. E. Gladstone, C. W. Lavington, J. E. Richardson, R. Forsey Brion, and J. Tilleard.	Boyton Smith	Q110136517	person	given name		
TheMusicalTimes__1875-388.txt_2737	Baptiste Calkin, Boyton Smith, E. H. Thorne, W. G. Cusins, E. M. Delaborde, E. Silas, John Hullah, E. H. Turpin, Franz Nava, F. E. Gladstone, C. W. Lavington, J. E. Richardson, R. Forsey Brion, and J. Tilleard.	E. H. Thorne	Q5345615	person	given name	Q278835	Edward
TheMusicalTimes__1875-388.txt_2737	Baptiste Calkin, Boyton Smith, E. H. Thorne, W. G. Cusins, E. M. Delaborde, E. Silas, John Hullah, E. H. Turpin, Franz Nava, F. E. Gladstone, C. W. Lavington, J. E. Richardson, R. Forsey Brion, and J. Tilleard.	W. G. Cusins	Q4208355	person	given name	Q12344159	William
TheMusicalTimes__1875-388.txt_2737	Baptiste Calkin, Boyton Smith, E. H. Thorne, W. G. Cusins, E. M. Delaborde, E. Silas, John Hullah, E. H. Turpin, Franz Nava, F. E. Gladstone, C. W. Lavington, J. E. Richardson, R. Forsey Brion, and J. Tilleard.	John Hullah	Q6253603	person	given name	"Q4925477;Q84055579"	"John; Pyke"
TheMusicalTimes__1875-388.txt_2737	Baptiste Calkin, Boyton Smith, E. H. Thorne, W. G. Cusins, E. M. Delaborde, E. Silas, John Hullah, E. H. Turpin, Franz Nava, F. E. Gladstone, C. W. Lavington, J. E. Richardson, R. Forsey Brion, and J. Tilleard.	F. E. Gladstone	Q5480836	person	given name	"Q278835;Q1441346"	"Edward; Francis"
TheQuarterlyMusicalMagazineAndReview__1828-037.txt_1669	Crescentini alone has adopted the method of the conservatory of Peris.	Crescentini	Q552124	person	given name	Q1527012	Girolamo
DwightSJournalOfMusic__1868-012.txt_711	He was accompanied by the, French Ambassador, Prince de la Tour d’Auvergne, the Dake of Manchester, Mr. Mure, and other friends.	Prince de la Tour d’Auvergne	Q3132295	person	given name	Q1605665	Henri
DwightSJournalOfMusic__1868-012.txt_711	He was accompanied by the, French Ambassador, Prince de la Tour d’Auvergne, the Dake of Manchester, Mr. Mure, and other friends.	Dake of Manchester	Q860041	person	given name	Q12344159	William
TheHarmonicon__1828-001.txt_1556	The chairman was supported by Messrs. Clementi, J. B. Cramer, Braham and Moscheles.	Messrs. Clementi	Q193673	person	given name	Q1956223	Muzio
TheHarmonicon__1828-001.txt_1556	The chairman was supported by Messrs. Clementi, J. B. Cramer, Braham and Moscheles.	J. B. Cramer	Q455212	person	given name	Q11122389	Johann
TheHarmonicon__1833-005.txt_1729	The principal new productions, besides Der Templer und die Jiidin, which particularly delighted the Jews, have been Die Fremde (La Straniera), of Bellini, Der Vampyr, of Marschner, and Zampa, of Herold.	Marschner	Q160063	person	given name	Q2018484	Heinrich
TheHarmonicon__1833-005.txt_1729	The principal new productions, besides Der Templer und die Jiidin, which particularly delighted the Jews, have been Die Fremde (La Straniera), of Bellini, Der Vampyr, of Marschner, and Zampa, of Herold.	Herold	Q362639	person	given name	"Q471788;Q2897866;Q3276175"	"Joseph; Louis; Ferdinand"
TheQuarterlyMusicalMagazineAndReview__1828-037.txt_3478	Mr. De Beriot’s concerto had all his beautiful perfection — so smooth, so sweet, 80 brilliant, and in such exquisite taste.	Mr. De Beriot	Q385217	person	given name	Q56165196	Charles-Auguste
TheMusicalWorld__1843-029.txt_47	part with his never - failing ability, and M. Tolbeeque led the band.	M. Tolbeeque	Q2871419	person	given name	Q18010311	Auguste
TheHarmonicon__1832-012.txt_421	In the reign of Edward I., it again rose to eminence.	Edward I.	Q57798	person	given name	Q278835	Edward
TheQuarterlyMusicalMagazineAndReview__1825-025.txt_1526	Mestrino published twelve concertos for his instrument, which contain extremely beautiful solos..	Mestrino	Q1984708	person	given name	Q951924	Nicola
TheMusicalTimes__1875-388.txt_1017	I can not thank you sufficiently for this splendid testimonial which you and other friends have just presented to me under this hospitable roof by the hands of Lord Dudley.	Lord Dudley	Q8019995	person	given name	Q12344159	William
TheQuarterlyMusicalMagazineAndReview__1825-025.txt_1927	Cupis, the rival of Leclair, was considered as a very superior chamber violinist.	Cupis	Q1684628	person	given name	Q1499767	Jean-Baptiste
TheQuarterlyMusicalMagazineAndReview__1825-025.txt_1927	Cupis, the rival of Leclair, was considered as a very superior chamber violinist.	Leclair	Q348875	person	given name	Q3167523	Jean-Marie
DwightSJournalOfMusic__1875-006.txt_394	Anton Stradler, the clarinettist, for whom Mozart wrote his admirable quintet, was not ashamed to take unfair advantage of that generosity.	Anton Stradler	Q78623	person	given name	Q5401576	Anton
TheQuarterlyMusicalMagazineAndReview__1825-025.txt_4028	Dr. Harington was greatly overcome by the scene, and could only exclaim, ‘She is an angel,’ as he left the room.	Dr. Harington	Q18671401	person	given name	Q1158477	Henry
DwightSJournalOfMusic__1873-016.txt_1257	A committee of London gentlemen have issued a proposal for the representation of a series of ancient “Italian operas, to be given under the direction of “Signer -Monari	Signer -Monari	Q3680460	person	given name	Q18201490	Clemente
TheQuarterlyMusicalMagazineAndReview__1824-022.txt_1273	Gebauer Francois Réné was born at Veisailles, i in 1775.	Gebauer Francois Réné	Q96558	person	given name	"Q1166840;Q2624417"	"François; René"
TheQuarterlyMusicalMagazineAndReview__1825-025.txt_166	Three Grand Sonatas for the Piano F orte, composed by Charles Ambrose eoeesereeeceens ee 104 XVI.	Charles Ambrose	Q5075106	person	given name	Q2958359	Charles
TheMusicalTimes__1876-397.txt_1345	"the Duke of Edinburgh publicly announced that there was no intention, in founding this Institution, of interfering with the operations of the Royal Academy of Music; and that many other speakers, including Sir Julius Benedict, expressed their intention of supporting the new school as an ally, and not as a rival, of the older one."	Duke of Edinburgh	Q158143	person	given name	"Q577011;Q595105;Q3480335"	"Q577011; Ernest; Alfred"
TheMusicalTimes__1876-397.txt_1345	"the Duke of Edinburgh publicly announced that there was no intention, in founding this Institution, of interfering with the operations of the Royal Academy of Music; and that many other speakers, including Sir Julius Benedict, expressed their intention of supporting the new school as an ally, and not as a rival, of the older one."	Sir Julius Benedict	Q510435	person	given name	Q1102114	Julius
TheMusicalWorld__1843-038.txt_641	The programme will contain a new piano - forte and violoncello sonata by Mendelssohn, to be performed by Bennett and Lucas.	Lucas	Q5080372	person	given name	Q2958359	Charles
TheMusicalTimes__1876-402.txt_1207	Sir J. Goss, Mus. D., Cantab., C. Steggall, Mus. D., Cantab., and the Principal.	Sir J. Goss	Q345870	person	given name	Q4925477	John
TheMusicalTimes__1876-402.txt_1207	Sir J. Goss, Mus. D., Cantab., C. Steggall, Mus. D., Cantab., and the Principal.	C. Steggall	Q5082654	person	given name	Q2958359	Charles
DwightSJournalOfMusic__1873-016.txt_1105	who would insist upon the mountain's coming to Mahomet.	Mahomet	Q9458	person	given name	Q5837762	Muhammad
TheMusicalTimes__1875-388.txt_1126	’s performance of the first Allegro and Andante of Rubinstein’s Violin Concerto in G, at the third concert, was in every respect admirable.	Rubinstein	Q87567	person	given name	Q35663473	Anton
TheHarmonicon__1824-016.txt_1884	Wis Royal Highness the Duke of Cumberland, Thursday, March 4th, 1824.	Duke of Cumberland	Q162302	person	given name	"Q370731;Q595105"	"August; Ernest"
TheHarmonicon__1824-016.txt_2237	"Under the direction of His Grace the Archbishop of York, Wednesday, March 24th; 1824."	Archbishop of	Q3048710	person	given name	Q278835	Edward
TheMusicalTimes__1876-397.txt_2284	Mr. H. W. George presided at the harmonium, and Mr. J. Lunn conducted.	Mr. J. Lunn	Q16198956	person	given name	Q4925477	John
TheMusicalWorld__1843-029.txt_43	The concert began with Auber’s pretty and sparkling overture to Les Diamans de la Cou-.	Auber	Q157672	person	given name	Q14516546	Daniel
DwightSJournalOfMusic__1873-016.txt_615	The conversation turned upon Gnecco’s comic duet, which Malibran sang so frequently and charmingly with Lablache.	Gnecco	Q1121021	person	given name	Q2268455	Francesco
DwightSJournalOfMusic__1873-016.txt_615	The conversation turned upon Gnecco’s comic duet, which Malibran sang so frequently and charmingly with Lablache.	Malibran	Q232783	person	given name	"Q18012404;Q18088640"	"Felicitas; María"
DwightSJournalOfMusic__1873-016.txt_615	The conversation turned upon Gnecco’s comic duet, which Malibran sang so frequently and charmingly with Lablache.	Lablache	Q477681	person	given name	Q4245067	Luigi
TheMusicalTimes__1876-397.txt_3380	National Hymn, (with chorus), to celebrate the return of the Prince of Wales.	Prince of Wales	Q20875	person	given name	"Q278835;Q577011"	"Edward; Q577011"
TheMusicalTimes__1873-366.txt_350	This pointing of the Canticles is authorised by His Grace the Archbishop of York.	His Grace the Archbishop	Q377308	person	given name	Q12344159	William
TheQuarterlyMusicalMagazineAndReview__1828-037.txt_1586	We also heard a superb Magnificat i in A minor by L. Leo, which seemed to us worthy of the composer..	L. Leo	Q316735	person	given name	Q18220847	Leonardo
TheHarmonicon__1833-005.txt_1620	This was never heard of after the retreat of Mr. Waters to Calais.	Mr. Waters	Q16859200	person	given name	Q4925477	John
TheMusicalTimes__1876-402.txt_423	For terms, apply to Mr. E. J. Bilton, Trinity College, Cambridge.	Mr. E. J. Bilton	Q110966934	person	given name	Q401836	Edmund
TheQuarterlyMusicalMagazineAndReview__1825-025.txt_54	[ i Crociato, 373 Mayseder’s Compositions, 360, 310 Mazurka, 236 Melographicon, 409 Mengozzi, 345 Mestrino, 40.	Mayseder	Q672225	person	given name	Q471788	Joseph
TheQuarterlyMusicalMagazineAndReview__1824-022.txt_1793	Fabio Constantini flourished about the year 1630, and ultimately became maestro at the chapel of Loretto.	Fabio Constantini	Q3737659	person	given name	Q1766887	Fabio
TheQuarterlyMusicalMagazineAndReview__1824-022.txt_3016	Book 8 opens witha composition in four parts, by Mr. Novello, of which the combined elegance and learning	Mr. Novello	Q2526705	person	given name	Q4928254	Vincent
TheMusicalWorld__1843-029.txt_472	M. Le- vassor will, moreover, sing two of his most popular chansonettes.	M. Le- vassor	Q3385954	person	given name	Q2093070	Pierre
TheQuarterlyMusicalMagazineAndReview__1825-025.txt_3429	"The Banks of Allan Water, arranged with an Introduction and Coda for the Piano Forte; by Cipriani Potter."	Cipriani Potter	Q1092737	person	given name	"Q827311;Q51078576"	"Philip; Cipriani"
TheMusicalTimes__1876-397.txt_1352	Mr. W. H.- Cummings, a most zealous musical antiquarian, as	W. H.- Cummings	Q3827349	person	given name	"Q12344159;Q29652244"	"William; Hayman"
TheQuarterlyMusicalMagazineAndReview__1828-037.txt_313	Three Easy Duets for Two Violoncellos, by F. W. Crouch -.... 254 XV.	F. W. Crouch	Q5497599	person	given name	Q3273004	Frederick
TheMusicalTimes__1875-388.txt_2219	Ebdon’s Magnificat and Nunc dimittis in C were admirably sung.	Ebdon	Q3525084	person	given name	Q16428906	Thomas
TheQuarterlyMusicalMagazineAndReview__1824-022.txt_1349	In 1763 he composed a grand cantata for the chapel of Sonderhausen, which was performed at a féte on the birth - day of the Prince of Swartzburg.	Prince of Swartzburg	Q832878	person	given name	"Q3294006;Q14775914"	"Günther; Gunther"
TheQuarterlyMusicalMagazineAndReview__1825-025.txt_1463	"He afterwards received further instructions from Saratelli, the predecessor of Galuppi;, as Chapel Master of St. Mark at Venice."	Saratelli	Q1522112	person	given name	Q18020485	Giacomo
TheQuarterlyMusicalMagazineAndReview__1825-025.txt_1463	"He afterwards received further instructions from Saratelli, the predecessor of Galuppi;, as Chapel Master of St. Mark at Venice."	Galuppi	Q208338	person	given name	Q19967483	Baldassare
TheMusicalTimes__1876-397.txt_1383	Mr. Manns deserves much credit for the introduction of this interesting composition.	Mr. Manns	Q4820769	person	given name	"Q370731;Q14038597"	"August; Friedrich"
TheQuarterlyMusicalMagazineAndReview__1826-029.txt_1158	These extracts are from Sir John Malcolm’ s Memoir of Central India.	Sir John Malcolm	Q1700959	person	given name	Q4925477	John
TheMusicalWorld__1843-038.txt_822	Composed and Dedicated to MISS DOLBY, BY FELIX MENDELLSOAN BARTHOLDY.	MISS DOLBY	Q4164386	person	given name	Q264002	Charlotte
TheQuarterlyMusicalMagazineAndReview__1828-037.txt_2288	Subsequently, in consequence of Miss Paton’s illness, Madame Caradori Allan, Mademoiselle Brambilla, and Signor de Begnis.	Miss Paton	Q16888398	person	given name	"Q558067;Q734578"	"Ann; Mary"
TheQuarterlyMusicalMagazineAndReview__1828-037.txt_2288	Subsequently, in consequence of Miss Paton’s illness, Madame Caradori Allan, Mademoiselle Brambilla, and Signor de Begnis.	Mademoiselle Brambilla	Q3984276	person	given name	Q2793617	Teresa
TheHarmonicon__1824-016.txt_1690	_ Salieri, the composer, is so seriously indisposed, that great doubts are entertained of his recovery.	Salieri	Q51088	person	given name	Q7141520	Antonio
TheHarmonicon__1832-012.txt_44	kins remarks, with more liberality, that Tudway was studious in his profession, and left behind him, in a letter to his son, an account of the music and musicians of his time, containing ‘many very curious particulars, and some facts which, but for him, must have been buried in oblivion.	Tudway	Q16704153	person	given name	Q16428906	Thomas
TheQuarterlyMusicalMagazineAndReview__1825-025.txt_567	The Sun on the Lake shines serene, composed by John Davy' 3.	John Davy	Q11928224	person	given name	Q4925477	John
TheMusicalWorld__1843-038.txt_29	Braham gives an impressive example to all young aspirants after fame in his conduct in the orchestra.	Braham	Q5231664	person	given name	Q18057751	David
TheQuarterlyMusicalMagazineAndReview__1826-029.txt_3485	"The Rose and the Lil ly; Trio, by Sir Fohn Stevenson, Mus."	Sir Fohn Stevenson	Q4442571	person	given name	Q4925477	John
DwightSJournalOfMusic__1875-006.txt_414	"re;plied the old man, overwhelmed with confusion ‘ey the presence of the Chapeltaster of his Majesty the Emperor,"	his Majesty the Emperor	Q76555	person	given name	Q471788	Joseph
TheQuarterlyMusicalMagazineAndReview__1824-022.txt_1267	Eichner died at the beginning a of the year 1777.	Eichner	Q473837	person	given name	Q292691	Ernst
TheHarmonicon__1833-005.txt_38	His - next drama was Angelica, of which the plot is taken from Ariosto.	Ariosto	Q48900	person	given name	Q6698984	Ludovico
TheHarmonicon__1824-016.txt_1731	Mehul's opera of Joseph and his Brethren, was lately given here, an opera that has now kept its place on the stage above fifteen years.	Mehul	Q364020	person	given name	"Q7029481;Q15727982"	"Nicolas; Étienne"
TheQuarterlyMusicalMagazineAndReview__1828-037.txt_3647	and an extra sum of (we believe) ten guineas for the aid of Mr. Pixis, her accompanist.	Mr. Pixis	Q571716	person	given name	Q63170162	Johann Peter
TheQuarterlyMusicalMagazineAndReview__1828-037.txt_353	"Songs from Fairy Land; the Poetry by Thomas Haynes CONTENTS No. XXXIX."	Thomas Haynes	Q7790528	person	given name	"Q16428906;Q62089829"	"Thomas; Haynes"
DwightSJournalOfMusic__1873-016.txt_1056	Clara Schumann seems to have died of age, and not of sickness.	Clara Schumann	Q132232	person	given name	"Q666954;Q1114146"	"Josephine; Clara"
TheHarmonicon__1828-001.txt_1179	"The work is also graced with several of the elegant songs of Thomas Campbell, and Lord Byron; and it contains the best songs of the olden time, and of Ramsay, Hamilton; Thomson, Smollett, Skinner, Macneill, Hogg, Cunningham, and many others."	Thomas Campbell	Q1361189	person	given name	Q16428906	Thomas
TheHarmonicon__1828-001.txt_1179	"The work is also graced with several of the elegant songs of Thomas Campbell, and Lord Byron; and it contains the best songs of the olden time, and of Ramsay, Hamilton; Thomson, Smollett, Skinner, Macneill, Hogg, Cunningham, and many others."	Lord Byron	Q5679	person	given name	"Q15921732;Q18402571"	"Q15921732; Gordon"
TheHarmonicon__1828-001.txt_1179	"The work is also graced with several of the elegant songs of Thomas Campbell, and Lord Byron; and it contains the best songs of the olden time, and of Ramsay, Hamilton; Thomson, Smollett, Skinner, Macneill, Hogg, Cunningham, and many others."	Hamilton	Q18671568	person	given name	Q677191	James
TheHarmonicon__1828-001.txt_1179	"The work is also graced with several of the elegant songs of Thomas Campbell, and Lord Byron; and it contains the best songs of the olden time, and of Ramsay, Hamilton; Thomson, Smollett, Skinner, Macneill, Hogg, Cunningham, and many others."	Thomson	Q5545192	person	given name	Q15921732	Q15921732
TheHarmonicon__1828-001.txt_1179	"The work is also graced with several of the elegant songs of Thomas Campbell, and Lord Byron; and it contains the best songs of the olden time, and of Ramsay, Hamilton; Thomson, Smollett, Skinner, Macneill, Hogg, Cunningham, and many others."	Smollett	Q356283	person	given name	"Q4928115;Q15921732"	"Tobias; Q15921732"
TheHarmonicon__1828-001.txt_1179	"The work is also graced with several of the elegant songs of Thomas Campbell, and Lord Byron; and it contains the best songs of the olden time, and of Ramsay, Hamilton; Thomson, Smollett, Skinner, Macneill, Hogg, Cunningham, and many others."	Macneill	Q5696799	person	given name	Q1811874	Hector
TheHarmonicon__1828-001.txt_1179	"The work is also graced with several of the elegant songs of Thomas Campbell, and Lord Byron; and it contains the best songs of the olden time, and of Ramsay, Hamilton; Thomson, Smollett, Skinner, Macneill, Hogg, Cunningham, and many others."	Hogg	Q941810	person	given name	Q677191	James
TheQuarterlyMusicalMagazineAndReview__1825-025.txt_22	"Ebers takes the King’s Theatre, 187; Letters to Garcia, 191 Emdin’s Duet, 258: English and Italian Tone,"	Ebers	Q6231101	person	given name	Q4925477	John
TheQuarterlyMusicalMagazineAndReview__1825-025.txt_1910	M. Barriere has published four sets of quartets, and several Symphonies, concertos, trios, and duets.	M. Barriere	Q726908	person	given name	Q1499767	Jean-Baptiste
DwightSJournalOfMusic__1873-016.txt_1073	Schumann came from the gymnasium to Leipzig in 1828, to study Jurisprudence	Schumann	Q7351	person	given name	Q4927937	Robert
TheQuarterlyMusicalMagazineAndReview__1828-037.txt_655	it was accompanied ‘on the oboe (obligato) by N Mr. Parke..	Mr. Parke	Q18757223	person	given name	"Q12344159;Q16428906"	"William; Thomas"
TheHarmonicon__1824-016.txt_127	Philidor afterwards obtained permission to give this Concert Spirituel in the palace of the Tuileries, in the private theatre of which it continued to take place annually for many years.	Philidor	Q362339	person	given name	Q6298851	André
TheMusicalWorld__1843-029.txt_175	La Prisonniere, another comic opera in one act, of which Boieldieu had written the greater part, had a better fate: this work was plaved at the Theatre Montausier, on the 12th of September of the same year.	Boieldieu	Q109875	person	given name	"Q1166840;Q18145211"	"François; Adrien"
TheMusicalWorld__1843-029.txt_477	Mr. Joseph Calkin made his debut in public very successfully, and sang a poor song by Mercadante with much energy and. taste.	Mercadante	Q313980	person	given name	Q15720844	Giuseppe
TheHarmonicon__1824-016.txt_232	Extract of a Letter from M. Siismayer, Kapelmeister at Vienna, to Messrs. Breitkopf and Haertel, dated Sept. 8, 1800..	M. Siismayer	Q310518	person	given name	"Q4925932;Q18145823"	"Franz; Xaver"
TheHarmonicon__1824-016.txt_232	Extract of a Letter from M. Siismayer, Kapelmeister at Vienna, to Messrs. Breitkopf and Haertel, dated Sept. 8, 1800..	Breitkopf	Q55902416	person	given name	Q221978	Bernhard
TheHarmonicon__1824-016.txt_232	Extract of a Letter from M. Siismayer, Kapelmeister at Vienna, to Messrs. Breitkopf and Haertel, dated Sept. 8, 1800..	Haertel	Q1419801	person	given name	Q16746939	Gottfried
TheQuarterlyMusicalMagazineAndReview__1826-029.txt_776	We may now quit I Purcell and come » down toa period a little later.	Purcell	Q9695	person	given name	Q1158477	Henry
TheQuarterlyMusicalMagazineAndReview__1828-037.txt_1532	In the soirees of the Princess Belmonte Spinelli, which take place.	Princess Belmonte Spinelli	Q23010905	person	given name	Q942786	Chiara
TheMusicalTimes__1875-388.txt_1115	Mr. Sims Reeves made a genuine hit in Arthur Sullivan’s song,	Mr. Sims Reeves	Q7521239	person	given name	Q4925477	John
TheMusicalWorld__1844-006.txt_980	"Mr. Sams, St. James's Street; and at M. Jullien’s office, 3, Maddox Street, Bond Street."	M. Jullien	Q660539	person	given name	"Q2897866;Q15235674"	"Louis; Antoine"
TheHarmonicon__1828-001.txt_1782	We have had a French opera, at the head of which was M. ‘Nourrit, first tenor of the Academie Royale de Musique.	M. ‘ Nourrit	Q634623	person	given name	Q365625	Adolphe
TheHarmonicon__1833-005.txt_383	In short, we may say, that to hear such an opera as La Gazza Ladra performed by such singers as Rubini, Tamburini, Lablache, Graziani, Malibran, and Mariano, is the perfection of dramatic music.	Tamburini	Q605376	person	given name	Q7141520	Antonio
TheHarmonicon__1828-001.txt_1069	adapted to the Airs, including upwards of ONE Hunprep Sones dy Burns.	Burns	Q81960	person	given name	Q4927937	Robert
TheQuarterlyMusicalMagazineAndReview__1824-022.txt_1252	At some concerts, at the Feydeau, i in 1794, he executed some concerted symphonies of Devienne’s Sy with M. Huguot, Frederic and Charles Duvernoy.	Charles Duvernoy	Q1064184	person	given name	Q941049	Jacques
TheMusicalTimes__1876-397.txt_2165	The programme included some favourite songs, and Balfe’s duet	Balfe	Q434171	person	given name	"Q4927524;Q12344159"	"Michael; William"
TheMusicalWorld__1844-006.txt_843	I composed these variations to a Theme which had already been varied by Paganini, I had no intention of publishing them.	Paganini	Q66075	person	given name	Q1984713	Niccolò
TheMusicalTimes__1876-402.txt_1235	H. R. Eyers, Walter Fitton, S. Kemp, Arthur O’ Leary, Harold Thomas, Brinley Richards, Frederick Westlake, T. Wingham, and the Principal.	Arthur O’ Leary	Q17984779	person	given name	Q1778168	Q1778168
TheMusicalTimes__1876-402.txt_1235	H. R. Eyers, Walter Fitton, S. Kemp, Arthur O’ Leary, Harold Thomas, Brinley Richards, Frederick Westlake, T. Wingham, and the Principal.	Frederick Westlake	Q18546502	person	given name	Q3273004	Frederick
TheMusicalTimes__1873-366.txt_1044	In one of her most eloquent passages, Charlotte Bronté said: —	Charlotte Bronté	Q127332	person	given name	Q264002	Charlotte
DwightSJournalOfMusic__1873-016.txt_1086	Schumann was giving concerts there in Dresden with Joachim, the great. violinist.	Joachim	Q159976	person	given name	Q17498051	József
TheHarmonicon__1828-001.txt_969	It is copied from the original, in the hand - writing of the composer, and which, if we are rightly informed, is now - in the possession- of M. Schlesinger, the wellknown music - seller, at Paris.	M. Schlesinger	Q70457	person	given name	Q1472321	Maurice
TheQuarterlyMusicalMagazineAndReview__1825-025.txt_1509	This is the most important of Cimador’s Ss arrarigements.	Cimador	Q3762403	person	given name	Q18341958	Giambattista
TheQuarterlyMusicalMagazineAndReview__1825-025.txt_1934	Antoine Barthelemi Bruni was born at Coni, in Piedmont, in 1752, and was a very distinguished violinist.	Antoine Barthelemi Bruni	Q599823	person	given name	Q7141520	Antonio
TheMusicalWorld__1844-006.txt_54	— though it was excellently well performed by Phillips, Hill, and Severn.	Phillips	Q18671452	person	given name	Q1158477	Henry
TheQuarterlyMusicalMagazineAndReview__1824-022.txt_1561	Perluigi da Palestrina was born in the year 1529, at Palestrina, the Preeneste of the antients: he is stated by.	Perluigi da Palestrina	Q179277	person	given name	Q1158906	Giovanni
TheMusicalTimes__1876-397.txt_2270	The musical arrangements were under the direction of the organist and choirmaster of the parish church, Mr. J. V, Roberts, Mus, Bac.	Mr. J. V , Roberts	Q56183619	person	given name	Q4925477	John
TheQuarterlyMusicalMagazineAndReview__1824-022.txt_2537	* Sento oh Dio” — Madame Ronzi de Begnis, Miss Stephens, Signor Garcia, Signor de Begnis, and Mr. oo Phillips	Madame Ronzi de Begnis	Q3266332	person	given name	Q673677	Giuseppina
TheHarmonicon__1828-001.txt_195	- Dittersdorf’s music to the Doctor and Apothecary, a drama translated and prepared for the stage by Mr. Cobb.	Dittersdorf	Q78522	person	given name	Q2529610	Carl
TheHarmonicon__1828-001.txt_195	- Dittersdorf’s music to the Doctor and Apothecary, a drama translated and prepared for the stage by Mr. Cobb.	Mr. Cobb	Q6131504	person	given name	Q677191	James
TheHarmonicon__1828-001.txt_186	In March 1787, Storace, with his sister, returned to England.	Storace	Q2369747	person	given name	Q4927100	Stephen
TheMusicalTimes__1875-388.txt_2146	-The programme comprised selections from the works of Bach, Haydn, Mendelssohn, Bennett, Guilmant, Martini, & c., all of which were excellently	Guilmant	Q350359	person	given name	Q16002466	Alexandre
TheQuarterlyMusicalMagazineAndReview__1828-037.txt_1714	Louis Capotorti — who passes for a harmonist of Durante’ Ss.	Louis Capotorti	Q17992489	person	given name	Q4245067	Luigi
TheQuarterlyMusicalMagazineAndReview__1828-037.txt_1714	Louis Capotorti — who passes for a harmonist of Durante’ Ss.	Durante	Q314221	person	given name	Q2268455	Francesco
TheQuarterlyMusicalMagazineAndReview__1826-029.txt_2202	Mr. Hummel’s rondo is a spirited piece, completely in the German style of composition.	Mr. Hummel	Q151953	person	given name	"Q262776;Q11122389"	"Nepomuk; Johann"
TheQuarterlyMusicalMagazineAndReview__1828-037.txt_1638	Furno, who fills this post, is equally active and skilful.	Furno	Q555808	person	given name	Q1158906	Giovanni
TheMusicalTimes__1876-397.txt_1014	On this point, we learn a curious fact from Dr. Chrysander.	Dr. Chrysander	Q65274	person	given name	Q14038597	Friedrich
TheMusicalTimes__1876-402.txt_1109	Out of the 626 works given in Kéchel’s Catalogue, about 540 will be included in this edition, the remainder being either lost, not quite com - plete, or of doubtful authenticity.	Kéchel	Q78529	person	given name	Q14159020	Ludwig
TheMusicalWorld__1843-029.txt_350	"Miss Groom, Miss Flower, and Miss Cubitt; Mr. White, Mr. Giubilei, and Mr. John Parry."	Mr. John Parry	Q6251987	person	given name	Q4925477	John
TheQuarterlyMusicalMagazineAndReview__1826-029.txt_514	"Song, composed by Signor de Beguis; the words by Eugenius Roche Esq."	Eugenius Roche	Q17015704	person	given name	Q21142253	Eugenius
TheMusicalTimes__1876-402.txt_2241	"The programme consisted of Mozart's String Quintett in C major; Haydn's Variations on the Austrian Hymn; Regondi’s us."	Regondi	Q981612	person	given name	Q17596118	Giulio
TheMusicalTimes__1876-402.txt_1158	The concert was conducted by Mr. Walter Macfarren with his usual judgment and precision.	Mr. Walter Macfarren	Q18954633	person	given name	Q499249	Walter
TheQuarterlyMusicalMagazineAndReview__1825-025.txt_2008	It is written in Italian, by Stefano Arteaga, a Spaniard and an ex - Jesuit.	Stefano Arteaga	Q3972360	person	given name	Q650375	Stefano
TheMusicalWorld__1843-036.txt_571	M. Danjou, organist of Notre Dame, at Paris, has recently discovered in the church of Soliez Ville, in the department of the Var, an organ built so far back as the year 1450.	M. Danjou	Q444728	person	given name	Q16868070	Félix
TheQuarterlyMusicalMagazineAndReview__1824-022.txt_1755	Since that period, Dr. Burney obtained two copies of it while in Italy — one from the Padre Martini, who possessed one himself, and the other from Signor Santar elli.	Signor Santar elli	Q5565524	person	given name	Q15720844	Giuseppe
TheMusicalTimes__1873-366.txt_1780	He was for many years the usical eptor of the family of the late King Louis ippe, of France.	King Louis ippe	Q7771	person	given name	Q18180914	Louis-Philippe
TheQuarterlyMusicalMagazineAndReview__1825-025.txt_528	Books 1 and 2 of Cottage Divertimentos for the Piano Forte, by P. A. Corri 3.	P. A. Corri	Q7183128	person	given name	"Q1778168;Q18064323"	"Q1778168; Antony"
TheQuarterlyMusicalMagazineAndReview__1824-022.txt_1251	Delcambre Thomas, pupil of M. Ozi, professor of the bassoon ce2	Delcambre Thomas	Q55836534	person	given name	Q16428906	Thomas
TheQuarterlyMusicalMagazineAndReview__1824-022.txt_1251	Delcambre Thomas, pupil of M. Ozi, professor of the bassoon ce2	M.	Q289996	person	given name	Q15727982	Étienne
TheQuarterlyMusicalMagazineAndReview__1825-025.txt_2117	Immediately in their footsteps appeared those great harmonists Gaetano Greco, Albinoni Caldara,	Gaetano Greco	Q1339827	person	given name	Q4134361	Gaetano
TheQuarterlyMusicalMagazineAndReview__1825-025.txt_2117	Immediately in their footsteps appeared those great harmonists Gaetano Greco, Albinoni Caldara,	Albinoni	Q174606	person	given name	Q18002868	Tomaso
TheQuarterlyMusicalMagazineAndReview__1825-025.txt_2117	Immediately in their footsteps appeared those great harmonists Gaetano Greco, Albinoni Caldara,	Caldara	Q311571	person	given name	Q7141520	Antonio
TheMusicalTimes__1876-402.txt_1680	The honour of a musical doctorate has been but seldom granted by the University of Durham, one of the last to receive this distinction having been the late lamented Dr. Dykes.	Dr. Dykes	Q3269824	person	given name	Q4925477	John
TheQuarterlyMusicalMagazineAndReview__1826-029.txt_3253	M. Choron has however re - embodied the bulk of his examples in his “Principes de Composition.	M. Choron	Q1392901	person	given name	Q16002466	Alexandre
The Harmonicon_1828-005_ms_1	An unfortunate intrigue with a lady of royal birth, having obliged Jarnowick to quit France @ la sourdine, in the year 1780, his situation was filled by the incomparable Viotti, whom the author of Les Jardins, Delille, used to call the “Pindar of the Violin.”	Delille	Q981922	person	given name	Q941049	Jacques
The_Quarterly_Musical_Magazine_And_Review_ms_1826-030_4_	Miss Sterling, a young Jady not more than 17 years of age, a pupil of Mr. Neate, played Mr. Moscheles’ fantasia on. the air, “du clair de la lune,” with such uncommon brilliancy of finger and excellence of style as to do equal honour to her own industry, and to the care even of so fine a master as Mr. Neate.	Mr. Neate	Q18526894	person	given name	Q2958359	Charles
The_Musical_Times_ms_1896-646_2_	The foundation of the Church Orchestral Society, by the Honourable Richard Strutt, and the hearty support given it by Sir John Stainer, has furthered i m great measure this desirable movement, and its. progress has been assisted in no small degree by the individual efforts. of organists, whose endeavours deserve cordial: commendation.	the Honourable Richard Strutt	Q75270792	person	given name	Q1249148	Richard
The_Musical_Times_ms_1896-646_2_	The foundation of the Church Orchestral Society, by the Honourable Richard Strutt, and the hearty support given it by Sir John Stainer, has furthered i m great measure this desirable movement, and its. progress has been assisted in no small degree by the individual efforts. of organists, whose endeavours deserve cordial: commendation.	Sir John Stainer	Q1388550	person	given name	Q4925477	John
The_Musical_Times_ms_1896-646_3_	We advisedly say “our”! distinguished pianist, because forty - five years of residence in this country, and of unbroken hard work in our English schools of music, the Royal Academy, Royal College, Guildhall School, and the tentative National Training School entitle Mr. Pauer to the citizenship of our land as well as the gratitude of all those who know how important and. widespread his influence has been.	Mr. Pauer	Q79183	person	given name	Q595105	Ernest
The_Musical_World_ms_1855-025_1_	John of Procida was among the most active leaders in this revolt, and his name and exploits, forming the theme of many a poem and romance, have now been celebrated by MM. Scribe and Verdi in the opera of Les Vépres Siciliennes.	John of Procida	Q1227361	person	given name	"Q1158906;Q4925477"	"Giovanni; John"
The_Musical_World_ms_1855-025_1_	John of Procida was among the most active leaders in this revolt, and his name and exploits, forming the theme of many a poem and romance, have now been celebrated by MM. Scribe and Verdi in the opera of Les Vépres Siciliennes.	Scribe	Q319261	person	given name	Q18012535	Eugène
The_Musical_World_ms_1855-025_1_	John of Procida was among the most active leaders in this revolt, and his name and exploits, forming the theme of many a poem and romance, have now been celebrated by MM. Scribe and Verdi in the opera of Les Vépres Siciliennes.	Verdi	Q7317	person	given name	"Q2268455;Q3748860;Q15720844"	"Francesco; Fortunio; Giuseppe"
Dwight's Journal of Music_1857-001_ms_3	Nevertheless, the house was crowded, and the performances, consisting of a miscellaneous concert. by the orchestra, Thalberg, d’Angri, and various German singing societies, (the best of which, however, had withdrawn their servi, ces in view of the above - mentioned condition), and the first act of Fidelio.	Thalberg	Q347871	person	given name	"Q10667549;Q20643654"	"Sigismund; Sigismond"
Dwight's Journal of Music_1857-001_ms_3	Nevertheless, the house was crowded, and the performances, consisting of a miscellaneous concert. by the orchestra, Thalberg, d’Angri, and various German singing societies, (the best of which, however, had withdrawn their servi, ces in view of the above - mentioned condition), and the first act of Fidelio.	d’Angri	Q5358988	person	given name	Q56449170	Elena
Dwight's Journal of Music_1855-002_ms_3	"Below Schandau you pass the bold promontory of Schramstein, close sunder the fortified heights of Pfaffenstein, and ‘Konigstein with its impregnable fortress — against whose walls Napoleon battered: in vain — thence on, through a wild country of tale - telling tradition, “thé cradle of gnomes and. kobolds,”’ till, at length, near Dresden you emerge among thriving. Villages and cultivated fields; like the exit, on the. Neckar, from the vallies of Odenwald upon the plains of the Rhine at Heidelberg."	Napoleon	Q517	person	given name	Q19882955	Napoléon
The_Quarterly_Musical_Magazine_And_Review_ms_1826-030_5_	Until the appearance of Lully’s overtures such a prelude was never thought of, and what is even more singular, by their novelty and excellence, they continued for a long time to hold their place and pre - eminence, and were played before operas composed by Vinci, Leo, and Pergolesi, nearly a century after the date of their original production.	Vinci	Q29577	person	given name	Q18220847	Leonardo
The_Quarterly_Musical_Magazine_And_Review_ms_1826-030_5_	Until the appearance of Lully’s overtures such a prelude was never thought of, and what is even more singular, by their novelty and excellence, they continued for a long time to hold their place and pre - eminence, and were played before operas composed by Vinci, Leo, and Pergolesi, nearly a century after the date of their original production.	Pergolesi	Q185312	person	given name	"Q1158906;Q3636773"	"Giovanni; Battista"
Dwight's Journal of Music_1854-002_ms_2	"His brightest years were those divided betwixt London and Paris, < when he formed one of the quartet - with Madame Grisi, Signori Lablache and Tamburini; his most luerdtive | professional’ days were possibly those last ones spent in St. Petersburgh, where H- M. the - Czar, to do him honor, made him Colonel of a regiment."	Czar	Q130734	person	given name	Q5486169	Nikolay
The_Musical_World__ms_1844-005_2_	Would the students in the London University be satisfied with Professor Morgan, if, in what he designated a course of lectures on Mathematics, he were content to regale them with a narrative of the life and adventures of Hermogenes — the birth and parentage of Euclid — the amours and idiosyncracies of Cardan the burning alive of Giordano Bruno and Vanini the simplicity and ingenious nature of the moral character of Spinoza — or the interesting peculiarities of Sir Isaac Newton’s dog?	Professor Morgan	Q208448	person	given name	Q770041	Augustus
The_Musical_World__ms_1844-005_2_	Would the students in the London University be satisfied with Professor Morgan, if, in what he designated a course of lectures on Mathematics, he were content to regale them with a narrative of the life and adventures of Hermogenes — the birth and parentage of Euclid — the amours and idiosyncracies of Cardan the burning alive of Giordano Bruno and Vanini the simplicity and ingenious nature of the moral character of Spinoza — or the interesting peculiarities of Sir Isaac Newton’s dog?	Hermogenes	Q1336424	person	given name		
The_Musical_World__ms_1844-005_2_	Would the students in the London University be satisfied with Professor Morgan, if, in what he designated a course of lectures on Mathematics, he were content to regale them with a narrative of the life and adventures of Hermogenes — the birth and parentage of Euclid — the amours and idiosyncracies of Cardan the burning alive of Giordano Bruno and Vanini the simplicity and ingenious nature of the moral character of Spinoza — or the interesting peculiarities of Sir Isaac Newton’s dog?	Euclid	Q8747	person	given name	Q118178941	_________
The_Musical_World__ms_1844-005_2_	Would the students in the London University be satisfied with Professor Morgan, if, in what he designated a course of lectures on Mathematics, he were content to regale them with a narrative of the life and adventures of Hermogenes — the birth and parentage of Euclid — the amours and idiosyncracies of Cardan the burning alive of Giordano Bruno and Vanini the simplicity and ingenious nature of the moral character of Spinoza — or the interesting peculiarities of Sir Isaac Newton’s dog?	Cardan	Q184530	person	given name	Q19967910	Gerolamo
The_Musical_World__ms_1844-005_2_	Would the students in the London University be satisfied with Professor Morgan, if, in what he designated a course of lectures on Mathematics, he were content to regale them with a narrative of the life and adventures of Hermogenes — the birth and parentage of Euclid — the amours and idiosyncracies of Cardan the burning alive of Giordano Bruno and Vanini the simplicity and ingenious nature of the moral character of Spinoza — or the interesting peculiarities of Sir Isaac Newton’s dog?	Giordano Bruno	Q36330	person	given name	Q17485423	Q17485423
The_Musical_World__ms_1844-005_2_	Would the students in the London University be satisfied with Professor Morgan, if, in what he designated a course of lectures on Mathematics, he were content to regale them with a narrative of the life and adventures of Hermogenes — the birth and parentage of Euclid — the amours and idiosyncracies of Cardan the burning alive of Giordano Bruno and Vanini the simplicity and ingenious nature of the moral character of Spinoza — or the interesting peculiarities of Sir Isaac Newton’s dog?	Vanini	Q553128	person	given name	"Q17596118;Q18341985"	"Giulio; Cesare"
The_Musical_World__ms_1844-005_2_	Would the students in the London University be satisfied with Professor Morgan, if, in what he designated a course of lectures on Mathematics, he were content to regale them with a narrative of the life and adventures of Hermogenes — the birth and parentage of Euclid — the amours and idiosyncracies of Cardan the burning alive of Giordano Bruno and Vanini the simplicity and ingenious nature of the moral character of Spinoza — or the interesting peculiarities of Sir Isaac Newton’s dog?	Spinoza	Q35802	person	given name	"Q9166352;Q18342151"	"Baruch; Benedikt"
The_Musical_World__ms_1844-005_2_	Would the students in the London University be satisfied with Professor Morgan, if, in what he designated a course of lectures on Mathematics, he were content to regale them with a narrative of the life and adventures of Hermogenes — the birth and parentage of Euclid — the amours and idiosyncracies of Cardan the burning alive of Giordano Bruno and Vanini the simplicity and ingenious nature of the moral character of Spinoza — or the interesting peculiarities of Sir Isaac Newton’s dog?	Sir Isaac Newton	Q935	person	given name	Q5920537	Q5920537
the_Musical_Times_ms_1895-634_3_	The rumour that the Church Choral Society will not sing this season has received recent confirmation, and this, if true, will leave the field in New York for choruses of moderate size open to the Musical Art Society (under Mr. Frank Damrosch), the New York Musical Society (under Mr. Dossert), and the new Harlem Oratorio Society.	Mr. Frank Damrosch	Q962237	person	given name	Q220546	Frank
The Harmonicon_1823-002_ms_3	La Clemenza di Tito was the first, in which‘a French lady, under the riame of Signora Clarini, took the part of Servilia, and a Madame’ Graziani filled the character ef Annio, both of which were massacred in their hands, and the whole opera necessarily partook in the - ruin.	Servilia	Q63534091	person	given name		
The Harmonicon_1823-002_ms_3	La Clemenza di Tito was the first, in which‘a French lady, under the riame of Signora Clarini, took the part of Servilia, and a Madame’ Graziani filled the character ef Annio, both of which were massacred in their hands, and the whole opera necessarily partook in the - ruin.	Annio	Q63534077	person	given name		
The_Quarterly_Musical_Magazine_And_Review_ms_1827-022_2_	Both however appeared we believe at last at Dr. Crotch’s, though. but for the very kind assistance of Madame Caradori, the poor Doctor would have had no little difficulty in - getting his Pavestine per- formed, notwithstanding it had been so long separately and specially announced that both Miss Stephens and Miss Paton were engaged to sing in it.	Dr. Crotch	Q718709	person	given name	Q12344159	William
the_Musical_Times_ms_1896-635_12_	The principal novelty of the Concert on the 1st ult. was “La Naissance de Venus,’ scéne mythologique, by M. Paul Collin, set to music by M. G. Fauré, an important work carefully scored, but wanting in the charm to which this.graceful composer has accustomed us.	M. Paul Collin	Q3370911	person	given name	Q4925623	Paul
the_Musical_Times_ms_1896-635_12_	The principal novelty of the Concert on the 1st ult. was “La Naissance de Venus,’ scéne mythologique, by M. Paul Collin, set to music by M. G. Fauré, an important work carefully scored, but wanting in the charm to which this.graceful composer has accustomed us.	M. G. Fauré	Q104919	person	given name	"Q4925914;Q18611124"	"Gabriel; Urbain"
The Harmonicon_1827-002_ms_2	The productions of Tallis, Birde, Morley, and Farrant, of Gibbons and Child, of Blow and Purcell, of Croft, Greene, Boyce, Nares, and we might add others, are not only excellent qguoad compositions, but equally perfect as forming a part of our religious worship: they never for a moment lose the true devotional character, though their difference from each other, in many respects, is as wide as the several periods at which they were written.	Tallis	Q207789	person	given name	Q16428906	Thomas
The Harmonicon_1827-002_ms_2	The productions of Tallis, Birde, Morley, and Farrant, of Gibbons and Child, of Blow and Purcell, of Croft, Greene, Boyce, Nares, and we might add others, are not only excellent qguoad compositions, but equally perfect as forming a part of our religious worship: they never for a moment lose the true devotional character, though their difference from each other, in many respects, is as wide as the several periods at which they were written.	Birde	Q208375	person	given name	Q12344159	William
The Harmonicon_1827-002_ms_2	The productions of Tallis, Birde, Morley, and Farrant, of Gibbons and Child, of Blow and Purcell, of Croft, Greene, Boyce, Nares, and we might add others, are not only excellent qguoad compositions, but equally perfect as forming a part of our religious worship: they never for a moment lose the true devotional character, though their difference from each other, in many respects, is as wide as the several periods at which they were written.	Morley	Q438141	person	given name	Q16428906	Thomas
The Harmonicon_1827-002_ms_2	The productions of Tallis, Birde, Morley, and Farrant, of Gibbons and Child, of Blow and Purcell, of Croft, Greene, Boyce, Nares, and we might add others, are not only excellent qguoad compositions, but equally perfect as forming a part of our religious worship: they never for a moment lose the true devotional character, though their difference from each other, in many respects, is as wide as the several periods at which they were written.	Farrant	Q7325622	person	given name	Q1249148	Richard
The Harmonicon_1827-002_ms_2	The productions of Tallis, Birde, Morley, and Farrant, of Gibbons and Child, of Blow and Purcell, of Croft, Greene, Boyce, Nares, and we might add others, are not only excellent qguoad compositions, but equally perfect as forming a part of our religious worship: they never for a moment lose the true devotional character, though their difference from each other, in many respects, is as wide as the several periods at which they were written.	Blow	Q311110	person	given name	Q4925477	John
The Harmonicon_1827-002_ms_2	The productions of Tallis, Birde, Morley, and Farrant, of Gibbons and Child, of Blow and Purcell, of Croft, Greene, Boyce, Nares, and we might add others, are not only excellent qguoad compositions, but equally perfect as forming a part of our religious worship: they never for a moment lose the true devotional character, though their difference from each other, in many respects, is as wide as the several periods at which they were written.	Croft	Q1236164	person	given name	Q12344159	William
The Harmonicon_1827-002_ms_2	The productions of Tallis, Birde, Morley, and Farrant, of Gibbons and Child, of Blow and Purcell, of Croft, Greene, Boyce, Nares, and we might add others, are not only excellent qguoad compositions, but equally perfect as forming a part of our religious worship: they never for a moment lose the true devotional character, though their difference from each other, in many respects, is as wide as the several periods at which they were written.	Greene	Q615819	person	given name	Q1472321	Maurice
The Harmonicon_1827-002_ms_2	The productions of Tallis, Birde, Morley, and Farrant, of Gibbons and Child, of Blow and Purcell, of Croft, Greene, Boyce, Nares, and we might add others, are not only excellent qguoad compositions, but equally perfect as forming a part of our religious worship: they never for a moment lose the true devotional character, though their difference from each other, in many respects, is as wide as the several periods at which they were written.	Boyce	Q313152	person	given name	Q12344159	William
The Harmonicon_1827-002_ms_2	The productions of Tallis, Birde, Morley, and Farrant, of Gibbons and Child, of Blow and Purcell, of Croft, Greene, Boyce, Nares, and we might add others, are not only excellent qguoad compositions, but equally perfect as forming a part of our religious worship: they never for a moment lose the true devotional character, though their difference from each other, in many respects, is as wide as the several periods at which they were written.	Nares	Q463998	person	given name	Q677191	James
The_Musical_World__ms_1843-042_3_	The rest of the concert was made up ofan exhibition on the violoncello, during which the “veteran” delighted us with “Polly put the kettle on’ — some sentimentalities by Bellini, Pacini and Zingarelli, and the worn out terzetto from Il Matrimonio Segretto, which by this time I am quite tired of, thongh Miss Marshall, Mrs. Shaw and Mrs. Bushe did it ample justice, as far as singing went — I say nothing about acting.	Zingarelli	Q505202	person	given name	"Q1984713;Q7141520"	"Niccolò; Antonio"
The Harmonicon_1832-006_ms_3	In the twenty - fifth number of our new series (January 1830), appeared a review of a work of great science, learning, and merit, under the title of Instructions to my Daughter for Playing on the Enharmonic Guitar, written by Lieutenant - Colonel Perronet.	Lieutenant - Colonel Perronet	Q4670375	person	given name	Q16428906	Thomas
The_Musical_World__ms_1845-029_2_	"We may mention as a remarkable circumstance, that on the evening of the night on which he was born, his mother, notwithstanding the delicacy of her situation, was induced to go to a concert given by Paganini at the Teatro Santo Augustino in Genoa; when the performance of the great Maestro produced such an effect on her mind and nerves as to precipitate her accouchement, and the young Sivori came into the world somewhat before his time."	Sivori	Q1029423	person	given name	"Q16323364;Q20000570"	"Ernesto; Camillo"
the_Musical_Times_ms_1896-635_6_	At a second Advent Service, on the 12th ult., the “Last Judgment” of Spohr was. given, but without an orchestra, its place being filled at the organ as efficiently as it could be by Mr. G. R. Sinclair, the organist of Hereford Cathedral.	Mr. G. R. Sinclair	Q5543957	person	given name	Q15921732	Q15921732
The Harmonicon_1826-048_ms_4	"Two of these compositions have been published, and are as follows: — Morgengruss an Goethe, & y., (Morning Salutation to Goéthe on his Birth - day); the poetry by F. W. Riemar, the music for two sopranos, tenor and basy by C. Eberwein, with an aceompaniment for the piano, (Bpth in score, andin parts.)"	C. Eberwein	Q216234	person	given name	Q4925932	Franz
The Harmonicon_1830-003_ms_2	"Madame Kraus - Wranisky is a singer superior to Madame Seidler, both in power and expression, although she is occasionally defective in execution; and, spite of a homely look and large person, does every thing with a grace and dignity strongly reminding me of Pasta."	Madame Kraus - Wranisky	Q55895823	person	given name	"Q666578;Q20000433"	"Anna; Katherina"
The Harmonicon_1830-003_ms_2	"Madame Kraus - Wranisky is a singer superior to Madame Seidler, both in power and expression, although she is occasionally defective in execution; and, spite of a homely look and large person, does every thing with a grace and dignity strongly reminding me of Pasta."	Madame Seidler	Q6373188	person	given name	Q16277675	Karoline
The_Quarterly_Musical_Magazine_And_Review_ms_1827-036_2_	"As a prima donna, Mademoiselle Lalande reminds me of Madame: Ronzi di Begnis in the force andenergy of her style; but, with an equality of talent as a musician and a charming person, as an actress she falls far short in the comparison."	Mademoiselle Lalande	Q3132487	person	given name	Q19688844	Henriette
The_Musical_Times_ms_1905-754_9_	The Choral Society opened its sixteenth season in the Drill Hall on November 2 with a complete Elgar programme: ‘The Black Knight,’ ‘The Banner of St. George,’ ‘Imperial March,’ ‘In Hammersbach’ (from ‘The Bavarian Highlands’), and the ‘Pomp and Circumstance’ March No. 1.	Elgar	Q179631	person	given name	Q278835	Edward
Dwight's Journal of Music_1852-019_ms_2	"From evounds ‘of reflection, the Opera Seria; to which he had paid the tribute of - his youth, accompanied by thé most brilliant suc“cess, in Italy, disgusted him; and he began to reflect radically upon the conditions.of lyric I al tragedy, triéd to bring them ‘into application in his Orfeo, and developed them in writing in the { L preface to his Aleeste, which he dedicated to the ii grand * duke of Tuscany."	grand * duke of Tuscany	Q151321	person	given name	Q1076652	Leopold
The_Musical_World__ms_1844-005_1_	We read, in a cotemporary, some cogent observations in reply to the “Morning Post,” on the subject of the Professorship, which we transfer, in part, to our pages: — were to dilate profusely on the Mystéres de Parts of our worthy friend Eugéne Sue, and the profound morality of Soulié’s Memoires du Diable — what would be the result?	Eugéne Sue	Q315220	person	given name	Q18012535	Eugène
The_Musical_World__ms_1844-005_1_	We read, in a cotemporary, some cogent observations in reply to the “Morning Post,” on the subject of the Professorship, which we transfer, in part, to our pages: — were to dilate profusely on the Mystéres de Parts of our worthy friend Eugéne Sue, and the profound morality of Soulié’s Memoires du Diable — what would be the result?	Soulié	Q2031275	person	given name	"Q4926491;Q17539276"	"Fredrik; Frédéric"
The_Musical_World__ms_1843-042_1_	"Miss Marshall won golden opinions by her charming delivery of Gluck’s “Che faro,” and Miss Birch, sang the superb “Ah perfido” of Beethoven better than I have ever heard it sung, except by Malibran; in the ranting air (with violin obligato) from Paer’s dull opera of Griselda, Miss Birch was no less successful, but, from the inferior nature of the composition, much less agreeable."	Gluck	Q130759	person	given name	"Q1738165;Q17689481"	"Willibald; Christoph"
the_Musical_Times_ms_1884-493_1_	"At who think with us that the selection of operatic works for performance in any country should not be bounded by geographical restrictions, can not but feel gratifled that the lessee of the Royal Italian Opera no longer confines himself to the creations of foreign composers; but, welcoming good music wherever it can be found, has chosen Mr. Mackenzie’s highly successful opera ‘Colomba”’ as one of the chief attractions of the coming season."	Mr. Mackenzie	Q674739	person	given name	Q923	Alexander
The Musical Times_1871-335_ms_3	"The strongest evidence for Carey’s claim should be an argument against it; for it isthe statement of John Christopher Smith, that Carey, unable to harmonize his own tune, asked Smith to write a bass to it; whereas in his Musical Century Carey has left plenty of proof that he was musician enough to put a very good bass to so simple a melody."	Carey	Q1606590	person	given name	Q1158477	Henry
The Musical Times_1871-335_ms_3	"The strongest evidence for Carey’s claim should be an argument against it; for it isthe statement of John Christopher Smith, that Carey, unable to harmonize his own tune, asked Smith to write a bass to it; whereas in his Musical Century Carey has left plenty of proof that he was musician enough to put a very good bass to so simple a melody."	John Christopher	Q11727869	person	given name	"Q1084472;Q4925477"	"Christopher; John"
The Harmonicon_1829-002_ms_3	"The rival of Vinci and Porpora in dramatic composition, Leo was also desirous of emulating Durante in sacred music; and as in the former department of his art he had been by turns pathetic and gay, scientific and natural, so in the latter he attained to eminence, and produced numerous compositions of a character imposing, dignified, and sublime."	Durante	Q2286657	person	given name	Q19768415	Silvestro
The Musical Times_1871-335_ms_1	It is a curious coincidence, to say the least of it, that an air with the same rhythmical*peculiarity — a peculiarity which is almost individualexists in a transcript of compositions by Dr. John Bull, the musical professor of Gresham College in the time of James I, and this has given occasion for the setting up in his favour of a claim to the authorship.	James I	Q79972	person	given name	Q677191	James
The Harmonicon_1824-020_ms_4	Music, learned and ingenicus, like that of Jomelli, abounding in harniony and con trivance, and requiring a careful execution, and the utmost stillness and attention in the audience, would not satisfy the frivolous and depraved taste of the Italians, who used to sav, that the music of Gluck, Jomelli, Hasse, and Bach, was too rough and German.	Jomelli	Q312891	person	given name	Q1984713	Niccolò
The Harmonicon_1824-020_ms_4	Music, learned and ingenicus, like that of Jomelli, abounding in harniony and con trivance, and requiring a careful execution, and the utmost stillness and attention in the audience, would not satisfy the frivolous and depraved taste of the Italians, who used to sav, that the music of Gluck, Jomelli, Hasse, and Bach, was too rough and German.	Hasse	Q164732	person	given name	Q11122389	Johann
The_Musical_Times_ms_1885-505_1_	The following works have been performed in their entirety during the season: Mendelssohn’s ‘Elijah, ‘Hear my Prayer,” * * Loreley,” 98th Psalm, ‘Ave Maria,” and ‘As the Hart pants,” Spohr’s ‘God, Thou art Great,” Gaul’s Sacred Cantata, ‘The Holy City,” and C. ]. Stevens’s Anthem “Sing, O Heavens,” selections having been also given from “The Messiah,” “Israel in Egypt,” ‘The Seasons,” ‘St. Paul,” “Samson,” and the “Song of Miriam.”	Gaul	Q4723319	person	given name	Q3480335	Alfred
the_Musical_Times_ms_1884-493_4_	"Besides the artists already mentioried we are promised Madame Adelina Patti, Madame Sembrich, Madame Maria Durand, Mdlle. De Vere (her first appearance at the Royai Italian Opera), Madame Scalchi, Mdlle. Reggiani, and Mdille. Tremelli; Signor Nicolini, Signor Marconi, M. Soulacroix, Signor Mierzwinski, Signor Cotogni, M. Devoyod, Signor De Reszké, Signor Monti, and Signor Novara."	Madame Sembrich	Q265698	person	given name	"Q291930;Q1068231;Q15489583"	"Prakseda; Marcella; Marcelina"
the_Musical_Times_ms_1884-493_4_	"Besides the artists already mentioried we are promised Madame Adelina Patti, Madame Sembrich, Madame Maria Durand, Mdlle. De Vere (her first appearance at the Royai Italian Opera), Madame Scalchi, Mdlle. Reggiani, and Mdille. Tremelli; Signor Nicolini, Signor Marconi, M. Soulacroix, Signor Mierzwinski, Signor Cotogni, M. Devoyod, Signor De Reszké, Signor Monti, and Signor Novara."	Mdlle . De Vere	Q19998212	person	given name	Q18122837	Clémentine
the_Musical_Times_ms_1884-493_4_	"Besides the artists already mentioried we are promised Madame Adelina Patti, Madame Sembrich, Madame Maria Durand, Mdlle. De Vere (her first appearance at the Royai Italian Opera), Madame Scalchi, Mdlle. Reggiani, and Mdille. Tremelli; Signor Nicolini, Signor Marconi, M. Soulacroix, Signor Mierzwinski, Signor Cotogni, M. Devoyod, Signor De Reszké, Signor Monti, and Signor Novara."	Madame Scalchi	Q7553670	person	given name	Q18201520	Sofia
the_Musical_Times_ms_1884-493_4_	"Besides the artists already mentioried we are promised Madame Adelina Patti, Madame Sembrich, Madame Maria Durand, Mdlle. De Vere (her first appearance at the Royai Italian Opera), Madame Scalchi, Mdlle. Reggiani, and Mdille. Tremelli; Signor Nicolini, Signor Marconi, M. Soulacroix, Signor Mierzwinski, Signor Cotogni, M. Devoyod, Signor De Reszké, Signor Monti, and Signor Novara."	Signor Nicolini	Q3083329	person	given name	Q16323364	Ernesto
the_Musical_Times_ms_1884-493_4_	"Besides the artists already mentioried we are promised Madame Adelina Patti, Madame Sembrich, Madame Maria Durand, Mdlle. De Vere (her first appearance at the Royai Italian Opera), Madame Scalchi, Mdlle. Reggiani, and Mdille. Tremelli; Signor Nicolini, Signor Marconi, M. Soulacroix, Signor Mierzwinski, Signor Cotogni, M. Devoyod, Signor De Reszké, Signor Monti, and Signor Novara."	Signor Marconi	Q5479431	person	given name	Q2268455	Francesco
the_Musical_Times_ms_1884-493_4_	"Besides the artists already mentioried we are promised Madame Adelina Patti, Madame Sembrich, Madame Maria Durand, Mdlle. De Vere (her first appearance at the Royai Italian Opera), Madame Scalchi, Mdlle. Reggiani, and Mdille. Tremelli; Signor Nicolini, Signor Marconi, M. Soulacroix, Signor Mierzwinski, Signor Cotogni, M. Devoyod, Signor De Reszké, Signor Monti, and Signor Novara."	M. Soulacroix	Q5515856	person	given name	Q4925914	Gabriel
the_Musical_Times_ms_1884-493_4_	"Besides the artists already mentioried we are promised Madame Adelina Patti, Madame Sembrich, Madame Maria Durand, Mdlle. De Vere (her first appearance at the Royai Italian Opera), Madame Scalchi, Mdlle. Reggiani, and Mdille. Tremelli; Signor Nicolini, Signor Marconi, M. Soulacroix, Signor Mierzwinski, Signor Cotogni, M. Devoyod, Signor De Reszké, Signor Monti, and Signor Novara."	Signor Mierzwinski	Q5986416	person	given name	Q16282653	W_adys_aw
the_Musical_Times_ms_1884-493_4_	"Besides the artists already mentioried we are promised Madame Adelina Patti, Madame Sembrich, Madame Maria Durand, Mdlle. De Vere (her first appearance at the Royai Italian Opera), Madame Scalchi, Mdlle. Reggiani, and Mdille. Tremelli; Signor Nicolini, Signor Marconi, M. Soulacroix, Signor Mierzwinski, Signor Cotogni, M. Devoyod, Signor De Reszké, Signor Monti, and Signor Novara."	Signor Cotogni	Q2562468	person	given name	Q7141520	Antonio
the_Musical_Times_ms_1884-493_4_	"Besides the artists already mentioried we are promised Madame Adelina Patti, Madame Sembrich, Madame Maria Durand, Mdlle. De Vere (her first appearance at the Royai Italian Opera), Madame Scalchi, Mdlle. Reggiani, and Mdille. Tremelli; Signor Nicolini, Signor Marconi, M. Soulacroix, Signor Mierzwinski, Signor Cotogni, M. Devoyod, Signor De Reszké, Signor Monti, and Signor Novara."	M. Devoyod	Q27928845	person	given name		
The_Musical_Times_ms_1885-505_4_	A capital programme on the 23rd drew a full audience, the general public beinz attracted by Beethoven's Rasoumowski Quartet in F, No. 1, and Tartini'’s ‘Trillo del Diavolo,”” and musicians by Grieg’s Sonata in F, for piano and violin, Op. 8.	Grieg	Q80621	person	given name	Q18130926	Edvard
The Harmonicon_1827-002_ms_3	After this, we had: Les Néces de Gamache, a comic opera, in three acts, by Mercadante, translated and arranged by Messrs. Sauvage and Dupin, and adapted to the stage by M. Guénée: we suppose it would be unpardonable to omit any of these important particulars, as the authors always show such marked anxiety te bring them befere the world.	M. Guénée	Q23901679	person	given name	Q365625	Adolphe
Dwight's Journal of Music_1857-001_ms_1	One man may lived, who ean read the heart, and whose power was not: based upon, his own experience ‘but if so, we may well call William Shakspeare superhuman, THenee it was that whiffe i m ~ Rossint’s “Barber of Seville,” ar Cimarosa’s « Seeret Marriage.”	William Shakspeare	Q692	person	given name	Q12344159	William
Dwight's Journal of Music_1857-001_ms_1	One man may lived, who ean read the heart, and whose power was not: based upon, his own experience ‘but if so, we may well call William Shakspeare superhuman, THenee it was that whiffe i m ~ Rossint’s “Barber of Seville,” ar Cimarosa’s « Seeret Marriage.”	Cimarosa	Q191775	person	given name	Q1765453	Domenico
The_Musical_World_ms_1843-040_1_	"Adolphe Adam, the composer of Le Postillon de Lonjumeau, was the first to apostrophize the acquirements of M. Vivier, ina Jengthened artiele in the France Wusicale; he has been followed by the rest of them, and last week, in the Gazelle AZusicale, we find a paper by Maurice Bourges, which makes M. Vivier something less than a demi - god, and extols his qualifications, in language, which applied to would be M. Bourges melts Paganini himself, nothing short of hyperbolical."	Adolphe Adam	Q189544	person	given name	"Q365625;Q2958359"	"Adolphe; Charles"
The_Musical_World_ms_1843-040_1_	"Adolphe Adam, the composer of Le Postillon de Lonjumeau, was the first to apostrophize the acquirements of M. Vivier, ina Jengthened artiele in the France Wusicale; he has been followed by the rest of them, and last week, in the Gazelle AZusicale, we find a paper by Maurice Bourges, which makes M. Vivier something less than a demi - god, and extols his qualifications, in language, which applied to would be M. Bourges melts Paganini himself, nothing short of hyperbolical."	Maurice Bourges	Q73128734	person	given name	Q1472321	Maurice
Dwight's Journal of Music_1860-012_ms_1	In 1824 her family was residing at Paris, where she received, musical instruction from M. Fétis, at present: director of the Brussels Conse rratoire, author of the Biographie Universelle de Musiciens, together with many didactic works, and compos at that time prefessor in the Conservatoire of ‘Paris.	M. Fétis	Q523581	person	given name	Q1166840	François
The Harmonicon_1826-048_ms_3	"With respect to the pieces given, the following seven are new to our theatre: Die sieben Midchen, Das Hausgesinde, Der Unsichibare, Die Ochsenmenuett, Staberls Reise - abentheuer, ‘and Le Macon by Auber; Macbeth in Schiller’s translation, ‘and with Reichardt’s music, is also new to us."	Schiller	Q22670	person	given name	"Q11122389;Q14038597;Q17689481"	"Johann; Friedrich; Christoph"
The Harmonicon_1826-048_ms_3	"With respect to the pieces given, the following seven are new to our theatre: Die sieben Midchen, Das Hausgesinde, Der Unsichibare, Die Ochsenmenuett, Staberls Reise - abentheuer, ‘and Le Macon by Auber; Macbeth in Schiller’s translation, ‘and with Reichardt’s music, is also new to us."	Reichardt	Q213742	person	given name	"Q11122389;Q14038597"	"Johann; Friedrich"
The_Musical_Times_ms_1885-505_3_	"Whether this kind of thing is permissible is open to question; but the audience settled the matter in the affirmative by encoring the performer. Miss Zimmermann gave Mendelssohn’s familiar Caprice in E, Op. 33, and Mr. Santley sang two equally familiar airs by Handel."	Miss Zimmermann	Q4693137	person	given name	Q394431	Agnes
The_Musical_World__ms_1843-042_2_	The above, an air from Handel’s Berenice sensibly rendered by Stretton, a duet from the Zauberflute by Mrs. Shaw and Mr. Phillips, and a droll kind of aria by Salvator Rosa, to which Mr. Manvers gave a life which in itself it lacks, were the only other features of interest.	Salvator Rosa	Q359421	person	given name	"Q610111;Q17306812"	"Salvatore; Salvator"
the_Musical_Times_ms_1896-635_4_	"The Musical Union (Dr. Coward), in the ‘Creation’; the Choral Union (Mr. Suckley), in Verdi’s opera “Ernani”; and the St.-Cecilia Musical Society (Mr. W. Brown), also in the ‘Creation,” have all given evidence oft hat abundant enthusiasm and plentiful supply of good vocal material which have led the supporters of the Festival scheme to foster ambitious hopes as to the future of South Yorkshire choral singing."	Dr. Coward	Q5719907	person	given name	Q1158477	Henry
the_Musical_Times_ms_1896-635_3_	"The principal pieces in the programme were Mendelssohn's String Quintet in B flat (Op. 87) and Svendsen’s String Octet in A (Op. 3), the latter being played by Messrs. Arthur Bent, Wallace Sutcliffe, William Ackroyd, Alfred Wall, Alfred Hobday, Percy Kearne, Paul Ludwig; and Tennyson Werge."	Svendsen	Q336668	person	given name	"Q2800528;Q10989273"	"Severin; Johan"
the_Musical_Times_ms_1896-635_3_	"The principal pieces in the programme were Mendelssohn's String Quintet in B flat (Op. 87) and Svendsen’s String Octet in A (Op. 3), the latter being played by Messrs. Arthur Bent, Wallace Sutcliffe, William Ackroyd, Alfred Wall, Alfred Hobday, Percy Kearne, Paul Ludwig; and Tennyson Werge."	William Ackroyd	Q109120689	person	given name	Q12344159	William
the_Musical_Times_ms_1896-635_3_	"The principal pieces in the programme were Mendelssohn's String Quintet in B flat (Op. 87) and Svendsen’s String Octet in A (Op. 3), the latter being played by Messrs. Arthur Bent, Wallace Sutcliffe, William Ackroyd, Alfred Wall, Alfred Hobday, Percy Kearne, Paul Ludwig; and Tennyson Werge."	Alfred Wall	Q107203434	person	given name	Q3480335	Alfred
the_Musical_Times_ms_1896-635_3_	"The principal pieces in the programme were Mendelssohn's String Quintet in B flat (Op. 87) and Svendsen’s String Octet in A (Op. 3), the latter being played by Messrs. Arthur Bent, Wallace Sutcliffe, William Ackroyd, Alfred Wall, Alfred Hobday, Percy Kearne, Paul Ludwig; and Tennyson Werge."	Alfred Hobday	Q4722438	person	given name	Q3480335	Alfred
The_Musical_World_ms_1843-040_2_	Queen Victoria, on one of these occasions, had the advantage of hearing this new wonder, and was so delighted as to press M. Vivier to pay England a visit, which, need we say, M. Vivier intends very shortly to do.	Queen Victoria	Q9439	person	given name	"Q590893;Q16002474"	"Victoria; Alexandrina"
The_Musical_World_ms_1843-040_2_	Queen Victoria, on one of these occasions, had the advantage of hearing this new wonder, and was so delighted as to press M. Vivier to pay England a visit, which, need we say, M. Vivier intends very shortly to do.	M. Vivier	Q16947558	person	given name	Q18012535	Eugène
The_Musical_Times_ms_1896-646_7_	Perhaps the most interesting piece was Bemberg’s ‘La Ballade du Désespéré” for yoice“and declamation, beautifully rendered by Miss Gertrude Bevan and Miss Ellen M. Bowick, with the accompaniments well played by the Misses Edith Byford, May H. Mukle, and Mabel E. Colyer.	Bemberg	Q3134049	person	given name	Q16276646	Herman
The_Musical_Times_ms_1896-646_7_	Perhaps the most interesting piece was Bemberg’s ‘La Ballade du Désespéré” for yoice“and declamation, beautifully rendered by Miss Gertrude Bevan and Miss Ellen M. Bowick, with the accompaniments well played by the Misses Edith Byford, May H. Mukle, and Mabel E. Colyer.	May H. Mukle	Q22312922	person	given name	Q1746523	May
The Musical Times_1852-098_ms_3	In the course of the late season of morning concerts, we heard one of the best glees of Webbe, which we had not heard for thirty years before, when it was performed by the Vaughans, Knyvetts, & c., at a concert given by a Miss Bonwick, at the London Tavern	Webbe	Q7412899	person	given name	Q629347	Samuel
The_Musical_World__ms_1901-705_1_	The Beethoven festival, held from the 5th. to the 7th ult., under the direction of Capellmeister Steinbach, with the Meiningen orchestra and the choir of.the Musik - Verein, was exceedingly well attended, and there is but one voice as to the general excellence of the performances.	Capellmeister Steinbach	Q70648	person	given name	Q1158596	Fritz
The Harmonicon_1829-002_ms_4	Leo was the founder ofa school in Naples, that very widely spread the fame of his country, and became a nursery for those celebrated singers, who afterwards filled Giovanni Ansani, or Anzani, was an lalian singer and composer of some eminence.	Giovanni Ansani	Q2813673	person	given name	Q1158906	Giovanni
Dwight's Journal of Music_1855-002_ms_1	And in the beautiful galleries of the Prince Es sterhdzy, (that munificent patron | of: Art) one can, at least, recall in imagination some- strains of the choice ¢hamber music. of, Beethoven, to which their walls echoed in the presence of the great master, and in his palmiest days. os se I was much impressed by the fine monument of the Archduchess Christina, by Canova, which stands in the Church of the Augustines.	Prince Es sterhdzy	Q597865	person	given name	Q15728996	Nikolaus
Dwight's Journal of Music_1855-002_ms_1	And in the beautiful galleries of the Prince Es sterhdzy, (that munificent patron | of: Art) one can, at least, recall in imagination some- strains of the choice ¢hamber music. of, Beethoven, to which their walls echoed in the presence of the great master, and in his palmiest days. os se I was much impressed by the fine monument of the Archduchess Christina, by Canova, which stands in the Church of the Augustines.	Canova	Q5547	person	given name	Q7141520	Antonio
The Musical Times_1853-106_ms_3	This gentleman, whose talents and amiable enjoying disposition still preserve his memory in the lively affection and esteem of his acquaintance, was an admirable chamber singer, and particularly excelled in Mozart’s music, which he sang with the same accent and inflections of tone as Dragonetti on his bass.	Dragonetti	Q504490	person	given name	Q1765453	Domenico
The_Musical_Times_ms_1896-646_6_	Other pieces by Chopin, Leschetizky, Moszkowski, and Padetewski were rendered with a command of expression and facility of execution that more than once elicited enthusiastic applause from the audience, and necessitated her playing an extra piece at the close of her programme.	Chopin	Q1268	person	given name	"Q15207702;Q17539976"	"Franciszek; Fryderyk"
The_Musical_Times_ms_1896-646_6_	Other pieces by Chopin, Leschetizky, Moszkowski, and Padetewski were rendered with a command of expression and facility of execution that more than once elicited enthusiastic applause from the audience, and necessitated her playing an extra piece at the close of her programme.	Leschetizky	Q362340	person	given name	Q7701015	Teodor
The_Musical_Times_ms_1896-646_6_	Other pieces by Chopin, Leschetizky, Moszkowski, and Padetewski were rendered with a command of expression and facility of execution that more than once elicited enthusiastic applause from the audience, and necessitated her playing an extra piece at the close of her programme.	Moszkowski	Q322427	person	given name	Q16422573	Moritz
The_Musical_Times_ms_1896-646_6_	Other pieces by Chopin, Leschetizky, Moszkowski, and Padetewski were rendered with a command of expression and facility of execution that more than once elicited enthusiastic applause from the audience, and necessitated her playing an extra piece at the close of her programme.	Padetewski	Q191957	person	given name	"Q12173670;Q18220021"	"Jan; Ignacy"
The Harmonicon_1826-048_ms_2	It was at this period, as we learn from history, and from' Tinctor himself in one of his treatises, that the Flemish school of music began to form itself on the model of that of France, at that time the most celebrated in Europe.	Tinctor	Q370512	person	given name	Q2117521	Johannes
the_Musical_Times_ms_1896-635_8_	At Bradford, too, there has. been more than ordinary musical activity. On November 22 the second of the Subscription Concerts took place, a miscellaneous programme of much more than average interest being sustained by Miss Esther Palliser, Madame Marian McKenzie, Messrs. Ben Davies and Douglas Powell, with Herr Rosenthal as pianist and Mr. W. H. Squire as violoncellist.	Ben Davies	Q4888470	person	given name	"Q816407;Q2424149"	"Ben; Benjamin"
the_Musical_Times_ms_1896-635_8_	At Bradford, too, there has. been more than ordinary musical activity. On November 22 the second of the Subscription Concerts took place, a miscellaneous programme of much more than average interest being sustained by Miss Esther Palliser, Madame Marian McKenzie, Messrs. Ben Davies and Douglas Powell, with Herr Rosenthal as pianist and Mr. W. H. Squire as violoncellist.	Herr Rosenthal	Q213772	person	given name	"Q1472321;Q6912445"	"Maurice; Moriz"
the_Musical_Times_ms_1896-635_8_	At Bradford, too, there has. been more than ordinary musical activity. On November 22 the second of the Subscription Concerts took place, a miscellaneous programme of much more than average interest being sustained by Miss Esther Palliser, Madame Marian McKenzie, Messrs. Ben Davies and Douglas Powell, with Herr Rosenthal as pianist and Mr. W. H. Squire as violoncellist.	Mr. W. H. Squire	Q2377263	person	given name	"Q1158477;Q12344159"	"Henry; William"
The Musical Times_1881-455_ms_3	Tor, be it said parenthetically, that in literature also Mr. Pepys was' a sound judge of genuine merit, who, to name but (one instance, in an age of studied politeness was able to appreciate the racy force of the old popular ‘ballads of England and Scotland.	Mr. Pepys	Q106143	person	given name	Q629347	Samuel
The Musical Times_1849-066_ms_2	As grace they sung a “Sanctus,” by Orlando Gibbons, upon which the Rev. Conductor made some interesting remarks, and on the excellence of the older English Church Music, congratulating his auditors on the brighter prospects for solid music, man. arising from the production of convenient and cheap copies sting In Inconsistent contrast to the other Psalms at / of the excellent music which had so long lain dormant in Morning Prayer.	Orlando Gibbons	Q311913	person	given name	Q9053129	Orlando
The Musical Times_1852-098_ms_4	Another gratifying circumstance presents itself to ‘our recollection, in the promised production of two new oratorios, by Englishmen, at the approaching Norwich Festival — Mr. Pierson’s Jerusalem, and Dr. Bexfield’s Israel Restored, in regard to both of which we have received very flattering accounts.	Mr. Pierson	Q97011	person	given name	Q1158477	Henry
The Musical Times_1852-098_ms_4	Another gratifying circumstance presents itself to ‘our recollection, in the promised production of two new oratorios, by Englishmen, at the approaching Norwich Festival — Mr. Pierson’s Jerusalem, and Dr. Bexfield’s Israel Restored, in regard to both of which we have received very flattering accounts.	Dr. Bexfield	Q18531021	person	given name	Q12344159	William
the_Musical_Times_ms_1896-635_5_	Despite this drawback, the Concert wasa brilliant success, and Dr. Mackenzie’s abilities as a conductor were watmly recognised. Mr. Brodsky, the new leader of the Hallé band, made a most tavourable impression on his first appearance before a Leeds audience by his highly poetic and technically perfect playing of the Mendelssohn Concerto, and Madame Marian McKenzie contributed several songs with good effect.	Mr. Brodsky	Q365287	person	given name	Q18526132	Adolph
Dwight's Journal of Music_1856-001_ms_1	“Pwo souls in their essence so entirely kindred must have kneeled before each ether on first meeting, as the chronicle” relates of the first inter tew of Maria ot Burgundy with Masimilian: ot Austria, which adds: tans qJere fille xsé like that exclaim aticr the “Oh, “And qnust they not. merging leur moult grande. beaute et.	Maria ot Burgundy	Q157073	person	given name	"Q325872;Q632104;Q734578"	"Maria; Marie; Mary"
Dwight's Journal of Music_1856-001_ms_1	“Pwo souls in their essence so entirely kindred must have kneeled before each ether on first meeting, as the chronicle” relates of the first inter tew of Maria ot Burgundy with Masimilian: ot Austria, which adds: tans qJere fille xsé like that exclaim aticr the “Oh, “And qnust they not. merging leur moult grande. beaute et.	Masimilian : ot Austria	Q150726	person	given name	Q18133228	Maximilian
Dwight's Journal of Music_1858-11_BIS_ms_2	"then, instead of stepping forw: urd as a reformer, he ought, as a true disciple of honored and to effect nothing but what Gluck and Mozart; Cimarosa and Pacsicllé, Méhul and Boieldieu, Chert ahint and Spontini, Beethoven and= Weber, Spohr.and Weigl, Meyerbeer and Lortzing, also tried to effect, and which they succeeded more or less in doing. metadata={sent_text:then instead of stepping forw: urd as a reformer he ought as a true disciple of honored and to effect nothing but what Gluck and Mozart; Cimarosa and Pacsicllé Méhul and Boieldieu Chert ahint and Spontini Beethoven and: ""Weber Spohr.and Weigl Meyerbeer and Lortzing also tried to effect and which they succeeded more or less in doing.""}"	Weigl	Q78798	person	given name	Q471788	Joseph
Dwight's Journal of Music_1858-11_BIS_ms_2	"then, instead of stepping forw: urd as a reformer, he ought, as a true disciple of honored and to effect nothing but what Gluck and Mozart; Cimarosa and Pacsicllé, Méhul and Boieldieu, Chert ahint and Spontini, Beethoven and= Weber, Spohr.and Weigl, Meyerbeer and Lortzing, also tried to effect, and which they succeeded more or less in doing. metadata={sent_text:then instead of stepping forw: urd as a reformer he ought as a true disciple of honored and to effect nothing but what Gluck and Mozart; Cimarosa and Pacsicllé Méhul and Boieldieu Chert ahint and Spontini Beethoven and: ""Weber Spohr.and Weigl Meyerbeer and Lortzing also tried to effect and which they succeeded more or less in doing.""}"	Meyerbeer	Q105237	person	given name	Q18020485	Giacomo
Dwight's Journal of Music_1858-11_BIS_ms_2	"then, instead of stepping forw: urd as a reformer, he ought, as a true disciple of honored and to effect nothing but what Gluck and Mozart; Cimarosa and Pacsicllé, Méhul and Boieldieu, Chert ahint and Spontini, Beethoven and= Weber, Spohr.and Weigl, Meyerbeer and Lortzing, also tried to effect, and which they succeeded more or less in doing. metadata={sent_text:then instead of stepping forw: urd as a reformer he ought as a true disciple of honored and to effect nothing but what Gluck and Mozart; Cimarosa and Pacsicllé Méhul and Boieldieu Chert ahint and Spontini Beethoven and: ""Weber Spohr.and Weigl Meyerbeer and Lortzing also tried to effect and which they succeeded more or less in doing.""}"	Lortzing	Q154203	person	given name	Q577011	Q577011
Dwight's Journal of Music_1854-002_ms_4	"Mr. DRESELr was greeted with a spontaneous ani fervent welcome, when he took his seat at the piano, and his exquisitely expressive rendering of the two Songs without Words by Mendelssohn (the “Duet” and “Spring Song”), the striking Etude by Ferdi-: nand Hiller, the Adagio from a Concerto and the Etude by Chopin, held the andience in hushed delight; indeed we know of more than one adverse prejudice that owned itself melted away by that performance."	Mr. DRESELr	Q96415095	person	given name	Q12344159	William
Dwight's Journal of Music_1854-002_ms_4	"Mr. DRESELr was greeted with a spontaneous ani fervent welcome, when he took his seat at the piano, and his exquisitely expressive rendering of the two Songs without Words by Mendelssohn (the “Duet” and “Spring Song”), the striking Etude by Ferdi-: nand Hiller, the Adagio from a Concerto and the Etude by Chopin, held the andience in hushed delight; indeed we know of more than one adverse prejudice that owned itself melted away by that performance."	Ferdi- : nand Hiller	Q213530	person	given name	Q3276175	Ferdinand
The Harmonicon_1830-003_ms_4	"On the 28th of December, Madame Fodor appeared, for the first time, in the Barbiere di Siviglia; and the applause of a house crowded in every part testified the delight caused by her performance."	Madame Fodor	Q1002317	person	given name	"Q666954;Q19689453"	"Josephine; Joséphine"
The Harmonicon_1824-020_ms_2	"The compositions for the former are generally firnished from Parts - and London; for the latter, choice is made of Momrt, Pleyel, Steibeit, and other easy masters."	Pleyel	Q314019	person	given name	Q18177333	Ignaz
The Harmonicon_1824-020_ms_2	"The compositions for the former are generally firnished from Parts - and London; for the latter, choice is made of Momrt, Pleyel, Steibeit, and other easy masters."	Steibeit	Q657464	person	given name	Q14516546	Daniel
the_Musical_Times_ms_1895-634_6_	The works selected by the Philharmonic. Society for the forthcoming season include Handel’s “Acis and Galatea,” Villiers Stanford’s fine choral ballad ‘The Revenge,” and Schubert’s cantata' ‘The Song of Miriam.”	Villiers Stanford	Q368264	person	given name	"Q2958359;Q40929897"	"Charles; Villiers"
the_Musical_Times_ms_1895-634_6_	The works selected by the Philharmonic. Society for the forthcoming season include Handel’s “Acis and Galatea,” Villiers Stanford’s fine choral ballad ‘The Revenge,” and Schubert’s cantata' ‘The Song of Miriam.”	Schubert	Q7312	person	given name	"Q2793400;Q4925932;Q56025094"	"Peter; Franz; Seraphicus"
the_Musical_Times_ms_1900-690_1_	‘Military Band Organisation’ read before the Royal United Service Institution, on March 25, 1892, -by Colonel T. B. Shaw - Hellier, a former Commandant of Kneller Hall, who is well known in the army for his musical abilities, andwho, during his six years’ tenure of office at Kneller Hall, did a great deal to improve the Institution.	Colonel T. B. Shaw - Hellier	Q98098664	person	given name	Q16428906	Thomas
The_Musical_World__ms_1845-029_1_	On his way to. Germany, through Holland, Vieuxtemps stopped at the Hague, which coming to the knowledge of His Majesty the King of Holland, that illustrious personage immediately sent for the eminent violinist, received him most graciously, and expressed his desire to hear the Concerto which Vieuxtemps has dedicated to him	Vieuxtemps	Q312790	person	given name	Q1605665	Henri
The_Musical_World__ms_1845-029_1_	On his way to. Germany, through Holland, Vieuxtemps stopped at the Hague, which coming to the knowledge of His Majesty the King of Holland, that illustrious personage immediately sent for the eminent violinist, received him most graciously, and expressed his desire to hear the Concerto which Vieuxtemps has dedicated to him	His Majesty the King of	Q154287	person	given name	Q15282375	Willem
The_Musical_Times_ms_1901-705_3_	On St. Cecilia’s Day, 1695, the Plan of a Grand Concert of Music — at which some of the works of the forgotten Italian composer, Giovanni Battista Bassani (16571716), said to be the master of Corelli, were presented	St. Cecilia	Q80513	person	given name		
The_Musical_Times_ms_1901-705_3_	On St. Cecilia’s Day, 1695, the Plan of a Grand Concert of Music — at which some of the works of the forgotten Italian composer, Giovanni Battista Bassani (16571716), said to be the master of Corelli, were presented	Giovanni Battista Bassani	Q465565	person	given name	Q3766541	Giovanni Battista
The_Musical_Times_ms_1900-692_1_	"The Scottish Orchestra has again been engaged, under its fourth conductor, Mr. Frederic H. Cowen; and the Edinburgh Choral Union, Mr. Kirkhope’s and Mr. Moonie’s choirs (the latter for the first time) will take part in the scheme."	Mr. Frederic H. Cowen	Q1452734	person	given name	"Q16275883;Q110677046"	"Q16275883; Hymen"
The Harmonicon_1823-002_ms_1	The favourite airs in Rossini’s Opera of La Gazza LapRa, erranged for the Piano - Forte, with an Accompaniment for the Flute. by T. Latour, Pianiste ‘to His Majesty.	T. Latour	Q6171596	person	given name	"Q1166840;Q118218773"	"François; Corneil"
The Harmonicon_1823-002_ms_1	The favourite airs in Rossini’s Opera of La Gazza LapRa, erranged for the Piano - Forte, with an Accompaniment for the Flute. by T. Latour, Pianiste ‘to His Majesty.	His Majesty	Q130586	person	given name	"Q770041;Q3273004;Q15921732"	"Augustus; Frederick; Q15921732"
The Harmonicon_1831-004_ms_1	The Rev. Wiliam Gostling, Minor Canon of Canterbury Cathedral, was the son of that Mr. Gostling, Sub - Dean of St. Paul’s, for whom Purcell wrote his celebrated anthem,	Rev. Wiliam Gostling	Q15994466	person	given name	Q12344159	William
The Harmonicon_1831-004_ms_1	The Rev. Wiliam Gostling, Minor Canon of Canterbury Cathedral, was the son of that Mr. Gostling, Sub - Dean of St. Paul’s, for whom Purcell wrote his celebrated anthem,	Mr. Gostling	Q3181623	person	given name	Q4925477	John
The_Quarterly_Musical_Magazine_And_Review_ms_1826-030_3_	Madame Vestris is also a reigning favourite, which, strange to say, she becomes by lowering her original Italian ‘style to the light but coarse ballads of the Kuglish comic opera “Cherry ripe’ for example.	Madame Vestris	Q6696635	person	given name	Q1160640	Lucia
the_Musical_Times_ms_1896-635_10_	The Lamoureux Concert of November 24 proved to be particularly interesting, including as it did the first performance of the “Chansons de Miarka’” of M. Alexandre Georges, set to the poetry of M. Richepin	M. Alexandre Georges	Q2833698	person	given name	Q16002466	Alexandre
the_Musical_Times_ms_1896-635_10_	The Lamoureux Concert of November 24 proved to be particularly interesting, including as it did the first performance of the “Chansons de Miarka’” of M. Alexandre Georges, set to the poetry of M. Richepin	M. Richepin	Q551744	person	given name	Q133247598	Q133247598
the_Musical_Times_ms_1895-634_7_	"he programme contained Mendelssohn’s ‘Hear my Prayer,” the solo part of which was effectively sung by Madame San Carolo; Cowen’s ‘Bridal Chorus, ’’ Stewart’s ‘Bells of St. Michael’s Tower,” and Pinsuti’s ‘Good - night, beloved.”"	Stewart	Q4444837	person	given name	Q4927937	Robert
The_Musical_Times_ms_1900-692_2_	Mr. Cowen will be assisted, when occasion requires, by M. Sons, the capable leader, who acted as conductor last year during Herr Bruch’s temporary indisposition, and Herr Moszkowski will. officiate at the first concert.	Herr Bruch	Q106434	person	given name	Q16422172	Max
Dwight's Journal of Music_1852-019_ms_4	The names of Grisi, Persiani, and other celebrities who had made - their English: reputation before Mr. Lumley caine info the managemeut, will, of course, occur to all readers, who will also remember in how many brilliant particular school it’ professed to ilus-.	Grisi	Q287812	person	given name	Q17497413	Carlotta
Dwight's Journal of Music_1852-019_ms_4	The names of Grisi, Persiani, and other celebrities who had made - their English: reputation before Mr. Lumley caine info the managemeut, will, of course, occur to all readers, who will also remember in how many brilliant particular school it’ professed to ilus-.	Persiani	Q2280304	person	given name	Q15720844	Giuseppe
Dwight's Journal of Music_1852-019_ms_4	The names of Grisi, Persiani, and other celebrities who had made - their English: reputation before Mr. Lumley caine info the managemeut, will, of course, occur to all readers, who will also remember in how many brilliant particular school it’ professed to ilus-.	Mr. Lumley	Q2896159	person	given name	Q2424149	Benjamin
The Harmonicon_1830-003_ms_1	The songs composed for Mrs. Weichsel, many of which were written by C. Bach, show that she had a voice of unusual height, reaching to the in altissimo, and great facility of execution.	Mrs. Weichsel	Q5362421	person	given name	Q385468	Elizabeth
The Harmonicon_1830-003_ms_1	The songs composed for Mrs. Weichsel, many of which were written by C. Bach, show that she had a voice of unusual height, reaching to the in altissimo, and great facility of execution.	C. Bach	Q106641	person	given name	"Q11122389;Q18001597"	"Johann; Christian"
The_Musical_Times_ms_1899-680_3_	Mdlle. Carrozi, a harpist of great ability, whom Mr. Newman has engaged for his orchestra, played her first harp solo at the Queen’s Hall, on the rst ult., and proved herself to be an interesting player	Mr. Newman	Q7348018	person	given name	Q4927937	Robert
The_Musical_Times_ms_1885-505_7_	As usual, Mr. Charles Hallé’s Manchester Orchestra was engaged, and the vocal and instrumental soloists were Signorina Barbi, Mr. Joseph Maas, Madame Norman - Néruda, and Mr. Hallé.	Mr. Charles Hallé	Q65648	person	given name	Q2958359	Charles
The_Musical_Times_ms_1885-505_7_	As usual, Mr. Charles Hallé’s Manchester Orchestra was engaged, and the vocal and instrumental soloists were Signorina Barbi, Mr. Joseph Maas, Madame Norman - Néruda, and Mr. Hallé.	Signorina Barbi	Q3611669	person	given name	Q650689	Alice
The_Musical_Times_ms_1885-505_7_	As usual, Mr. Charles Hallé’s Manchester Orchestra was engaged, and the vocal and instrumental soloists were Signorina Barbi, Mr. Joseph Maas, Madame Norman - Néruda, and Mr. Hallé.	Mr. Joseph Maas	Q686719	person	given name	Q471788	Joseph
The_Musical_Times_ms_1885-505_7_	As usual, Mr. Charles Hallé’s Manchester Orchestra was engaged, and the vocal and instrumental soloists were Signorina Barbi, Mr. Joseph Maas, Madame Norman - Néruda, and Mr. Hallé.	Madame Norman - Néruda	Q78938	person	given name	Q4964995	Wilma
the_Musical_Times_ms_1884-493_2_	The prospectus announces that this work, translated into Italian, and the principal part sustained by Madame Pauline Lucca, will positively be produced, Mdlle. Gertrude Griswold (who will make her first appearance on the stage in England), being also included in the cast.	Madame Pauline Lucca	Q86422	person	given name	Q18009833	Pauline
The_Musical_Times_ms_1885-505_8_	Ar the eleventh Subscription Concert of the Choral Union Series, on the 3rd ult., the chief novelty was the late Friedrich Smetana’s ‘Comedy - Overture,’”’ performed last winter at the Philharmonic Concerts at Berlin and at the Crystal Palace Concerts.	Friedrich Smetana	Q48173	person	given name	Q21155606	Bed_ich
The_Quarterly_Musical_Magazine_And_Review_ms_1826-030_1_	Hence Mademoiselle Bonini has been probably underprized from the superiority of those supremely great singers, Catalani and Pasta, whom she has directly succeeded at the King’s Theatre, and with whom she is consequently immediately compared.	Mademoiselle Bonini	Q5479435	person	given name	Q2268455	Francesco
The_Quarterly_Musical_Magazine_And_Review_ms_1826-030_1_	Hence Mademoiselle Bonini has been probably underprized from the superiority of those supremely great singers, Catalani and Pasta, whom she has directly succeeded at the King’s Theatre, and with whom she is consequently immediately compared.	Catalani	Q263405	person	given name	Q838790	Angelica
Dwight's Journal of Music_1860-012_ms_4	"The directors of the famous Gewandhaus Concerts in Leipzig have invited’ FErpinanp Ui1LER, of Cologne, to the post of conductor, vaca: ted by Rietz; but Hiller, probably the- best man ‘in all Germany, unfortunately declines."	Rietz	Q63745	person	given name	Q1102114	Julius
the_Musical_Times_ms_1896-635_9_	The Keighley Musical Union, on the 3rd ult., had distinction conferred upon it by the presence of Professor Prout, who conducted a creditable performance of his cantata ‘Hereward,” the chorus - singing being decidedly its finest feature.	Professor Prout	Q5331730	person	given name	Q3481095	Ebenezer
the_Musical_Times_ms_1901-698_2_	Mr. ARTHUR SOMERVELL gave a concert of his own compositions, at St. James's Hail, on the 7th ult.. at which he played, with Mr. Leonard Borwick, a set of Variations for two pianofortes on an original theme.	Mr. ARTHUR SOMERVELL	Q4800330	person	given name	Q1778168	Q1778168
the_Musical_Times_ms_1901-698_2_	Mr. ARTHUR SOMERVELL gave a concert of his own compositions, at St. James's Hail, on the 7th ult.. at which he played, with Mr. Leonard Borwick, a set of Variations for two pianofortes on an original theme.	Mr. Leonard Borwick	Q376085	person	given name	Q948418	Leonard
the_Musical_Times_ms_1895-634_4_	On the evening of Sunday, the 3rd ult., a special Service was held in St. George’s Church, Stuyvesant Square, in commemoration of the twenty - fifth anniversary of Mr. George William Warren as organist of St. Thomas’s Church.	Mr. George William Warren	Q20726537	person	given name	"Q12344159;Q15921732"	"William; Q15921732"
The_Musical_World_ms_1856-036_1_	Madame Viardot, too, must be noticed for the extraordinary fluency and fire she displayed in the unheard - of bravura from Graun’s Britannieus, and Herr Reichardt for his graceful and finished singing in Mozart’s “Dalla sua pace.”	Madame Viardot	Q122998	person	given name	Q18009833	Pauline
The_Musical_World_ms_1856-036_1_	Madame Viardot, too, must be noticed for the extraordinary fluency and fire she displayed in the unheard - of bravura from Graun’s Britannieus, and Herr Reichardt for his graceful and finished singing in Mozart’s “Dalla sua pace.”	Graun	Q161208	person	given name	Q2529610	Carl
The_Musical_Times_ms_1905-754_4_	Mr. Arthur Bent’s orchestra is also announced to give two concerts on December 7, Tchaikovsky’s Serenade for The third concert by the Choral and Philstrings (Op. 48) and Bach’s Concerto for two violins and orchestra being the chief features.	Tchaikovsky	Q7315	person	given name	Q1225705	Pyotr
The_Musical_Times_ms_1905-754_5_	At their first concert, under the direction of Dr. Bates, Mark Ilambourg will be the solo pianist, and the Norwich Choral Society will contribute Hugh Blair’s ‘Trafalgar,’ composed expressly for the Nelson centenary.	Mark Ilambourg	Q1900092	person	given name	Q13610143	Mark
The_Musical_Times_ms_1905-754_5_	At their first concert, under the direction of Dr. Bates, Mark Ilambourg will be the solo pianist, and the Norwich Choral Society will contribute Hugh Blair’s ‘Trafalgar,’ composed expressly for the Nelson centenary.	Hugh Blair	Q5930050	person	given name	Q839387	Hugh
The_Musical_Times_ms_1905-754_5_	At their first concert, under the direction of Dr. Bates, Mark Ilambourg will be the solo pianist, and the Norwich Choral Society will contribute Hugh Blair’s ‘Trafalgar,’ composed expressly for the Nelson centenary.	Nelson	Q83235	person	given name	Q18914832	Horatio
The_Musical_Times_ms_1885-505_5_	The performance of the work in St. James's Hall, under Myr. Otto Goldschmidt, had many good points, and Mr. Parry found no small part of a friendly audience willing to bestow applause.	Myr . Otto Goldschmidt	Q320046	person	given name	Q18029644	Otto
The_Musical_Times_ms_1885-505_5_	The performance of the work in St. James's Hall, under Myr. Otto Goldschmidt, had many good points, and Mr. Parry found no small part of a friendly audience willing to bestow applause.	Mr. Parry	Q6251304	person	given name	Q4925477	John
The Musical Times_1853-106_ms_1	Spagnoletti, the leader, the fine Roman lineaments of whose countenance should have been pourtrayed by a Titian or Vandyke, was the animating spirit of the orchestra.	Titian	Q47551	person	given name	Q19968408	Tiziano
The Musical Times_1853-106_ms_1	Spagnoletti, the leader, the fine Roman lineaments of whose countenance should have been pourtrayed by a Titian or Vandyke, was the animating spirit of the orchestra.	Vandyke	Q150679	person	given name	Q12241622	Anthony
The_Musical_World_ms_1856-036_2_	The quartets from Rigoletto and Oberon, both excellent specimens of their widely different schools, could hardly have been intrusted to more competent artists than Madame Novello, Miss Dolby, Mr. Sims Reeves, and Mr. Weiss.	Mr. Weiss	Q8022239	person	given name	Q19873317	Willoughby
The Harmonicon_1828-005_ms_2	When Pugnani and Viotti quitted St. Petersburg, where they had been loaded with favours by Catherine the Second, they paid a visit to Berlin, at the time that our violinist was in possession of the public favour.	Catherine the Second	Q36450	person	given name	"Q2218095;Q14942517;Q16277712;Q17317988"	"Catherine; Sophie; Katharina; Ekaterina"
the_Quarterly_Musical_Magazine_And_Review_ms_1827-034_4_	"About forty years ago the company of Italian singers, called the company of Monsieur (since Louis 18th), made the Parisians hear the divine accents of Paisiello and Pergolesi; but this company could not obtain the victory unassisted."	Paisiello	Q202303	person	given name	"Q1158906;Q3663231;Q18558694"	"Giovanni; Cataldo; Gregorio"
The_Quarterly_Musical_Magazine_And_Review_ms_1826-030_6_	Scarlatti was the next composer of overtures. Then followed the Concerti grossi of Corelli and Vivaldi, and lastly the concertos and overtures of Handel, Bach, Jomelli, Porpora, and Bononcini, with others of less note.	Scarlatti	Q167837	person	given name	Q1765453	Domenico
The_Quarterly_Musical_Magazine_And_Review_ms_1826-030_6_	Scarlatti was the next composer of overtures. Then followed the Concerti grossi of Corelli and Vivaldi, and lastly the concertos and overtures of Handel, Bach, Jomelli, Porpora, and Bononcini, with others of less note.	Vivaldi	Q1340	person	given name	"Q7141520;Q8140778"	"Antonio; Lucio"
The_Quarterly_Musical_Magazine_And_Review_ms_1826-030_6_	Scarlatti was the next composer of overtures. Then followed the Concerti grossi of Corelli and Vivaldi, and lastly the concertos and overtures of Handel, Bach, Jomelli, Porpora, and Bononcini, with others of less note.	Bononcini	Q315241	person	given name	Q1158906	Giovanni
The_Musical_World_ms_1855-025_3_	Besides the advantage of Cervetto as a master, our departed friend, Lindley, had also the opportunity, in his youth, of hearing and playing with Crosdill, whose powerful tone excelled that of any previous performer.	Cervetto	Q1364637	person	given name	Q18020485	Giacomo
The_Musical_World_ms_1855-025_3_	Besides the advantage of Cervetto as a master, our departed friend, Lindley, had also the opportunity, in his youth, of hearing and playing with Crosdill, whose powerful tone excelled that of any previous performer.	Lindley	Q18593452	person	given name	Q4927937	Robert
The_Musical_World_ms_1855-025_3_	Besides the advantage of Cervetto as a master, our departed friend, Lindley, had also the opportunity, in his youth, of hearing and playing with Crosdill, whose powerful tone excelled that of any previous performer.	Crosdill	Q6227740	person	given name	Q4925477	John
The_Musical_Times_ms_1901-705_2_	Under the auspices of the Society for the Cultivation of Danish Music, a composition, by Niels W. Gade, entitled ‘Baldur’s Dream,’ for solo voices, chorus, and orchestra, has just been published for the first time.	Niels W. Gade	Q154632	person	given name	"Q2001572;Q11027623"	"Niels; Wilhelm"
Dwight's Journal of Music_1859-004_ms_3	"At the Opera we have‘had the “Prophet,” the fanchonette,” the ‘Lucia di Lammermoor,” and “the “Muette de Portici;” a night; each, of Mey erbecr, “Clapisson, Donizetti and Auber."	Clapisson	Q1871594	person	given name	Q2897866	Louis
The_Quarterly_Musical_Magazine_And_Review_ms_1827-036_1_	Fischer then passed to Italy, and from thence to England, where (in 1769) he formed one of those solo. performers with Abel, Cramer, Crosdill, and Cervetto, for whom John Christian Bach, then in England, wrote solos in his concertos when his - hand was likely to tire or he wanted support.	Fischer	Q820692	person	given name	Q11122389	Johann
The_Quarterly_Musical_Magazine_And_Review_ms_1827-036_1_	Fischer then passed to Italy, and from thence to England, where (in 1769) he formed one of those solo. performers with Abel, Cramer, Crosdill, and Cervetto, for whom John Christian Bach, then in England, wrote solos in his concertos when his - hand was likely to tire or he wanted support.	Abel	Q168539	person	given name	"Q2529610;Q14038597"	"Carl; Friedrich"
The_Quarterly_Musical_Magazine_And_Review_ms_1827-036_1_	Fischer then passed to Italy, and from thence to England, where (in 1769) he formed one of those solo. performers with Abel, Cramer, Crosdill, and Cervetto, for whom John Christian Bach, then in England, wrote solos in his concertos when his - hand was likely to tire or he wanted support.	Cervetto	Q18529811	person	given name	Q677191	James
Dwight's Journal of Music_1854-002_ms_3	Inthe year 1720, there appeared a satirical work of ‘Benedetto Marcello, the celebrated author of thé Psalms, which gives a lively -picture of the musical drama at that period.	Benedetto Marcello	Q312784	person	given name	Q12898987	Benedetto
The Harmonicon_1832-006_ms_4	I hear with great regret of the sudden death of M. Frederick Kuhlau, of Copenhagen, a composer whose namie is very little known out of Denmark, but who posSessed a very considerable share of talent.	M. Frederick Kuhlau	Q157865	person	given name	Q14038597	Friedrich
The Musical Times_1881-455_ms_4	It was, indeed, on his extensive collection of such treasures that Bishop Percy drew when.he published his famous ‘Reliques,” and thus prepared a heaithy revolution ‘in English literature against the stiltedness and pom‘pousness of eighteenth century poets.	Percy	Q712930	person	given name	Q16428906	Thomas
the_Musical_Times_ms_1895-634_1_	On the 5th ult. the Albert Hall was again crowded to excess on the occasion of Mr. Fould’s miscellaneous Concert, when Madame Albani, Miss Clara Butt, Mr. Norman Salmond, M. Johannes Wolff, M. Hollman, and ‘M. Raoul Pugno appeared.	Madame Albani	Q2503633	person	given name	Q541194	Emma
the_Musical_Times_ms_1895-634_1_	On the 5th ult. the Albert Hall was again crowded to excess on the occasion of Mr. Fould’s miscellaneous Concert, when Madame Albani, Miss Clara Butt, Mr. Norman Salmond, M. Johannes Wolff, M. Hollman, and ‘M. Raoul Pugno appeared.	Miss Clara Butt	Q461921	person	given name	Q1114146	Clara
the_Musical_Times_ms_1895-634_1_	On the 5th ult. the Albert Hall was again crowded to excess on the occasion of Mr. Fould’s miscellaneous Concert, when Madame Albani, Miss Clara Butt, Mr. Norman Salmond, M. Johannes Wolff, M. Hollman, and ‘M. Raoul Pugno appeared.	Mr. Norman Salmond	Q5442324	person	given name	Q18177136	Felix
the_Musical_Times_ms_1895-634_1_	On the 5th ult. the Albert Hall was again crowded to excess on the occasion of Mr. Fould’s miscellaneous Concert, when Madame Albani, Miss Clara Butt, Mr. Norman Salmond, M. Johannes Wolff, M. Hollman, and ‘M. Raoul Pugno appeared.	M. Johannes Wolff	Q21129875	person	given name	Q2117521	Johannes
the_Musical_Times_ms_1895-634_1_	On the 5th ult. the Albert Hall was again crowded to excess on the occasion of Mr. Fould’s miscellaneous Concert, when Madame Albani, Miss Clara Butt, Mr. Norman Salmond, M. Johannes Wolff, M. Hollman, and ‘M. Raoul Pugno appeared.	M. Hollman	Q1406368	person	given name	Q471788	Joseph
the_Musical_Times_ms_1895-634_1_	On the 5th ult. the Albert Hall was again crowded to excess on the occasion of Mr. Fould’s miscellaneous Concert, when Madame Albani, Miss Clara Butt, Mr. Norman Salmond, M. Johannes Wolff, M. Hollman, and ‘M. Raoul Pugno appeared.	M. Raoul Pugno	Q1333281	person	given name	Q3501543	Stéphane
The_Musical_Times_ms_1885-505_6_	The choir is steadily improving in precision, delicacy, and refinement, as was shown on this occasion, more particularly in ‘The Silver Swan” of Orlando Gibbons, Wilbye’s “Stay, Corydon,” and Pearsall’s famous ballad dialogue for ten voices, ‘Sir Patrick Spens.’	Wilbye	Q682089	person	given name	Q4925477	John
The_Musical_Times_ms_1885-505_6_	The choir is steadily improving in precision, delicacy, and refinement, as was shown on this occasion, more particularly in ‘The Silver Swan” of Orlando Gibbons, Wilbye’s “Stay, Corydon,” and Pearsall’s famous ballad dialogue for ten voices, ‘Sir Patrick Spens.’	Pearsall	Q3816877	person	given name	Q4927937	Robert
Dwight's Journal of Music_1859-004_ms_2	M.. Lubeck, director of the Royal Conservatory ‘at the Hague, sends us his tuning - fork, which 1s somewhat less high than our own, and ‘at the same. time promises us his adhesion and support.	M .. Lubeck	Q4271413	person	given name	Q54835643	Johann Heinrich
the_Musical_Times_ms_1884-493_3_	We are glad also to find that Reyer’s Opera ‘Sigurd,” lately received with so much favour in Brussels, will be given, with Madame Albani in the character of the heroine.	Reyer	Q516937	person	given name	Q595105	Ernest
the_Quarterly_Musical_Magazine_And_Review_ms_1827-034_3_	"If you doubt the excess of folly to which we have been led, during the last three years in the fine arts by our ridiculous vanity, which our journalists distinguish by the name of national honour, I refer you to that amongst our periodical works which possesses most talent, the Jotirnal des Debats; you will there find, in 1824 or 1823, that M. Monsigny, an excellent man, who produced some operas at the Feydeau, is the musician of Europe, that is to say, he is not only as well known as Mozart’ or Cimarosa in London, Vienna, and Naples, but is reputed to be by far superior to them all."	M. Monsigny	Q705124	person	given name	Q3382772	Pierre-Alexandre
the_Musical_Times_ms_1902-709_4_	The first chapter in the volume begins by mentioning Emilio del Cavalieri’s ‘Rappresentatione di anima e di corpo,’ with which the new style of music made its entry into Rome in the year 1600, and then he goes on to show how varied melody, choral polyphony, the lied form, the aria, new tonality, and a feeling for unity were. gradually introduced and developed by such composers as Agazzari, Marco da Gagliano, Stefano Landi (whose works show important advance in form, instrumentation, and characterisation), Michelangelo, Rossi, & c.	Agazzari	Q395563	person	given name	Q18645188	Agostino
the_Musical_Times_ms_1902-709_4_	The first chapter in the volume begins by mentioning Emilio del Cavalieri’s ‘Rappresentatione di anima e di corpo,’ with which the new style of music made its entry into Rome in the year 1600, and then he goes on to show how varied melody, choral polyphony, the lied form, the aria, new tonality, and a feeling for unity were. gradually introduced and developed by such composers as Agazzari, Marco da Gagliano, Stefano Landi (whose works show important advance in form, instrumentation, and characterisation), Michelangelo, Rossi, & c.	Marco da Gagliano	Q540638	person	given name	Q17520955	Marco
the_Musical_Times_ms_1902-709_4_	The first chapter in the volume begins by mentioning Emilio del Cavalieri’s ‘Rappresentatione di anima e di corpo,’ with which the new style of music made its entry into Rome in the year 1600, and then he goes on to show how varied melody, choral polyphony, the lied form, the aria, new tonality, and a feeling for unity were. gradually introduced and developed by such composers as Agazzari, Marco da Gagliano, Stefano Landi (whose works show important advance in form, instrumentation, and characterisation), Michelangelo, Rossi, & c.	Stefano Landi	Q381943	person	given name	Q650375	Stefano
the_Musical_Times_ms_1902-709_4_	The first chapter in the volume begins by mentioning Emilio del Cavalieri’s ‘Rappresentatione di anima e di corpo,’ with which the new style of music made its entry into Rome in the year 1600, and then he goes on to show how varied melody, choral polyphony, the lied form, the aria, new tonality, and a feeling for unity were. gradually introduced and developed by such composers as Agazzari, Marco da Gagliano, Stefano Landi (whose works show important advance in form, instrumentation, and characterisation), Michelangelo, Rossi, & c.	Michelangelo , Rossi	Q966250	person	given name	Q4927524	Michael
TheHarmonicon__1832-012.txt_1315	We now open the volume, and the presentation - plate immediately attracts our notice — an elegant lithographed design by Hamerton.	Hamerton	Q52498671	person	given name	Q4927937	Robert
The Musical Times_1871-335_ms_5	"On the Ist of April following, Judas Maccabeus was reproduced, which had been brought out in the previous year as an ode of victory, a musical ovation, to William, Duke of Cumberland, in honour of his success against the unfortunate Charles Edward; and, on its reproduction, the song of triumph was interpolated into it from the other work, for, we may well believe, it had already become popular, although it had been first heard but three weeks before, and it embodied to the very life the people’s feelings; and since that occasion the piece has been integral to both Oratorios."	Charles Edward	Q312581	person	given name	"Q278835;Q2275264;Q2897866;Q2958359;Q4925477;Q18176264;Q19828535;Q25413386"	"Edward; Severino; Louis; Charles; John; Casimir; Sylvester; Maria"
TheQuarterlyMusicalMagazineAndReview__1824-022.txt_3025	The next is a solo for an alto, anda quartet from Naumann.	Naumann	Q213927	person	given name	Q11122389	Johann
The Harmonicon_1832-006_ms_1	In the course of his studies he had composed several masses, motets, hymns, kyries,. magnificats, and other June, 1832. works in the church - style, which were occasionally performed at the chapel at Munich, so greatly to his reputation, that Ernest Augustus, Duke of Brunswick, the father of George I. of England, though a Protestant prince, being a passionate lover of music, invited him to the court of Hanover, conferred on him, it has been said, the appointment of master of his chapel *, and committed to his care the management of the Opera, an entertainment which had then but lately found its way into Germany.	Ernest Augustus , Duke of Brunswick	Q372190	person	given name	"Q292691;Q595105"	"Ernst; Ernest"
The Harmonicon_1832-006_ms_1	In the course of his studies he had composed several masses, motets, hymns, kyries,. magnificats, and other June, 1832. works in the church - style, which were occasionally performed at the chapel at Munich, so greatly to his reputation, that Ernest Augustus, Duke of Brunswick, the father of George I. of England, though a Protestant prince, being a passionate lover of music, invited him to the court of Hanover, conferred on him, it has been said, the appointment of master of his chapel *, and committed to his care the management of the Opera, an entertainment which had then but lately found its way into Germany.	George I. of England	Q130805	person	given name	Q15921732	Q15921732
The Harmonicon_1827-002_ms_4	"Among the many that resorted to him for instruction, was Lord Paisley, afterwards Earl of Abercorn; to whom Dr. Pepusch had communicated lessons in writing for his private study, with no other stipulation not to impart them to the world, than is implied in the mutual relation of teacher and scholar: which, however, it seems, was so ill understood, that in the year 1730 the substance of these lessons was by his pupil published, under the following title: A short Treatise on Harmony, containing the chief rules for composing in two, three, and four parts, dedicated to all lovers of music."	Lord Paisley	Q3806590	person	given name	Q677191	James
TheMusicalWorld__1844-006.txt_135	, Wilson’s lecture was distinguished, as usual, by its good sense, and his vocal illustrations were exquisite	Wilson	Q6264502	person	given name	Q4925477	John
The_Musical_Times_ms_1899-680_1_	"In addition to the works already named, Mr. Randegger has composeda scena, ‘Medea,” sung by Madame Rudersdorff at the Leipzig Gewandhaus in 1869, of which the original autograph score is now preserved in the library of the Gewandhaus; “Saffo,” sung by Madame Lemmens Sherrington at the British Orchestral Society’s concert, March 31, 1875; the 150th Psalm, for. soprano solo, chorus, orchestra, and organ, written for the Boston (Mass.) Festival, 1872; and a scena, “The Prayer of Nature” (Byron), for Mr. Edward Lloyd, Philharmonic: Society, June 9, 1887."	Madame Rudersdorff	Q17575680	person	given name	Q19968531	Hermine
The_Musical_Times_ms_1899-680_1_	"In addition to the works already named, Mr. Randegger has composeda scena, ‘Medea,” sung by Madame Rudersdorff at the Leipzig Gewandhaus in 1869, of which the original autograph score is now preserved in the library of the Gewandhaus; “Saffo,” sung by Madame Lemmens Sherrington at the British Orchestral Society’s concert, March 31, 1875; the 150th Psalm, for. soprano solo, chorus, orchestra, and organ, written for the Boston (Mass.) Festival, 1872; and a scena, “The Prayer of Nature” (Byron), for Mr. Edward Lloyd, Philharmonic: Society, June 9, 1887."	Madame Lemmens Sherrington	Q1027279	person	given name	Q13376892	Helen
TheQuarterlyMusicalMagazineAndReview__1825-025.txt_1732	Gavinies published three books of sonatas, and several concertos, which are very highly esteemed by connoisseurs.	Gavinies	Q490205	person	occupation	Q36834	composer
TheHarmonicon__1832-012.txt_996	, I believe Have you ever remonstrated or. petitioned the Lord Chamberlain upon the subject?	Lord Chamberlain	Q541755	person	occupation	Q82955	politician
TheMusicalTimes__1875-388.txt_2262	Mr. Liddle officiated as leader of the band, Mr. C. Hancock presided at the harmonium, and Sir George Elvey conducted.	Mr. C. Hancock	Q16030597	person	occupation	Q36834	composer
TheMusicalTimes__1875-388.txt_2262	Mr. Liddle officiated as leader of the band, Mr. C. Hancock presided at the harmonium, and Sir George Elvey conducted.	Sir George Elvey	Q5541104	person	occupation	"Q36834;Q13424456"	"composer; hymnwriter"
TheHarmonicon__1824-016.txt_50	Mr. Viotti had some share in the management of the King’s Theatre.	Mr. Viotti	Q313188	person	occupation	"Q36834;Q1259917;Q2675537;Q3153559"	"composer; violinist; music teacher; music interpreter"
TheMusicalWorld__1843-038.txt_147	of Rameau was represented in 1735, it was a balletopera Les Indes galantes.	Rameau	Q1145	person	occupation	"Q36834;Q765778;Q2490358;Q5371902;Q14915627;Q16031530;Q18931911"	"composer; organist; choreographer; harpsichordist; musicologist; music theorist; theorist"
TheHarmonicon__1832-012.txt_4	Benzamin Rogenrs, son of Peter Rogers of St. George's Chapel, Windsor, was born in that town, and after being a chorister, became a lay - clerk, or singing - man, of the choir of which his father was a member.	Benzamin Rogenrs	Q18546476	person	occupation	"Q36834;Q765778"	"composer; organist"
TheMusicalTimes__1876-402.txt_2227	The programme contained selections from the works of Bach, Handel, Mendelssohn, Cherubini, and Lefébure - Wély.	Bach	Q1339	person	occupation	"Q36834;Q158852;Q214970;Q691031;Q765778;Q1076502;Q1259917;Q2251335;Q5371902;Q14915627;Q16145150"	"composer; conductor; virtuoso; concertmaster; organist; choir director; violinist; school teacher; harpsichordist; musicologist; music educator"
TheMusicalTimes__1876-402.txt_2227	The programme contained selections from the works of Bach, Handel, Mendelssohn, Cherubini, and Lefébure - Wély.	Handel	Q7302	person	occupation	"Q36834;Q765778;Q943995;Q1259917;Q1622272;Q5371902;Q21680731"	"composer; organist; impresario; violinist; university teacher; harpsichordist; opera composer"
TheMusicalTimes__1876-402.txt_2227	The programme contained selections from the works of Bach, Handel, Mendelssohn, Cherubini, and Lefébure - Wély.	Mendelssohn	Q46096	person	occupation	"Q36180;Q36834;Q158852;Q486748;Q765778;Q1028181;Q1622272;Q14915627;Q16145150"	"writer; composer; conductor; pianist; organist; painter; university teacher; musicologist; music educator"
TheMusicalTimes__1876-402.txt_2227	The programme contained selections from the works of Bach, Handel, Mendelssohn, Cherubini, and Lefébure - Wély.	Cherubini	Q20721	person	occupation	"Q36834;Q158852;Q14915627;Q16031530;Q16145150"	"composer; conductor; musicologist; music theorist; music educator"
TheMusicalTimes__1876-402.txt_2227	The programme contained selections from the works of Bach, Handel, Mendelssohn, Cherubini, and Lefébure - Wély.	Lefébure - Wély	Q546919	person	occupation	"Q36834;Q486748;Q765778"	"composer; pianist; organist"
TheQuarterlyMusicalMagazineAndReview__1824-022.txt_3748	Mr. Mocre is the adaptor of words to this composition, which is a tirana, arranged by Mr. Bishop.	Mr. Mocre	Q315346	person	occupation	"Q49757;Q753110"	"poet; songwriter"
TheQuarterlyMusicalMagazineAndReview__1824-022.txt_3748	Mr. Mocre is the adaptor of words to this composition, which is a tirana, arranged by Mr. Bishop.	Mr. Bishop	Q1200639	person	occupation	"Q36834;Q158852"	"composer; conductor"
TheMusicalTimes__1876-402.txt_1237	F. J. Amor, H. Lazarus, Walter Pettit, F. Ralph, P. Sainton, J. Thomas, A. White, and the Principal.	H. Lazarus	Q5724751	person	occupation	"Q36834;Q118865;Q12800682;Q14915627;Q16145150;Q97572814"	"composer; clarinetist; saxophonist; musicologist; music educator; wind instrument player"
TheMusicalTimes__1876-402.txt_1237	F. J. Amor, H. Lazarus, Walter Pettit, F. Ralph, P. Sainton, J. Thomas, A. White, and the Principal.	J. Thomas	Q1701921	person	occupation	"Q36834;Q16145150"	"composer; music educator"
TheMusicalTimes__1876-402.txt_2212	Batiste’s Andante in G, an Offertoire by Lefébure - Wély, 2 Fugue by Mendelssohn, and Gounod’s	Batiste	Q274231	person	occupation	"Q36834;Q765778;Q1622272;Q16145150"	"composer; organist; university teacher; music educator"
TheMusicalTimes__1876-402.txt_2212	Batiste’s Andante in G, an Offertoire by Lefébure - Wély, 2 Fugue by Mendelssohn, and Gounod’s	Gounod	Q180278	person	occupation	"Q36834;Q765778;Q14915627;Q16145150;Q21680663"	"composer; organist; musicologist; music educator; classical composer"
TheHarmonicon__1833-005.txt_1306	Under the Direction of the Earl of Cawdor, Wednesday, April 24, 1833.	Earl of Cawdor	Q6224952	person	occupation	Q82955	politician
TheHarmonicon__1833-005.txt_274	Of the publication of Volume II. of Dr. Burney’s great work we have the following account:	Dr. Burney	Q547002	person	occupation	"Q36180;Q36834;Q201788;Q765778;Q5371902;Q14915627;Q20198542"	"writer; composer; historian; organist; harpsichordist; musicologist; music historian"
TheHarmonicon__1824-016.txt_3646	On the same occasion, a quintett and chorus from Jerusalem delivered, an oratorio by M. Eberwein, which is still in MS. was received with much applause.	M. Eberwein	Q215521	person	occupation	"Q36834;Q158852"	"composer; conductor"
TheMusicalTimes__1875-388.txt_580	The Music adapted from SPINDLER’s HUSARENRITT by Louis Dien1.	Louis Dien1	Q19900926	person	occupation	"Q639669;Q1028181"	"musician; painter"
DwightSJournalOfMusic__1873-016.txt_337	Some think they detect already in Weber's “Preciosa” and	Weber	Q154812	person	occupation	"Q36834;Q158852;Q486748;Q855091;Q1350157;Q24067349"	"composer; conductor; pianist; guitarist; music critic; classical guitarist"
TheHarmonicon__1824-016.txt_1362	Oakley, Esq., of Tavistock Place, and the late James Perry Esq.,. of the Morning Chronicle.	James Perry	Q15047460	person	occupation	Q1930187	journalist
TheQuarterlyMusicalMagazineAndReview__1828-037.txt_1289	that many composers who lose themselves in the clouds of mannerism and affectation, would imitate thewisdom of Sirletti, Asioli, and Pollini —	Sirletti	Q102283903	person	occupation	Q36834	composer
TheQuarterlyMusicalMagazineAndReview__1828-037.txt_1289	that many composers who lose themselves in the clouds of mannerism and affectation, would imitate thewisdom of Sirletti, Asioli, and Pollini —	Asioli	Q892563	person	occupation	"Q36834;Q158852;Q14915627;Q16145150;Q18931911;Q19723482"	"composer; conductor; musicologist; music educator; theorist; mandolinist"
TheQuarterlyMusicalMagazineAndReview__1828-037.txt_1289	that many composers who lose themselves in the clouds of mannerism and affectation, would imitate thewisdom of Sirletti, Asioli, and Pollini —	Pollini	Q1351579	person	occupation	"Q36834;Q37226;Q177220;Q486748;Q16145150"	"composer; teacher; singer; pianist; music educator"
TheQuarterlyMusicalMagazineAndReview__1826-029.txt_43	"Second Concerto and Di Tanti, 294 Kiallmark, his Le pas de Polichinelle, 1145, Are ye'angry, 238;"	Kiallmark	Q18671297	person	occupation	"Q36834;Q1259917"	"composer; violinist"
TheQuarterlyMusicalMagazineAndReview__1828-037.txt_1246	This enthusiastic composer, rich in talent, of the school of Bartolomeo Felici, wrote in the purest style.	Bartolomeo Felici	Q20757883	person	occupation	"Q36834;Q639669"	"composer; musician"
TheQuarterlyMusicalMagazineAndReview__1828-037.txt_255	"Piano Forte ed Arpa da L. Cherubini, » Almen se non possio, Canzonetta; Poetry by Metastasio; Music by"	Metastasio	Q29473	person	occupation	"Q36180;Q49757;Q214917;Q250867;Q753110;Q8178443"	"writer; poet; playwright; Catholic priest; songwriter; librettist"
TheQuarterlyMusicalMagazineAndReview__1828-037.txt_2042	Here examples are given of the psalms of Marot and some of the earliest psalmists, whose compositions were even then considered as impudent innovations.	Marot	Q108926	person	occupation	"Q36180;Q49757;Q333634"	"writer; poet; translator"
TheQuarterlyMusicalMagazineAndReview__1826-029.txt_1274	This will serve to give some idea of the extensive field entered upon by Martini, and the diffuseness of that part which is completed.	Martini	Q283651	person	occupation	"Q36834;Q201788;Q250867;Q486748;Q14915627;Q16031530;Q16145150"	"composer; historian; Catholic priest; pianist; musicologist; music theorist; music educator"
TheHarmonicon__1828-001.txt_1842	the Bacchanalian Song from Spontini’s Danaides, and several other pieces too numerous to particularize.	Spontini	Q168485	person	occupation	"Q36834;Q158852;Q1198887"	"composer; conductor; music director"
TheMusicalWorld__1844-006.txt_405	Vienna, Jan. 10. _ Donizetti has arrived in this city in perfect health.	Donizetti	Q101698	person	occupation	Q36834	composer
TheQuarterlyMusicalMagazineAndReview__1824-022.txt_1692	Nevertheless, to be the rival of Carissimi he must have possessed considerable talent, both as a musician and a composer.	Carissimi	Q312686	person	occupation	Q36834	composer
TheQuarterlyMusicalMagazineAndReview__1826-029.txt_1062	Since this note was written, a strong confirmation has been given to my opinion by a perusal of the History of the East Indies, from the French of L’Abbe Guyon.	L’Abbe Guyon	Q2976789	person	occupation	Q201788	historian
TheMusicalWorld__1844-006.txt_932	Her Majesty and Prince Albert took a part in ‘Die Elfen Walzer.	Prince Albert	Q152245	person	occupation	"Q158852;Q177220;Q639669;Q765778;Q1028181"	"conductor; singer; musician; organist; painter"
TheMusicalWorld__1843-036.txt_391	Nor let us omit the performance of Grisias the Lady Norina in Pasquale, which was one of the most admirable specimens of comic talent ever seen on any stage.	Grisias	Q287344	person	occupation	"Q177220;Q2865819"	"singer; opera singer"
TheQuarterlyMusicalMagazineAndReview__1825-025.txt_1373	Sabadini also composed oratorios, the best of which was “La Divina Sapienza.	Sabadini	Q3638803	person	occupation	Q36834	composer
TheMusicalTimes__1873-366.txt_1521	The chair was occupied en the occasion by Sir Thomas Gladstone, Bart.	Sir Thomas Gladstone	Q7529140	person	occupation	Q82955	politician
TheMusicalTimes__1876-402.txt_2623	’s 24th Psalm, adapted to the English version, by W. T. Freemantle (and revised by the late Dr. S. S. Wesley).	W. T. Freemantle	Q8019310	person	occupation	"Q36834;Q482980;Q5697103"	"composer; author; antiquarian"
TheMusicalTimes__1876-402.txt_2623	’s 24th Psalm, adapted to the English version, by W. T. Freemantle (and revised by the late Dr. S. S. Wesley).	Dr. S. S. Wesley	Q746420	person	occupation	"Q36834;Q1076502;Q1278335"	"composer; choir director; instrumentalist"
TheMusicalTimes__1876-402.txt_1166	, Arthur Sullivan, Mus. D., Cantab., the Conductor, and the Principal — Eaton Faning.	Arthur Sullivan	Q212692	person	occupation	"Q36834;Q158852;Q765778;Q16145150"	"composer; conductor; organist; music educator"
TheMusicalTimes__1876-402.txt_1166	, Arthur Sullivan, Mus. D., Cantab., the Conductor, and the Principal — Eaton Faning.	Eaton Faning	Q5331349	person	occupation	"Q36834;Q16145150"	"composer; music educator"
TheQuarterlyMusicalMagazineAndReview__1828-037.txt_2268	‘Carron side,” an opera by Signor Liverati, was produced with success.	Signor Liverati	Q3767573	person	occupation	"Q36834;Q158852;Q177220"	"composer; conductor; singer"
TheQuarterlyMusicalMagazineAndReview__1825-025.txt_1821	For ten years Jarnowick was in great favour with the public.	Jarnowick	Q1526160	person	occupation	"Q36834;Q1259917"	"composer; violinist"
TheQuarterlyMusicalMagazineAndReview__1826-029.txt_2209	Mr. Kalkbrenner’s inelange displays great taste, both in the selection and treatment. of his subjects.	Mr. Kalkbrenner	Q170270	person	occupation	"Q36834;Q486748;Q1622272;Q14915627;Q16145150;Q21680663"	"composer; pianist; university teacher; musicologist; music educator; classical composer"
TheQuarterlyMusicalMagazineAndReview__1828-037.txt_208	“Qui est Rex Gloriosus,” Canon four in two, composed and dedicated to Thomas Attwood, Esq.	Thomas Attwood	Q2422110	person	occupation	"Q36834;Q158852;Q16145150"	"composer; conductor; music educator"
TheQuarterlyMusicalMagazineAndReview__1826-029.txt_3161	There are few persons in this country, we apprehend, who are not now aware of the splendid donation made by the late Viscount Fitzwilliam to the University of Cambridge.	Viscount Fitzwilliam	Q7325692	person	occupation	"Q82955;Q10732476;Q14915627"	"politician; art collector; musicologist"
TheMusicalWorld__1844-006.txt_464	The vocal music was scarcely so good as usual — with the exception of the scena of Miss Rainforth.	Miss Rainforth	Q17355767	person	occupation	Q2865819	opera singer
TheMusicalWorld__1844-006.txt_48	We can not speak too highly of the manner in which this magnificent burst of grandeur was rendered, by Mr. Sterndale Bennett and his able assistants,	Mr. Sterndale Bennett	Q201164	person	occupation	"Q36834;Q158852;Q486748;Q1622272;Q16145150"	"composer; conductor; pianist; university teacher; music educator"
TheQuarterlyMusicalMagazineAndReview__1825-025.txt_2506	passage, taken up by the other parts as a round, like Rossini’s	Rossini	Q9726	person	occupation	Q36834	composer
TheMusicalTimes__1876-402.txt_1201	G. Benson, Ettore Fiori, Manuel Garcia, P. Goldberg, A. Randegger, T. A. Wallworth, and the Principal.	Ettore Fiori	Q55912552	person	occupation	"Q158852;Q1836630"	"conductor; maestro"
TheMusicalTimes__1876-402.txt_1201	G. Benson, Ettore Fiori, Manuel Garcia, P. Goldberg, A. Randegger, T. A. Wallworth, and the Principal.	Manuel Garcia	Q333183	person	occupation	"Q37226;Q39631;Q177220;Q205375;Q1836630;Q2350126;Q2865819"	"teacher; physician; singer; inventor; maestro; opera vocal coach; opera singer"
TheMusicalTimes__1876-402.txt_1201	G. Benson, Ettore Fiori, Manuel Garcia, P. Goldberg, A. Randegger, T. A. Wallworth, and the Principal.	A. Randegger	Q4712167	person	occupation	"Q36834;Q37226;Q158852;Q16145150"	"composer; teacher; conductor; music educator"
TheHarmonicon__1832-012.txt_37	Thornhill drew ail their portraits in pencil, and Prior wrote humorous verses under each.	Thornhill	Q1681192	person	occupation	"Q82955;Q483501;Q984276;Q1028181"	"politician; artist; court painter; painter"
TheMusicalTimes__1875-388.txt_1671	The artists engaged were the Misses Agnes Drummond, Josephine Pulham, Marian Haigh, Florence Wydford, and Messrs. Henry Guy, Theodore Distin, E. Stone, and Thurley Beale.	Theodore Distin	Q76098551	person	occupation	Q36834	composer
TheMusicalWorld__1843-038.txt_419	Mrs. Shaw sang the next piece, No. 17, with more grace and power of vocalization than she had displayed during her visit.	Mrs. Shaw	Q3291051	person	occupation	Q2865819	opera singer
TheMusicalTimes__1876-402.txt_2038	“Lives of the Professors of Gresham College” is a list of musical works in manuscript of Dr. J. Bull, in possession of Dr. Pepusch	Dr. J. Bull	Q511463	person	occupation	"Q36834;Q765778;Q5371902;Q81759238"	"composer; organist; harpsichordist; music professor"
TheMusicalTimes__1876-402.txt_2038	“Lives of the Professors of Gresham College” is a list of musical works in manuscript of Dr. J. Bull, in possession of Dr. Pepusch	Dr. Pepusch	Q371825	person	occupation	"Q36834;Q14915627;Q16031530"	"composer; musicologist; music theorist"
TheQuarterlyMusicalMagazineAndReview__1828-037.txt_387	Air Suisse, with an Introduction and Variations for the Piano Forte, composed by H. Herz.	H. Herz	Q572547	person	occupation	"Q36834;Q486748;Q885122"	"composer; pianist; piano maker"
TheQuarterlyMusicalMagazineAndReview__1824-022.txt_3868	Dr. Anslem Bayly, Sub - Dean of this Majesty’s Chapels Royal.	Dr. Anslem Bayly	Q4770596	person	occupation	Q36180	writer
TheQuarterlyMusicalMagazineAndReview__1825-025.txt_1912	Charles Phillippe Lafont, a very distinguished violinist, began to learn the violin with his mother, who was the sister of Berthaume, when yet very young.	Charles Phillippe Lafont	Q517502	person	occupation	"Q36834;Q177220;Q899758;Q1259917"	"composer; singer; violist; violinist"
TheHarmonicon__1832-012.txt_1860	Among the pieces were Beethoven’s grand symphony in bp, and the overtures to Don Juan and Reissiger’s Felsenmithle, all of which were exquisitely played.	Beethoven	Q255	person	occupation	Q36834	composer
TheHarmonicon__1832-012.txt_1860	Among the pieces were Beethoven’s grand symphony in bp, and the overtures to Don Juan and Reissiger’s Felsenmithle, all of which were exquisitely played.	Reissiger	Q213894	person	occupation	"Q36834;Q158852;Q177220;Q486748;Q14915627"	"composer; conductor; singer; pianist; musicologist"
TheQuarterlyMusicalMagazineAndReview__1825-025.txt_2308	Venice, besides the advantage of having orators destined to educate the singers, had Gasparini and Lotti as directors of the schools..	Gasparini	Q446955	person	occupation	"Q36834;Q158852;Q1198887;Q14915627;Q16031530"	"composer; conductor; music director; musicologist; music theorist"
TheQuarterlyMusicalMagazineAndReview__1825-025.txt_2308	Venice, besides the advantage of having orators destined to educate the singers, had Gasparini and Lotti as directors of the schools..	Lotti	Q168345	person	occupation	"Q36834;Q177220;Q765778"	"composer; singer; organist"
TheQuarterlyMusicalMagazineAndReview__1826-029.txt_3512	the subject of the Air from a French Melody, composed by Pio Glanchettini.	Pio Glanchettini	Q18819786	person	occupation	Q36834	composer
TheQuarterlyMusicalMagazineAndReview__1825-025.txt_1788	w ho were accustomed to meet there frequently, such as Pagin, Gavinies, Pugnani, Gi- ardini, Van Malder, Dominico Ferrari, & c.	Pagin	Q516496	person	occupation	Q36834	composer
TheQuarterlyMusicalMagazineAndReview__1825-025.txt_1788	w ho were accustomed to meet there frequently, such as Pagin, Gavinies, Pugnani, Gi- ardini, Van Malder, Dominico Ferrari, & c.	Pugnani	Q560926	person	occupation	"Q36834;Q691031;Q1259917"	"composer; concertmaster; violinist"
TheQuarterlyMusicalMagazineAndReview__1825-025.txt_1788	w ho were accustomed to meet there frequently, such as Pagin, Gavinies, Pugnani, Gi- ardini, Van Malder, Dominico Ferrari, & c.	Van Malder	Q509130	person	occupation	"Q36834;Q1259917"	"composer; violinist"
TheQuarterlyMusicalMagazineAndReview__1825-025.txt_1788	w ho were accustomed to meet there frequently, such as Pagin, Gavinies, Pugnani, Gi- ardini, Van Malder, Dominico Ferrari, & c.	Dominico Ferrari	Q1237139	person	occupation	"Q36834;Q1259917"	"composer; violinist"
TheHarmonicon__1828-001.txt_447	I am marvellously curious to see the violin quartet written by Rossini for Ricordi, the music - dealer, of Milan.	Ricordi	Q1046463	person	occupation		
DwightSJournalOfMusic__1873-016.txt_742	When Garibaldi raised the standard of revolt at Marsala, a number of volunteers.	Garibaldi	Q539	person	occupation	"Q36180;Q47064;Q82955;Q178197;Q1397808;Q18814623"	"writer; military personnel; politician; mercenary; resistance fighter; autobiographer"
TheQuarterlyMusicalMagazineAndReview__1828-037.txt_3630	the paucity of the English female singers — Miss Stephens and.	Miss Stephens	Q5052928	person	occupation	"Q33999;Q2865819"	"actor; opera singer"
TheMusicalTimes__1876-402.txt_22	For further particulars apply to Mr. H. Keeton, “Registered for transmission abroad.	Mr. H. Keeton	Q1438256	person	occupation	"Q36834;Q765778;Q16145150"	"composer; organist; music educator"
TheQuarterlyMusicalMagazineAndReview__1824-022.txt_3659	They are all tinctured with a certain degree of elegance and expressiveness, particularly these by Mr. Clifton, Mr. Crouch, Mr. Eavestaff, and Mr. Banister.	Mr. Clifton	Q6224338	person	occupation	Q36834	composer
TheHarmonicon__1824-016.txt_1800	Since Barbaja seceded from the theatre, San Carlo has thrice been in danger of being burnt down.	Barbaja	Q908235	person	occupation	Q943995	impresario
TheQuarterlyMusicalMagazineAndReview__1825-025.txt_294	Variations, and an Introductory Prelude on some Passages from: the Incantation Scene, by N.C. Bochsa 4.	N.C. Bochsa	Q251397	person	occupation	"Q36834;Q158852;Q2490358;Q3127709;Q14915627;Q16145150"	"composer; conductor; choreographer; harpist; musicologist; music educator"
TheHarmonicon__1828-001.txt_1889	Signor Sabastiani, first clarinet at the theatre St. Carlo at Naples, is arrived in Paris.	Signor Sabastiani	Q109802688	person	occupation	"Q36834;Q118865"	"composer; clarinetist"
TheMusicalWorld__1843-036.txt_211	The predominant feature of Spohr’s music is a voluptuous monotony — a luxury indeed, but a vicious one.	Spohr	Q57226	person	occupation	"Q36834;Q158852;Q639669;Q1259917;Q14915627;Q16145150"	"composer; conductor; musician; violinist; musicologist; music educator"
TheHarmonicon__1824-016.txt_1988	but, after all, why not have given a symphony or overture of Haydn or Mozart?	Haydn	Q7349	person	occupation	"Q36834;Q158852;Q486748;Q14915627"	"composer; conductor; pianist; musicologist"
TheHarmonicon__1824-016.txt_1988	but, after all, why not have given a symphony or overture of Haydn or Mozart?	Mozart	Q254	person	occupation	"Q36834;Q486748;Q639669;Q765778;Q1259917;Q16145150"	"composer; pianist; musician; organist; violinist; music educator"
DwightSJournalOfMusic__1868-012.txt_745	Adelina Patti — for that will continue to be her professional.	Adelina Patti	Q234166	person	occupation	"Q36834;Q2865819"	"composer; opera singer"
TheMusicalWorld__1843-029.txt_176	These two operas, and also two odes to Anacreon set to the Greek text, are the only fruits of our author's pen in the year 1799.	Anacreon	Q213484	person	occupation	"Q36180;Q49757;Q609016;Q26237228"	"writer; poet; Hofmeister; epigrammatist"
TheQuarterlyMusicalMagazineAndReview__1828-037.txt_1291	Grazioli (who must not be confounded with the composer of the same name, who died at Venice in 1820). has published several operas and some sacred music.	Grazioli	Q1525873	person	occupation	"Q36834;Q765778"	"composer; organist"
TheQuarterlyMusicalMagazineAndReview__1825-025.txt_419	This Edition has been revised, and Passages for the additional Keys arranged for Piano Fortes up to C, by Mr. Moscheles.	Mr. Moscheles	Q159551	person	occupation	"Q36834;Q158852;Q486748;Q1231865;Q1259917;Q1622272;Q14915627;Q16145150;Q18939491"	"composer; conductor; pianist; pedagogue; violinist; university teacher; musicologist; music educator; diarist"
TheMusicalWorld__1843-029.txt_42	The exquisite drollery of Levassor and John Parry were highly relished.	John Parry	Q3399352	person	occupation	Q639669	musician
TheMusicalTimes__1875-388.txt_2208	The reception of the work was most enthusiastic, Dr. Bridge receiving quite an ovation at the close of the Oratorio.	Dr. Bridge	Q5497415	person	occupation	"Q36834;Q158852;Q765778;Q81759238"	"composer; conductor; organist; music professor"
TheHarmonicon__1832-012.txt_1878	The Societa Filodramatica is about to produce Bellini’s opera, I Montecchi e Capuleti.	Bellini	Q170209	person	occupation	Q36834	composer
TheQuarterlyMusicalMagazineAndReview__1828-037.txt_720	we are moved only by admiration of the talents of Madame Pasta or Mademoiselle Sontag, displayed in executing the innumerable flights, arpeggios, and cadenzas which are allotted to them.	Madame Pasta	Q240963	person	occupation	Q2865819	opera singer
TheQuarterlyMusicalMagazineAndReview__1828-037.txt_720	we are moved only by admiration of the talents of Madame Pasta or Mademoiselle Sontag, displayed in executing the innumerable flights, arpeggios, and cadenzas which are allotted to them.	Mademoiselle Sontag	Q64098	person	occupation	"Q2643890;Q2865819"	"vocalist; opera singer"
TheHarmonicon__1828-001.txt_1127	Ramsay was an acute observer of the character and manners of the Scottish peasantry, and has produced many pleasing and humorous sketches of the habits and sentiments peculiar to that race.	Ramsay	Q654775	person	occupation	"Q36180;Q49757;Q182436;Q8178443"	"writer; poet; librarian; librettist"
TheMusicalTimes__1873-366.txt_1370	To Mr. Willert Beale, the founder of these meetings, 8.	Mr. Willert Beale	Q7795125	person	occupation	"Q36180;Q808967;Q20669622"	"writer; barrister; music journalist"
DwightSJournalOfMusic__1873-016.txt_390	Franz Liszt played this piece once with such mighty power and passion, such eloquence and truth, as I never heard before, probably never shall hear again.	Franz Liszt	Q41309	person	occupation	"Q36180;Q36834;Q158852;Q214970;Q250867;Q486748;Q16145150;Q21680663"	"writer; composer; conductor; virtuoso; Catholic priest; pianist; music educator; classical composer"
TheMusicalTimes__1876-397.txt_744	3- SEVEN VOCAL DUETS, by Bellini, S. Glover, Macfarren, Donizetti, & c..	Macfarren	Q1374708	person	occupation	"Q36834;Q158852;Q1622272;Q14915627;Q16031530;Q16145150;Q18931911"	"composer; conductor; university teacher; musicologist; music theorist; music educator; theorist"
TheMusicalTimes__1876-397.txt_2289	, Mr. Joseph Skeaf, the president, occupied the chair, Mr. William Laidlaw and Mr. T. Armstrong vicechairmen.	Mr. William Laidlaw	Q8014247	person	occupation	Q49757	poet
TheQuarterlyMusicalMagazineAndReview__1825-025.txt_1896	In 1760 he sent him to Paris, and he there took lessons of Capron, and at the same time studied composition under Gossec.	Capron	Q120697	person	occupation	Q36834	composer
TheQuarterlyMusicalMagazineAndReview__1825-025.txt_1896	In 1760 he sent him to Paris, and he there took lessons of Capron, and at the same time studied composition under Gossec.	Gossec	Q313667	person	occupation	"Q36834;Q158852;Q1259917"	"composer; conductor; violinist"
TheQuarterlyMusicalMagazineAndReview__1828-037.txt_1189	The church of Santa Maria Maggiore, the third in rank, had as chapel master the Maestro del Fante, who has now been dead some years.	Maestro del Fante	Q18416097	person	occupation	Q36834	composer
TheMusicalWorld__1843-038.txt_67	"The vocalists were the Misses C. Novello, Rainforth, and Mrs. Alfred Shaw; Messrs. Braham, Phillips, Bennett, Walton, and J. Isherwood."	C. Novello	Q4322567	person	occupation	Q2865819	opera singer
TheMusicalWorld__1843-038.txt_67	"The vocalists were the Misses C. Novello, Rainforth, and Mrs. Alfred Shaw; Messrs. Braham, Phillips, Bennett, Walton, and J. Isherwood."	Braham	Q1699393	person	occupation	Q2865819	opera singer
TheQuarterlyMusicalMagazineAndReview__1825-025.txt_1684	Francoeur was born at Paris, in 1698, and is mentioned as having belonged.	Francoeur	Q1396905	person	occupation	"Q36834;Q158852"	"composer; conductor"
DwightSJournalOfMusic__1875-006.txt_919	Now let our readers take the finale of any opera by Mozart, of the Fidelio by Beethoven, and compare it side by side with the finale by Wagner.	Wagner	Q1511	person	occupation	"Q36180;Q36834;Q49757;Q158852;Q486748;Q1350157;Q3387717;Q8178443;Q11774202;Q18814623;Q18939491"	"writer; composer; poet; conductor; pianist; music critic; theatrical director; librettist; essayist; autobiographer; diarist"
TheQuarterlyMusicalMagazineAndReview__1825-025.txt_1686	"Jean Pierre Guignon was born at Turin, in 1702; but as he came to France whilst very young, and established himself there, we shall consider him as a French violinist."	Jean Pierre Guignon	Q337573	person	occupation	Q36834	composer
TheHarmonicon__1833-005.txt_173	This, I understand, was the method pursued by _ M. Chelard, the. maestro at the German opera last season at the King’s Theatre.	M. Chelard	Q924686	person	occupation	"Q36834;Q158852;Q1259917"	"composer; conductor; violinist"
TheQuarterlyMusicalMagazineAndReview__1826-029.txt_1733	De Begnis still occupies a place in the King’s Theatre.	De Begnis	Q3770409	person	occupation	"Q177220;Q2865819"	"singer; opera singer"
TheMusicalTimes__1876-397.txt_1327	WE regret to have to announce the sudden death, from heart disease, of Dr. H. J. Gauntlett, on the a2ist ult.	Dr. H. J. Gauntlett	Q11925412	person	occupation	"Q36834;Q765778"	"composer; organist"
TheHarmonicon__1833-005.txt_1071	"Duet, ‘The streams that wind amid the hills,’ the Poetry by G. Darley, Esq.; the Music composed by Fanny Steers."	G. Darley	Q1450149	person	occupation	"Q11063;Q36180;Q49757;Q170790;Q4263842"	"astronomer; writer; poet; mathematician; literary critic"
TheHarmonicon__1833-005.txt_1071	"Duet, ‘The streams that wind amid the hills,’ the Poetry by G. Darley, Esq.; the Music composed by Fanny Steers."	Fanny Steers	Q104234927	person	occupation	"Q36180;Q753110;Q17505902"	"writer; songwriter; watercolorist"
TheHarmonicon__1828-001.txt_1478	, Paer’s beautiful little duet, is better in its original form, than in that which is now given to it.	Paer	Q533022	person	occupation	"Q36834;Q158852;Q806349;Q14915627"	"composer; conductor; bandleader; musicologist"
TheHarmonicon__1832-012.txt_126	Lord Bacon, Addison, Dr. Brown, Dugald Stewart, and many others,. are often betrayed into unconscious absurdities respecting musical effects by their ignorance of the science.	Lord Bacon	Q37388	person	occupation	"Q901;Q16533;Q36180;Q40348;Q82955;Q155647;Q201788;Q4964182"	"scientist; judge; writer; lawyer; politician; astrologer; historian; philosopher"
TheHarmonicon__1832-012.txt_126	Lord Bacon, Addison, Dr. Brown, Dugald Stewart, and many others,. are often betrayed into unconscious absurdities respecting musical effects by their ignorance of the science.	Addison	Q206384	person	occupation	"Q36180;Q49757;Q82955;Q214917;Q1607826;Q1930187;Q3589290;Q8178443;Q11774202"	"writer; poet; politician; playwright; editor; journalist; correspondent; librettist; essayist"
TheHarmonicon__1832-012.txt_126	Lord Bacon, Addison, Dr. Brown, Dugald Stewart, and many others,. are often betrayed into unconscious absurdities respecting musical effects by their ignorance of the science.	Dugald Stewart	Q218254	person	occupation	"Q36180;Q170790;Q201788;Q1622272;Q4964182"	"writer; mathematician; historian; university teacher; philosopher"
TheQuarterlyMusicalMagazineAndReview__1826-029.txt_1038	Sir W. Jones, in his Catalogue of Manuscripts, deposited in the library of the Royal Society, gives us the names of some treatises in the Hindustanee language, which of course have never been translated..	Sir W. Jones	Q273969	person	occupation	"Q16533;Q36180;Q49757;Q82955;Q333634;Q1731155;Q2374149;Q4773904;Q14467526"	"judge; writer; poet; politician; translator; orientalist; botanist; anthropologist; linguist"
TheQuarterlyMusicalMagazineAndReview__1825-025.txt_1806	He quitted Parma, and returned to Tartini, with whom he studied ull the year 1769.	Tartini	Q108555	person	occupation	"Q36834;Q1259917;Q14915627;Q16031530;Q16145150"	"composer; violinist; musicologist; music theorist; music educator"
TheMusicalTimes__1875-388.txt_2734	, Mrs. Mounsey Bartholomew, J. Barnby, H. Smart, G. A. Macfarren, Brinley Richard, H. S. Irons, Charles Salaman, Alberto Randegger, ].	Mrs. Mounsey Bartholomew	Q4766585	person	occupation	"Q36834;Q765778;Q16145150"	"composer; organist; music educator"
TheMusicalTimes__1875-388.txt_2734	, Mrs. Mounsey Bartholomew, J. Barnby, H. Smart, G. A. Macfarren, Brinley Richard, H. S. Irons, Charles Salaman, Alberto Randegger, ].	H. Smart	Q466189	person	occupation	Q36834	composer
TheMusicalTimes__1875-388.txt_2734	, Mrs. Mounsey Bartholomew, J. Barnby, H. Smart, G. A. Macfarren, Brinley Richard, H. S. Irons, Charles Salaman, Alberto Randegger, ].	Brinley Richard	Q4850963	person	occupation	"Q36834;Q486748;Q16145150"	"composer; pianist; music educator"
TheMusicalTimes__1875-388.txt_2734	, Mrs. Mounsey Bartholomew, J. Barnby, H. Smart, G. A. Macfarren, Brinley Richard, H. S. Irons, Charles Salaman, Alberto Randegger, ].	Charles Salaman	Q2959519	person	occupation	"Q36834;Q486748"	"composer; pianist"
TheQuarterlyMusicalMagazineAndReview__1825-025.txt_2356	He was born in Naples, where he studied the rudiments of music under Alessandro Scarlatti and Nicolo Porpora.	Alessandro Scarlatti	Q183087	person	occupation	"Q36834;Q5371902"	"composer; harpsichordist"
TheQuarterlyMusicalMagazineAndReview__1825-025.txt_2356	He was born in Naples, where he studied the rudiments of music under Alessandro Scarlatti and Nicolo Porpora.	Nicolo Porpora	Q312788	person	occupation	"Q36834;Q16145150"	"composer; music educator"
TheHarmonicon__1832-012.txt_323	Mr. Linley proposed stating on his. song, that my quartett had been composed first.	Mr. Linley	Q5541748	person	occupation	Q753110	songwriter
TheQuarterlyMusicalMagazineAndReview__1825-025.txt_2112	Luigi Rossi, Arcangelo Corelli, t with other great Italian compesers and imitators of Lulli at Paris, returned to their country with clearer and more distinct ideas of harmony.	Luigi Rossi	Q472714	person	occupation	"Q36834;Q2865819"	"composer; opera singer"
TheQuarterlyMusicalMagazineAndReview__1825-025.txt_2112	Luigi Rossi, Arcangelo Corelli, t with other great Italian compesers and imitators of Lulli at Paris, returned to their country with clearer and more distinct ideas of harmony.	Arcangelo Corelli	Q164475	person	occupation	"Q36834;Q899758;Q1259917"	"composer; violist; violinist"
TheQuarterlyMusicalMagazineAndReview__1825-025.txt_2112	Luigi Rossi, Arcangelo Corelli, t with other great Italian compesers and imitators of Lulli at Paris, returned to their country with clearer and more distinct ideas of harmony.	Lulli	Q1192	person	occupation	"Q36834;Q37226;Q158852;Q805221;Q1231865;Q1259917;Q2490358;Q5716684;Q16145150"	"composer; teacher; conductor; ballet dancer; pedagogue; violinist; choreographer; dancer; music educator"
TheMusicalTimes__1876-397.txt_581	A COLLECTION OF ORGAN PIECE, “COMPOSED BY CHARLES JOSEPH FROST.	CHARLES JOSEPH FROST	Q94766323	person	occupation	"Q36834;Q765778"	"composer; organist"
TheHarmonicon__1824-016.txt_1821	A new opera has been produced here, entitled Temistocle, from the pen of Paccini.	Paccini	Q357022	person	occupation	"Q36834;Q37226;Q215793"	"composer; teacher; chapelmaster"
TheQuarterlyMusicalMagazineAndReview__1825-025.txt_1645	When given over by his physicians,: the Chevalier de Lorraine came to seehim.	Chevalier de Lorraine	Q916954	person	occupation	Q2478141	aristocrat
DwightSJournalOfMusic__1873-016.txt_305	His fugues are indeed ‘superior to those of Spohr, Schneider, Loewe	Schneider	Q213906	person	occupation	"Q36834;Q158852;Q486748;Q14915627"	"composer; conductor; pianist; musicologist"
DwightSJournalOfMusic__1873-016.txt_305	His fugues are indeed ‘superior to those of Spohr, Schneider, Loewe	Loewe	Q158899	person	occupation	"Q36834;Q158852;Q177220;Q330679;Q765778;Q5758653"	"composer; conductor; singer; cantor; organist; high-school teacher"
TheQuarterlyMusicalMagazineAndReview__1825-025.txt_2407	"Ferri, Matteucci, and Guadagni, were knighted; Farinelli was presented with the cross of Calatrava, in Spain, where, under his direction and management were revived, in theatrical spectacles, all the magnificence and good taste of ancient Athens."	Ferri	Q804749	person	occupation	"Q33999;Q2259451;Q2865819"	"actor; stage actor; opera singer"
TheQuarterlyMusicalMagazineAndReview__1825-025.txt_2407	"Ferri, Matteucci, and Guadagni, were knighted; Farinelli was presented with the cross of Calatrava, in Spain, where, under his direction and management were revived, in theatrical spectacles, all the magnificence and good taste of ancient Athens."	Guadagni	Q3094278	person	occupation	"Q33999;Q2865819"	"actor; opera singer"
TheQuarterlyMusicalMagazineAndReview__1825-025.txt_2407	"Ferri, Matteucci, and Guadagni, were knighted; Farinelli was presented with the cross of Calatrava, in Spain, where, under his direction and management were revived, in theatrical spectacles, all the magnificence and good taste of ancient Athens."	Farinelli	Q223744	person	occupation	"Q33999;Q2259451;Q2865819;Q3387717;Q20083902"	"actor; stage actor; opera singer; theatrical director; viola d'amore player"
TheQuarterlyMusicalMagazineAndReview__1828-037.txt_2164	The season began with Madame Caradori and Mademoiselle Brambilla as principals, Signors Curioni, Pellegrini, and Porto. - Mr. A. Sapio also _ appeared, but only it should seem as an occasional assistant.	Madame Caradori	Q16065895	person	occupation	Q2865819	opera singer
TheQuarterlyMusicalMagazineAndReview__1828-037.txt_2164	The season began with Madame Caradori and Mademoiselle Brambilla as principals, Signors Curioni, Pellegrini, and Porto. - Mr. A. Sapio also _ appeared, but only it should seem as an occasional assistant.	Mademoiselle Brambilla	Q3847905	person	occupation	"Q36834;Q2865819"	"composer; opera singer"
TheQuarterlyMusicalMagazineAndReview__1828-037.txt_2164	The season began with Madame Caradori and Mademoiselle Brambilla as principals, Signors Curioni, Pellegrini, and Porto. - Mr. A. Sapio also _ appeared, but only it should seem as an occasional assistant.	Signors Curioni	Q87346693	person	occupation	Q2865819	opera singer
TheMusicalWorld__1843-036.txt_362	Who ever dreamed of’ an opera season coming to a close without hearing Rubini?	Rubini	Q941040	person	occupation	Q2865819	opera singer
TheHarmonicon__1828-001.txt_28	18 Concerts at the Two Universities 18 On the Major and Minor Semitones, and on the Rev. Mr. Liston’s Organ.	Rev. Mr. Liston	Q5724966	person	occupation	Q1955150	musical instrument maker
DwightSJournalOfMusic__1868-012.txt_1398	A pleasing ballad, with fine melody, sung by Adelaide Phillips.	Adelaide Phillips	Q4681758	person	occupation	"Q33999;Q2259451;Q2865819"	"actor; stage actor; opera singer"
TheMusicalTimes__1875-388.txt_1053	Varesi has materially strengthened her position since her début in “Rigoletto” especially as the heroine in	Varesi	Q102075928	person	occupation	Q2865819	opera singer
TheQuarterlyMusicalMagazineAndReview__1825-025.txt_1679	Michel Richard Lalande, who married the daughter of Rebel, was also a composer and violinist of some fame..	Michel Richard Lalande	Q312979	person	occupation	"Q36834;Q765778;Q5371902"	"composer; organist; harpsichordist"
TheMusicalTimes__1875-388.txt_1005	The vocalists thus honoured — Miss Edith Wynne, Madame Patey, Mr. Lloyd and Mr. Santley — have every reason to. congratulate themselves upon this.	Miss Edith Wynne	Q7422270	person	occupation	Q2865819	opera singer
TheMusicalTimes__1875-388.txt_1005	The vocalists thus honoured — Miss Edith Wynne, Madame Patey, Mr. Lloyd and Mr. Santley — have every reason to. congratulate themselves upon this.	Madame Patey	Q6153509	person	occupation	Q177220	singer
TheMusicalTimes__1875-388.txt_1005	The vocalists thus honoured — Miss Edith Wynne, Madame Patey, Mr. Lloyd and Mr. Santley — have every reason to. congratulate themselves upon this.	Mr. Lloyd	Q5344187	person	occupation	Q177220	singer
TheMusicalTimes__1875-388.txt_1005	The vocalists thus honoured — Miss Edith Wynne, Madame Patey, Mr. Lloyd and Mr. Santley — have every reason to. congratulate themselves upon this.	Mr. Santley	Q521746	person	occupation	"Q177220;Q2865819"	"singer; opera singer"
TheHarmonicon__1828-001.txt_39	39 Improvements in Music Printing, Account of Mr. Cowper’s Lecture on,.	Mr. Cowper	Q315537	person	occupation	"Q49757;Q13424456"	"poet; hymnwriter"
TheHarmonicon__1832-012.txt_1587	The lithographed portrait of Sir W. Scott, in the title - page, is the best part of it.	Sir W. Scott	Q79025	person	occupation	"Q16533;Q36180;Q40348;Q49757;Q201788;Q214917;Q333634;Q864380;Q1209498;Q4263842;Q6625963;Q14467526;Q14915627;Q15949613"	"judge; writer; lawyer; poet; historian; playwright; translator; biographer; poet lawyer; literary critic; novelist; linguist; musicologist; short story writer"
TheHarmonicon__1824-016.txt_129	In 1728, he ceded his privilege to M. Simard, who appointed M. Mouret the director of the music.	M. Mouret	Q960766	person	occupation	"Q36834;Q158852"	"composer; conductor"
TheQuarterlyMusicalMagazineAndReview__1824-022.txt_2925	We beg to be understood that we do not allude to Dr. Clarke Whitfield, whose respectability forbids the possibility of any such imputation.	Dr. Clarke Whitfield	Q6226247	person	occupation	Q36834	composer
TheQuarterlyMusicalMagazineAndReview__1824-022.txt_1280	Gehring Jean Guillaume became master of the Chapel of Rudolstadt, after the death.of Gebel.	Gebel	Q472371	person	occupation	Q36834	composer
TheMusicalTimes__1876-402.txt_1698	On the eve of going to press we have received intelligence of the death of Mr. T. M. Mudie, one of the pupils originally elected on the foundation of the Royal Academy of Music.	Mr. T. M. Mudie	Q18577092	person	occupation	Q36834	composer
TheMusicalWorld__1843-036.txt_785	performed at Her Majestvy’s Theatre, dedicated, by special permission, to Her Royal Highness the Duchess of Cambridge.	Her Royal Highness	Q61328	person	occupation	Q2478141	aristocrat
TheMusicalTimes__1875-388.txt_2737	Baptiste Calkin, Boyton Smith, E. H. Thorne, W. G. Cusins, E. M. Delaborde, E. Silas, John Hullah, E. H. Turpin, Franz Nava, F. E. Gladstone, C. W. Lavington, J. E. Richardson, R. Forsey Brion, and J. Tilleard.	Baptiste Calkin	Q1449465	person	occupation	"Q36834;Q16145150"	"composer; music educator"
TheMusicalTimes__1875-388.txt_2737	Baptiste Calkin, Boyton Smith, E. H. Thorne, W. G. Cusins, E. M. Delaborde, E. Silas, John Hullah, E. H. Turpin, Franz Nava, F. E. Gladstone, C. W. Lavington, J. E. Richardson, R. Forsey Brion, and J. Tilleard.	Boyton Smith	Q110136517	person	occupation	"Q36834;Q486748"	"composer; pianist"
TheMusicalTimes__1875-388.txt_2737	Baptiste Calkin, Boyton Smith, E. H. Thorne, W. G. Cusins, E. M. Delaborde, E. Silas, John Hullah, E. H. Turpin, Franz Nava, F. E. Gladstone, C. W. Lavington, J. E. Richardson, R. Forsey Brion, and J. Tilleard.	E. H. Thorne	Q5345615	person	occupation	"Q36834;Q765778"	"composer; organist"
TheMusicalTimes__1875-388.txt_2737	Baptiste Calkin, Boyton Smith, E. H. Thorne, W. G. Cusins, E. M. Delaborde, E. Silas, John Hullah, E. H. Turpin, Franz Nava, F. E. Gladstone, C. W. Lavington, J. E. Richardson, R. Forsey Brion, and J. Tilleard.	W. G. Cusins	Q4208355	person	occupation	"Q36834;Q158852;Q486748"	"composer; conductor; pianist"
TheMusicalTimes__1875-388.txt_2737	Baptiste Calkin, Boyton Smith, E. H. Thorne, W. G. Cusins, E. M. Delaborde, E. Silas, John Hullah, E. H. Turpin, Franz Nava, F. E. Gladstone, C. W. Lavington, J. E. Richardson, R. Forsey Brion, and J. Tilleard.	John Hullah	Q6253603	person	occupation	"Q36834;Q37226"	"composer; teacher"
TheMusicalTimes__1875-388.txt_2737	Baptiste Calkin, Boyton Smith, E. H. Thorne, W. G. Cusins, E. M. Delaborde, E. Silas, John Hullah, E. H. Turpin, Franz Nava, F. E. Gladstone, C. W. Lavington, J. E. Richardson, R. Forsey Brion, and J. Tilleard.	F. E. Gladstone	Q5480836	person	occupation	"Q36834;Q765778"	"composer; organist"
TheQuarterlyMusicalMagazineAndReview__1828-037.txt_1669	Crescentini alone has adopted the method of the conservatory of Peris.	Crescentini	Q552124	person	occupation	"Q36834;Q177220;Q1836630;Q1999862;Q2865819;Q16145150"	"composer; singer; maestro; sopranist; opera singer; music educator"
DwightSJournalOfMusic__1868-012.txt_711	He was accompanied by the, French Ambassador, Prince de la Tour d’Auvergne, the Dake of Manchester, Mr. Mure, and other friends.	Prince de la Tour d’Auvergne	Q3132295	person	occupation	"Q82955;Q193391"	"politician; diplomat"
DwightSJournalOfMusic__1868-012.txt_711	He was accompanied by the, French Ambassador, Prince de la Tour d’Auvergne, the Dake of Manchester, Mr. Mure, and other friends.	Dake of Manchester	Q860041	person	occupation	"Q82955;Q2478141"	"politician; aristocrat"
TheHarmonicon__1828-001.txt_1556	The chairman was supported by Messrs. Clementi, J. B. Cramer, Braham and Moscheles.	Messrs. Clementi	Q193673	person	occupation	"Q36834;Q158852;Q222836;Q486748;Q14915627;Q16145150"	"composer; conductor; music publisher; pianist; musicologist; music educator"
TheHarmonicon__1828-001.txt_1556	The chairman was supported by Messrs. Clementi, J. B. Cramer, Braham and Moscheles.	J. B. Cramer	Q455212	person	occupation	"Q36834;Q43845;Q486748;Q2516866"	"composer; businessperson; pianist; publisher"
TheHarmonicon__1833-005.txt_1729	The principal new productions, besides Der Templer und die Jiidin, which particularly delighted the Jews, have been Die Fremde (La Straniera), of Bellini, Der Vampyr, of Marschner, and Zampa, of Herold.	Marschner	Q160063	person	occupation	"Q36834;Q158852"	"composer; conductor"
TheHarmonicon__1833-005.txt_1729	The principal new productions, besides Der Templer und die Jiidin, which particularly delighted the Jews, have been Die Fremde (La Straniera), of Bellini, Der Vampyr, of Marschner, and Zampa, of Herold.	Herold	Q362639	person	occupation	"Q36834;Q486748;Q1323191;Q2490358;Q2707485"	"composer; pianist; costume designer; choreographer; scenographer"
TheQuarterlyMusicalMagazineAndReview__1828-037.txt_3478	Mr. De Beriot’s concerto had all his beautiful perfection — so smooth, so sweet, 80 brilliant, and in such exquisite taste.	Mr. De Beriot	Q385217	person	occupation	"Q36834;Q37226;Q1259917;Q1622272;Q16145150"	"composer; teacher; violinist; university teacher; music educator"
TheMusicalWorld__1843-029.txt_47	part with his never - failing ability, and M. Tolbeeque led the band.	M. Tolbeeque	Q2871419	person	occupation	"Q36834;Q158852;Q762707;Q13219637"	"composer; conductor; luthier; cellist"
TheHarmonicon__1832-012.txt_421	In the reign of Edward I., it again rose to eminence.	Edward I.	Q57798	person	occupation	"Q116;Q82955"	"monarch; politician"
TheQuarterlyMusicalMagazineAndReview__1825-025.txt_1526	Mestrino published twelve concertos for his instrument, which contain extremely beautiful solos..	Mestrino	Q1984708	person	occupation	Q36834	composer
TheMusicalTimes__1875-388.txt_1017	I can not thank you sufficiently for this splendid testimonial which you and other friends have just presented to me under this hospitable roof by the hands of Lord Dudley.	Lord Dudley	Q8019995	person	occupation	"Q82955;Q12299841"	"politician; cricketer"
TheQuarterlyMusicalMagazineAndReview__1825-025.txt_1927	Cupis, the rival of Leclair, was considered as a very superior chamber violinist.	Cupis	Q1684628	person	occupation	Q36834	composer
TheQuarterlyMusicalMagazineAndReview__1825-025.txt_1927	Cupis, the rival of Leclair, was considered as a very superior chamber violinist.	Leclair	Q348875	person	occupation	"Q36834;Q215793;Q805221;Q805253;Q1259917;Q2490358;Q2675537;Q5716684"	"composer; chapelmaster; ballet dancer; ballet master; violinist; choreographer; music teacher; dancer"
DwightSJournalOfMusic__1875-006.txt_394	Anton Stradler, the clarinettist, for whom Mozart wrote his admirable quintet, was not ashamed to take unfair advantage of that generosity.	Anton Stradler	Q78623	person	occupation	"Q36834;Q118865;Q639669"	"composer; clarinetist; musician"
TheQuarterlyMusicalMagazineAndReview__1825-025.txt_4028	Dr. Harington was greatly overcome by the scene, and could only exclaim, ‘She is an angel,’ as he left the room.	Dr. Harington	Q18671401	person	occupation	"Q36834;Q39631"	"composer; physician"
DwightSJournalOfMusic__1873-016.txt_1257	A committee of London gentlemen have issued a proposal for the representation of a series of ancient “Italian operas, to be given under the direction of “Signer -Monari	Signer -Monari	Q3680460	person	occupation	"Q36834;Q1259917"	"composer; violinist"
TheQuarterlyMusicalMagazineAndReview__1824-022.txt_1273	Gebauer Francois Réné was born at Veisailles, i in 1775.	Gebauer Francois Réné	Q96558	person	occupation	"Q36834;Q158852;Q1622272;Q12310971;Q14915627;Q16145150"	"composer; conductor; university teacher; bassoonist; musicologist; music educator"
TheQuarterlyMusicalMagazineAndReview__1825-025.txt_166	Three Grand Sonatas for the Piano F orte, composed by Charles Ambrose eoeesereeeceens ee 104 XVI.	Charles Ambrose	Q5075106	person	occupation	"Q36834;Q158852;Q765778;Q16145150"	"composer; conductor; organist; music educator"
TheMusicalTimes__1876-397.txt_1345	"the Duke of Edinburgh publicly announced that there was no intention, in founding this Institution, of interfering with the operations of the Royal Academy of Music; and that many other speakers, including Sir Julius Benedict, expressed their intention of supporting the new school as an ally, and not as a rival, of the older one."	Duke of Edinburgh	Q158143	person	occupation	"Q82955;Q1475726;Q2478141"	"politician; philatelist; aristocrat"
TheMusicalTimes__1876-397.txt_1345	"the Duke of Edinburgh publicly announced that there was no intention, in founding this Institution, of interfering with the operations of the Royal Academy of Music; and that many other speakers, including Sir Julius Benedict, expressed their intention of supporting the new school as an ally, and not as a rival, of the older one."	Sir Julius Benedict	Q510435	person	occupation	"Q36834;Q158852;Q486748"	"composer; conductor; pianist"
TheMusicalWorld__1843-038.txt_641	The programme will contain a new piano - forte and violoncello sonata by Mendelssohn, to be performed by Bennett and Lucas.	Lucas	Q5080372	person	occupation	"Q36834;Q158852;Q13219637;Q16145150"	"composer; conductor; cellist; music educator"
TheMusicalTimes__1876-402.txt_1207	Sir J. Goss, Mus. D., Cantab., C. Steggall, Mus. D., Cantab., and the Principal.	Sir J. Goss	Q345870	person	occupation	"Q36834;Q765778;Q1622272;Q16145150"	"composer; organist; university teacher; music educator"
TheMusicalTimes__1876-402.txt_1207	Sir J. Goss, Mus. D., Cantab., C. Steggall, Mus. D., Cantab., and the Principal.	C. Steggall	Q5082654	person	occupation	"Q36834;Q13424456"	"composer; hymnwriter"
DwightSJournalOfMusic__1873-016.txt_1105	who would insist upon the mountain's coming to Mahomet.	Mahomet	Q9458	person	occupation	"Q42857;Q82955;Q215536;Q432386;Q877558;Q1402561;Q12059906"	"prophet; politician; merchant; preacher; consignor; military leader; herder"
TheMusicalTimes__1875-388.txt_1126	’s performance of the first Allegro and Andante of Rubinstein’s Violin Concerto in G, at the third concert, was in every respect admirable.	Rubinstein	Q87567	person	occupation	"Q36834;Q158852;Q486748;Q1622272;Q14915627;Q16145150;Q21680663"	"composer; conductor; pianist; university teacher; musicologist; music educator; classical composer"
TheHarmonicon__1824-016.txt_1884	Wis Royal Highness the Duke of Cumberland, Thursday, March 4th, 1824.	Duke of Cumberland	Q162302	person	occupation	"Q47064;Q82955"	"military personnel; politician"
TheHarmonicon__1824-016.txt_2237	"Under the direction of His Grace the Archbishop of York, Wednesday, March 24th; 1824."	Archbishop of	Q3048710	person	occupation	Q42603	priest
TheMusicalTimes__1876-397.txt_2284	Mr. H. W. George presided at the harmonium, and Mr. J. Lunn conducted.	Mr. J. Lunn	Q16198956	person	occupation	Q36834	composer
TheMusicalWorld__1843-029.txt_43	The concert began with Auber’s pretty and sparkling overture to Les Diamans de la Cou-.	Auber	Q157672	person	occupation	"Q36834;Q1231865;Q2490358;Q14915627"	"composer; pedagogue; choreographer; musicologist"
DwightSJournalOfMusic__1873-016.txt_615	The conversation turned upon Gnecco’s comic duet, which Malibran sang so frequently and charmingly with Lablache.	Gnecco	Q1121021	person	occupation	Q36834	composer
DwightSJournalOfMusic__1873-016.txt_615	The conversation turned upon Gnecco’s comic duet, which Malibran sang so frequently and charmingly with Lablache.	Malibran	Q232783	person	occupation	"Q33999;Q36834;Q2259451;Q2865819"	"actor; composer; stage actor; opera singer"
DwightSJournalOfMusic__1873-016.txt_615	The conversation turned upon Gnecco’s comic duet, which Malibran sang so frequently and charmingly with Lablache.	Lablache	Q477681	person	occupation	"Q36834;Q2259451;Q2865819;Q16145150"	"composer; stage actor; opera singer; music educator"
TheMusicalTimes__1876-397.txt_3380	National Hymn, (with chorus), to celebrate the return of the Prince of Wales.	Prince of Wales	Q20875	person	occupation	"Q116;Q82955;Q2478141;Q10732476"	"monarch; politician; aristocrat; art collector"
TheMusicalTimes__1873-366.txt_350	This pointing of the Canticles is authorised by His Grace the Archbishop of York.	His Grace the Archbishop	Q377308	person	occupation	Q42603	priest
TheQuarterlyMusicalMagazineAndReview__1828-037.txt_1586	We also heard a superb Magnificat i in A minor by L. Leo, which seemed to us worthy of the composer..	L. Leo	Q316735	person	occupation	"Q36834;Q765778"	"composer; organist"
TheHarmonicon__1833-005.txt_1620	This was never heard of after the retreat of Mr. Waters to Calais.	Mr. Waters	Q16859200	person	occupation	Q1402561	military leader
TheMusicalTimes__1876-402.txt_423	For terms, apply to Mr. E. J. Bilton, Trinity College, Cambridge.	Mr. E. J. Bilton	Q110966934	person	occupation	"Q738142;Q12299841"	"clerk; cricketer"
TheQuarterlyMusicalMagazineAndReview__1825-025.txt_54	[ i Crociato, 373 Mayseder’s Compositions, 360, 310 Mazurka, 236 Melographicon, 409 Mengozzi, 345 Mestrino, 40.	Mayseder	Q672225	person	occupation	"Q36834;Q1259917"	"composer; violinist"
TheQuarterlyMusicalMagazineAndReview__1824-022.txt_1793	Fabio Constantini flourished about the year 1630, and ultimately became maestro at the chapel of Loretto.	Fabio Constantini	Q3737659	person	occupation	"Q36834;Q330679"	"composer; cantor"
TheQuarterlyMusicalMagazineAndReview__1824-022.txt_3016	Book 8 opens witha composition in four parts, by Mr. Novello, of which the combined elegance and learning	Mr. Novello	Q2526705	person	occupation	"Q36834;Q158852;Q222836;Q765778;Q2516866"	"composer; conductor; music publisher; organist; publisher"
TheMusicalWorld__1843-029.txt_472	M. Le- vassor will, moreover, sing two of his most popular chansonettes.	M. Le- vassor	Q3385954	person	occupation	"Q33999;Q245068"	"actor; comedian"
TheQuarterlyMusicalMagazineAndReview__1825-025.txt_3429	"The Banks of Allan Water, arranged with an Introduction and Coda for the Piano Forte; by Cipriani Potter."	Cipriani Potter	Q1092737	person	occupation	"Q36834;Q486748;Q16145150"	"composer; pianist; music educator"
TheMusicalTimes__1876-397.txt_1352	Mr. W. H.- Cummings, a most zealous musical antiquarian, as	W. H.- Cummings	Q3827349	person	occupation	"Q36834;Q177220;Q639669;Q765778;Q14915627;Q16145150"	"composer; singer; musician; organist; musicologist; music educator"
TheQuarterlyMusicalMagazineAndReview__1828-037.txt_313	Three Easy Duets for Two Violoncellos, by F. W. Crouch -.... 254 XV.	F. W. Crouch	Q5497599	person	occupation	Q36834	composer
TheMusicalTimes__1875-388.txt_2219	Ebdon’s Magnificat and Nunc dimittis in C were admirably sung.	Ebdon	Q3525084	person	occupation	"Q36834;Q765778"	"composer; organist"
TheQuarterlyMusicalMagazineAndReview__1824-022.txt_1349	In 1763 he composed a grand cantata for the chapel of Sonderhausen, which was performed at a féte on the birth - day of the Prince of Swartzburg.	Prince of Swartzburg	Q832878	person	occupation		
TheQuarterlyMusicalMagazineAndReview__1825-025.txt_1463	"He afterwards received further instructions from Saratelli, the predecessor of Galuppi;, as Chapel Master of St. Mark at Venice."	Saratelli	Q1522112	person	occupation	Q36834	composer
TheQuarterlyMusicalMagazineAndReview__1825-025.txt_1463	"He afterwards received further instructions from Saratelli, the predecessor of Galuppi;, as Chapel Master of St. Mark at Venice."	Galuppi	Q208338	person	occupation	"Q36834;Q158852;Q765778"	"composer; conductor; organist"
TheMusicalTimes__1876-397.txt_1383	Mr. Manns deserves much credit for the introduction of this interesting composition.	Mr. Manns	Q4820769	person	occupation	"Q36834;Q158852;Q215793;Q1259917"	"composer; conductor; chapelmaster; violinist"
TheQuarterlyMusicalMagazineAndReview__1826-029.txt_1158	These extracts are from Sir John Malcolm’ s Memoir of Central India.	Sir John Malcolm	Q1700959	person	occupation	"Q36180;Q82955;Q201788"	"writer; politician; historian"
TheMusicalWorld__1843-038.txt_822	Composed and Dedicated to MISS DOLBY, BY FELIX MENDELLSOAN BARTHOLDY.	MISS DOLBY	Q4164386	person	occupation	"Q36834;Q2865819;Q16145150"	"composer; opera singer; music educator"
TheQuarterlyMusicalMagazineAndReview__1828-037.txt_2288	Subsequently, in consequence of Miss Paton’s illness, Madame Caradori Allan, Mademoiselle Brambilla, and Signor de Begnis.	Miss Paton	Q16888398	person	occupation	"Q177220;Q2643890;Q2865819"	"singer; vocalist; opera singer"
TheQuarterlyMusicalMagazineAndReview__1828-037.txt_2288	Subsequently, in consequence of Miss Paton’s illness, Madame Caradori Allan, Mademoiselle Brambilla, and Signor de Begnis.	Mademoiselle Brambilla	Q3984276	person	occupation	Q2865819	opera singer
TheHarmonicon__1824-016.txt_1690	_ Salieri, the composer, is so seriously indisposed, that great doubts are entertained of his recovery.	Salieri	Q51088	person	occupation	"Q36834;Q158852;Q14915627;Q16145150"	"composer; conductor; musicologist; music educator"
TheHarmonicon__1832-012.txt_44	kins remarks, with more liberality, that Tudway was studious in his profession, and left behind him, in a letter to his son, an account of the music and musicians of his time, containing ‘many very curious particulars, and some facts which, but for him, must have been buried in oblivion.	Tudway	Q16704153	person	occupation	Q36834	composer
TheQuarterlyMusicalMagazineAndReview__1825-025.txt_567	The Sun on the Lake shines serene, composed by John Davy' 3.	John Davy	Q11928224	person	occupation	Q36834	composer
TheMusicalWorld__1843-038.txt_29	Braham gives an impressive example to all young aspirants after fame in his conduct in the orchestra.	Braham	Q5231664	person	occupation	"Q36834;Q1259917"	"composer; violinist"
TheQuarterlyMusicalMagazineAndReview__1826-029.txt_3485	"The Rose and the Lil ly; Trio, by Sir Fohn Stevenson, Mus."	Sir Fohn Stevenson	Q4442571	person	occupation	Q36834	composer
DwightSJournalOfMusic__1875-006.txt_414	"re;plied the old man, overwhelmed with confusion ‘ey the presence of the Chapeltaster of his Majesty the Emperor,"	his Majesty the Emperor	Q76555	person	occupation	"Q116;Q1402561"	"monarch; military leader"
TheQuarterlyMusicalMagazineAndReview__1824-022.txt_1267	Eichner died at the beginning a of the year 1777.	Eichner	Q473837	person	occupation	Q36834	composer
TheHarmonicon__1833-005.txt_38	His - next drama was Angelica, of which the plot is taken from Ariosto.	Ariosto	Q48900	person	occupation	"Q49757;Q214917"	"poet; playwright"
TheHarmonicon__1824-016.txt_1731	Mehul's opera of Joseph and his Brethren, was lately given here, an opera that has now kept its place on the stage above fifteen years.	Mehul	Q364020	person	occupation	"Q36834;Q765778"	"composer; organist"
TheQuarterlyMusicalMagazineAndReview__1828-037.txt_3647	and an extra sum of (we believe) ten guineas for the aid of Mr. Pixis, her accompanist.	Mr. Pixis	Q571716	person	occupation	"Q36834;Q486748"	"composer; pianist"
TheQuarterlyMusicalMagazineAndReview__1828-037.txt_353	"Songs from Fairy Land; the Poetry by Thomas Haynes CONTENTS No. XXXIX."	Thomas Haynes	Q7790528	person	occupation	"Q36180;Q49757;Q214917;Q753110"	"writer; poet; playwright; songwriter"
DwightSJournalOfMusic__1873-016.txt_1056	Clara Schumann seems to have died of age, and not of sickness.	Clara Schumann	Q132232	person	occupation	"Q36834;Q486748;Q16145150"	"composer; pianist; music educator"
TheHarmonicon__1828-001.txt_1179	"The work is also graced with several of the elegant songs of Thomas Campbell, and Lord Byron; and it contains the best songs of the olden time, and of Ramsay, Hamilton; Thomson, Smollett, Skinner, Macneill, Hogg, Cunningham, and many others."	Thomas Campbell	Q1361189	person	occupation	"Q36180;Q49757;Q1930187;Q14915627"	"writer; poet; journalist; musicologist"
TheHarmonicon__1828-001.txt_1179	"The work is also graced with several of the elegant songs of Thomas Campbell, and Lord Byron; and it contains the best songs of the olden time, and of Ramsay, Hamilton; Thomson, Smollett, Skinner, Macneill, Hogg, Cunningham, and many others."	Lord Byron	Q5679	person	occupation	"Q36180;Q47064;Q49757;Q82955;Q214917;Q333634;Q822146;Q2478141;Q8178443;Q18814623;Q18939491;Q125360586"	"writer; military personnel; poet; politician; playwright; translator; lyricist; aristocrat; librettist; autobiographer; diarist; philhellene"
TheHarmonicon__1828-001.txt_1179	"The work is also graced with several of the elegant songs of Thomas Campbell, and Lord Byron; and it contains the best songs of the olden time, and of Ramsay, Hamilton; Thomson, Smollett, Skinner, Macneill, Hogg, Cunningham, and many others."	Hamilton	Q18671568	person	occupation	"Q333634;Q639669"	"translator; musician"
TheHarmonicon__1828-001.txt_1179	"The work is also graced with several of the elegant songs of Thomas Campbell, and Lord Byron; and it contains the best songs of the olden time, and of Ramsay, Hamilton; Thomson, Smollett, Skinner, Macneill, Hogg, Cunningham, and many others."	Thomson	Q5545192	person	occupation	Q14915627	musicologist
TheHarmonicon__1828-001.txt_1179	"The work is also graced with several of the elegant songs of Thomas Campbell, and Lord Byron; and it contains the best songs of the olden time, and of Ramsay, Hamilton; Thomson, Smollett, Skinner, Macneill, Hogg, Cunningham, and many others."	Smollett	Q356283	person	occupation	"Q36180;Q49757;Q201788;Q333634;Q551835;Q774306;Q1930187;Q6625963"	"writer; poet; historian; translator; physician writer; surgeon; journalist; novelist"
TheHarmonicon__1828-001.txt_1179	"The work is also graced with several of the elegant songs of Thomas Campbell, and Lord Byron; and it contains the best songs of the olden time, and of Ramsay, Hamilton; Thomson, Smollett, Skinner, Macneill, Hogg, Cunningham, and many others."	Macneill	Q5696799	person	occupation	"Q36180;Q49757"	"writer; poet"
TheHarmonicon__1828-001.txt_1179	"The work is also graced with several of the elegant songs of Thomas Campbell, and Lord Byron; and it contains the best songs of the olden time, and of Ramsay, Hamilton; Thomson, Smollett, Skinner, Macneill, Hogg, Cunningham, and many others."	Hogg	Q941810	person	occupation	"Q36180;Q49757;Q753110;Q864380;Q6625963"	"writer; poet; songwriter; biographer; novelist"
TheQuarterlyMusicalMagazineAndReview__1825-025.txt_22	"Ebers takes the King’s Theatre, 187; Letters to Garcia, 191 Emdin’s Duet, 258: English and Italian Tone,"	Ebers	Q6231101	person	occupation	"Q43845;Q998550"	"businessperson; bookseller"
TheQuarterlyMusicalMagazineAndReview__1825-025.txt_1910	M. Barriere has published four sets of quartets, and several Symphonies, concertos, trios, and duets.	M. Barriere	Q726908	person	occupation	"Q36834;Q13219637"	"composer; cellist"
DwightSJournalOfMusic__1873-016.txt_1073	Schumann came from the gymnasium to Leipzig in 1828, to study Jurisprudence	Schumann	Q7351	person	occupation	"Q36180;Q36834;Q158852;Q486748;Q1350157;Q14915627;Q16145150"	"writer; composer; conductor; pianist; music critic; musicologist; music educator"
TheQuarterlyMusicalMagazineAndReview__1828-037.txt_655	it was accompanied ‘on the oboe (obligato) by N Mr. Parke..	Mr. Parke	Q18757223	person	occupation	"Q36834;Q16003954"	"composer; oboist"
TheHarmonicon__1824-016.txt_127	Philidor afterwards obtained permission to give this Concert Spirituel in the palace of the Tuileries, in the private theatre of which it continued to take place annually for many years.	Philidor	Q362339	person	occupation	"Q36834;Q182436;Q16003954;Q102104631"	"composer; librarian; oboist; music archivist"
TheMusicalWorld__1843-029.txt_175	La Prisonniere, another comic opera in one act, of which Boieldieu had written the greater part, had a better fate: this work was plaved at the Theatre Montausier, on the 12th of September of the same year.	Boieldieu	Q109875	person	occupation	"Q36834;Q158852;Q1622272;Q14915627;Q16145150;Q21680731"	"composer; conductor; university teacher; musicologist; music educator; opera composer"
TheMusicalWorld__1843-029.txt_477	Mr. Joseph Calkin made his debut in public very successfully, and sang a poor song by Mercadante with much energy and. taste.	Mercadante	Q313980	person	occupation	"Q36834;Q215793;Q1162163;Q14915627"	"composer; chapelmaster; director; musicologist"
TheHarmonicon__1824-016.txt_232	Extract of a Letter from M. Siismayer, Kapelmeister at Vienna, to Messrs. Breitkopf and Haertel, dated Sept. 8, 1800..	M. Siismayer	Q310518	person	occupation	"Q36834;Q158852"	"composer; conductor"
TheHarmonicon__1824-016.txt_232	Extract of a Letter from M. Siismayer, Kapelmeister at Vienna, to Messrs. Breitkopf and Haertel, dated Sept. 8, 1800..	Breitkopf	Q55902416	person	occupation	"Q36834;Q37226;Q175151;Q182436;Q2516866;Q40881196"	"composer; teacher; printer; librarian; publisher; book printer"
TheHarmonicon__1824-016.txt_232	Extract of a Letter from M. Siismayer, Kapelmeister at Vienna, to Messrs. Breitkopf and Haertel, dated Sept. 8, 1800..	Haertel	Q1419801	person	occupation	Q222836	music publisher
TheQuarterlyMusicalMagazineAndReview__1826-029.txt_776	We may now quit I Purcell and come » down toa period a little later.	Purcell	Q9695	person	occupation	"Q36834;Q482980;Q765778;Q14915627;Q16031530"	"composer; author; organist; musicologist; music theorist"
TheQuarterlyMusicalMagazineAndReview__1828-037.txt_1532	In the soirees of the Princess Belmonte Spinelli, which take place.	Princess Belmonte Spinelli	Q23010905	person	occupation	Q1028181	painter
TheMusicalTimes__1875-388.txt_1115	Mr. Sims Reeves made a genuine hit in Arthur Sullivan’s song,	Mr. Sims Reeves	Q7521239	person	occupation	Q2865819	opera singer
TheMusicalWorld__1844-006.txt_980	"Mr. Sams, St. James's Street; and at M. Jullien’s office, 3, Maddox Street, Bond Street."	M. Jullien	Q660539	person	occupation	"Q36834;Q158852"	"composer; conductor"
TheHarmonicon__1828-001.txt_1782	We have had a French opera, at the head of which was M. ‘Nourrit, first tenor of the Academie Royale de Musique.	M. ‘ Nourrit	Q634623	person	occupation	"Q36834;Q2490358;Q2865819;Q8178443;Q16145150"	"composer; choreographer; opera singer; librettist; music educator"
TheHarmonicon__1833-005.txt_383	In short, we may say, that to hear such an opera as La Gazza Ladra performed by such singers as Rubini, Tamburini, Lablache, Graziani, Malibran, and Mariano, is the perfection of dramatic music.	Tamburini	Q605376	person	occupation	Q2865819	opera singer
TheHarmonicon__1828-001.txt_1069	adapted to the Airs, including upwards of ONE Hunprep Sones dy Burns.	Burns	Q81960	person	occupation	"Q36180;Q49757;Q131512;Q753110;Q14915627"	"writer; poet; farmer; songwriter; musicologist"
TheQuarterlyMusicalMagazineAndReview__1824-022.txt_1252	At some concerts, at the Feydeau, i in 1794, he executed some concerted symphonies of Devienne’s Sy with M. Huguot, Frederic and Charles Duvernoy.	Charles Duvernoy	Q1064184	person	occupation	"Q36834;Q118865;Q639669;Q1622272;Q16145150"	"composer; clarinetist; musician; university teacher; music educator"
TheMusicalTimes__1876-397.txt_2165	The programme included some favourite songs, and Balfe’s duet	Balfe	Q434171	person	occupation	"Q36834;Q158852;Q177220;Q753110;Q2865819"	"composer; conductor; singer; songwriter; opera singer"
TheMusicalWorld__1844-006.txt_843	I composed these variations to a Theme which had already been varied by Paganini, I had no intention of publishing them.	Paganini	Q66075	person	occupation	"Q36834;Q855091;Q899758;Q1259917;Q21680663;Q124800918"	"composer; guitarist; violist; violinist; classical composer; violin virtuos"
TheMusicalTimes__1876-402.txt_1235	H. R. Eyers, Walter Fitton, S. Kemp, Arthur O’ Leary, Harold Thomas, Brinley Richards, Frederick Westlake, T. Wingham, and the Principal.	Arthur O’ Leary	Q17984779	person	occupation	"Q36834;Q486748;Q753110;Q16145150"	"composer; pianist; songwriter; music educator"
TheMusicalTimes__1876-402.txt_1235	H. R. Eyers, Walter Fitton, S. Kemp, Arthur O’ Leary, Harold Thomas, Brinley Richards, Frederick Westlake, T. Wingham, and the Principal.	Frederick Westlake	Q18546502	person	occupation	Q36834	composer
TheMusicalTimes__1873-366.txt_1044	In one of her most eloquent passages, Charlotte Bronté said: —	Charlotte Bronté	Q127332	person	occupation	"Q36180;Q37226;Q49757;Q1540278;Q6625963"	"writer; teacher; poet; governess; novelist"
DwightSJournalOfMusic__1873-016.txt_1086	Schumann was giving concerts there in Dresden with Joachim, the great. violinist.	Joachim	Q159976	person	occupation	"Q36834;Q158852;Q691031;Q899758;Q1259917;Q1622272;Q14915627;Q16145150"	"composer; conductor; concertmaster; violist; violinist; university teacher; musicologist; music educator"
TheHarmonicon__1828-001.txt_969	It is copied from the original, in the hand - writing of the composer, and which, if we are rightly informed, is now - in the possession- of M. Schlesinger, the wellknown music - seller, at Paris.	M. Schlesinger	Q70457	person	occupation	Q222836	music publisher
TheQuarterlyMusicalMagazineAndReview__1825-025.txt_1509	This is the most important of Cimador’s Ss arrarigements.	Cimador	Q3762403	person	occupation	"Q36834;Q1259917"	"composer; violinist"
TheQuarterlyMusicalMagazineAndReview__1825-025.txt_1934	Antoine Barthelemi Bruni was born at Coni, in Piedmont, in 1752, and was a very distinguished violinist.	Antoine Barthelemi Bruni	Q599823	person	occupation	"Q36834;Q158852"	"composer; conductor"
TheMusicalWorld__1844-006.txt_54	— though it was excellently well performed by Phillips, Hill, and Severn.	Phillips	Q18671452	person	occupation	"Q36834;Q177220;Q18814623"	"composer; singer; autobiographer"
TheQuarterlyMusicalMagazineAndReview__1824-022.txt_1561	Perluigi da Palestrina was born in the year 1529, at Palestrina, the Preeneste of the antients: he is stated by.	Perluigi da Palestrina	Q179277	person	occupation	"Q36834;Q177220;Q215793;Q765778;Q1076502;Q16145150"	"composer; singer; chapelmaster; organist; choir director; music educator"
TheMusicalTimes__1876-397.txt_2270	The musical arrangements were under the direction of the organist and choirmaster of the parish church, Mr. J. V, Roberts, Mus, Bac.	Mr. J. V , Roberts	Q56183619	person	occupation	"Q36834;Q765778"	"composer; organist"
TheQuarterlyMusicalMagazineAndReview__1824-022.txt_2537	* Sento oh Dio” — Madame Ronzi de Begnis, Miss Stephens, Signor Garcia, Signor de Begnis, and Mr. oo Phillips	Madame Ronzi de Begnis	Q3266332	person	occupation	Q2865819	opera singer
TheHarmonicon__1828-001.txt_195	- Dittersdorf’s music to the Doctor and Apothecary, a drama translated and prepared for the stage by Mr. Cobb.	Dittersdorf	Q78522	person	occupation	"Q36834;Q158852;Q177220;Q639669;Q806349;Q1259917"	"composer; conductor; singer; musician; bandleader; violinist"
TheHarmonicon__1828-001.txt_195	- Dittersdorf’s music to the Doctor and Apothecary, a drama translated and prepared for the stage by Mr. Cobb.	Mr. Cobb	Q6131504	person	occupation	Q8178443	librettist
TheHarmonicon__1828-001.txt_186	In March 1787, Storace, with his sister, returned to England.	Storace	Q2369747	person	occupation	Q36834	composer
TheMusicalTimes__1875-388.txt_2146	-The programme comprised selections from the works of Bach, Haydn, Mendelssohn, Bennett, Guilmant, Martini, & c., all of which were excellently	Guilmant	Q350359	person	occupation	"Q36834;Q765778;Q1622272;Q16145150"	"composer; organist; university teacher; music educator"
TheQuarterlyMusicalMagazineAndReview__1828-037.txt_1714	Louis Capotorti — who passes for a harmonist of Durante’ Ss.	Louis Capotorti	Q17992489	person	occupation	"Q36834;Q1259917"	"composer; violinist"
TheQuarterlyMusicalMagazineAndReview__1828-037.txt_1714	Louis Capotorti — who passes for a harmonist of Durante’ Ss.	Durante	Q314221	person	occupation	Q36834	composer
TheQuarterlyMusicalMagazineAndReview__1826-029.txt_2202	Mr. Hummel’s rondo is a spirited piece, completely in the German style of composition.	Mr. Hummel	Q151953	person	occupation	"Q36834;Q158852;Q486748;Q691031;Q16145150"	"composer; conductor; pianist; concertmaster; music educator"
TheQuarterlyMusicalMagazineAndReview__1828-037.txt_1638	Furno, who fills this post, is equally active and skilful.	Furno	Q555808	person	occupation	"Q36834;Q16145150"	"composer; music educator"
TheMusicalTimes__1876-397.txt_1014	On this point, we learn a curious fact from Dr. Chrysander.	Dr. Chrysander	Q65274	person	occupation	"Q36180;Q876864;Q1350157;Q14915627"	"writer; editing staff; music critic; musicologist"
TheMusicalTimes__1876-402.txt_1109	Out of the 626 works given in Kéchel’s Catalogue, about 540 will be included in this edition, the remainder being either lost, not quite com - plete, or of doubtful authenticity.	Kéchel	Q78529	person	occupation	"Q18805;Q36834;Q201788;Q864380;Q1607826;Q2374149;Q13416354;Q14915627;Q20198542"	"naturalist; composer; historian; biographer; editor; botanist; mineralogist; musicologist; music historian"
TheMusicalWorld__1843-029.txt_350	"Miss Groom, Miss Flower, and Miss Cubitt; Mr. White, Mr. Giubilei, and Mr. John Parry."	Mr. John Parry	Q6251987	person	occupation	Q639669	musician
TheQuarterlyMusicalMagazineAndReview__1826-029.txt_514	"Song, composed by Signor de Beguis; the words by Eugenius Roche Esq."	Eugenius Roche	Q17015704	person	occupation	"Q49757;Q1930187"	"poet; journalist"
TheMusicalTimes__1876-402.txt_2241	"The programme consisted of Mozart's String Quintett in C major; Haydn's Variations on the Austrian Hymn; Regondi’s us."	Regondi	Q981612	person	occupation	"Q36834;Q713200;Q855091;Q24067349"	"composer; performing artist; guitarist; classical guitarist"
TheMusicalTimes__1876-402.txt_1158	The concert was conducted by Mr. Walter Macfarren with his usual judgment and precision.	Mr. Walter Macfarren	Q18954633	person	occupation	"Q36834;Q158852;Q486748"	"composer; conductor; pianist"
TheQuarterlyMusicalMagazineAndReview__1825-025.txt_2008	It is written in Italian, by Stefano Arteaga, a Spaniard and an ex - Jesuit.	Stefano Arteaga	Q3972360	person	occupation	"Q36180;Q1792450;Q14915627;Q20669622"	"writer; art historian; musicologist; music journalist"
TheMusicalWorld__1843-036.txt_571	M. Danjou, organist of Notre Dame, at Paris, has recently discovered in the church of Soliez Ville, in the department of the Var, an organ built so far back as the year 1450.	M. Danjou	Q444728	person	occupation	"Q36834;Q765778;Q1930187;Q14915627"	"composer; organist; journalist; musicologist"
TheQuarterlyMusicalMagazineAndReview__1824-022.txt_1755	Since that period, Dr. Burney obtained two copies of it while in Italy — one from the Padre Martini, who possessed one himself, and the other from Signor Santar elli.	Signor Santar elli	Q5565524	person	occupation	"Q36834;Q2865819"	"composer; opera singer"
TheMusicalTimes__1873-366.txt_1780	He was for many years the usical eptor of the family of the late King Louis ippe, of France.	King Louis ippe	Q7771	person	occupation	Q82955	politician
TheQuarterlyMusicalMagazineAndReview__1825-025.txt_528	Books 1 and 2 of Cottage Divertimentos for the Piano Forte, by P. A. Corri 3.	P. A. Corri	Q7183128	person	occupation	Q36834	composer
TheQuarterlyMusicalMagazineAndReview__1824-022.txt_1251	Delcambre Thomas, pupil of M. Ozi, professor of the bassoon ce2	Delcambre Thomas	Q55836534	person	occupation	"Q36834;Q12310971;Q16145150"	"composer; bassoonist; music educator"
TheQuarterlyMusicalMagazineAndReview__1824-022.txt_1251	Delcambre Thomas, pupil of M. Ozi, professor of the bassoon ce2	M.	Q289996	person	occupation	"Q36834;Q1622272;Q12310971;Q14915627"	"composer; university teacher; bassoonist; musicologist"
TheQuarterlyMusicalMagazineAndReview__1825-025.txt_2117	Immediately in their footsteps appeared those great harmonists Gaetano Greco, Albinoni Caldara,	Gaetano Greco	Q1339827	person	occupation	"Q36834;Q158852;Q765778;Q16145150"	"composer; conductor; organist; music educator"
TheQuarterlyMusicalMagazineAndReview__1825-025.txt_2117	Immediately in their footsteps appeared those great harmonists Gaetano Greco, Albinoni Caldara,	Albinoni	Q174606	person	occupation	"Q36180;Q36834;Q214917;Q1259917;Q2962003"	"writer; composer; playwright; violinist; chef de chant"
TheQuarterlyMusicalMagazineAndReview__1825-025.txt_2117	Immediately in their footsteps appeared those great harmonists Gaetano Greco, Albinoni Caldara,	Caldara	Q311571	person	occupation	"Q36834;Q177220;Q215793;Q13219637"	"composer; singer; chapelmaster; cellist"
TheMusicalTimes__1876-402.txt_1680	The honour of a musical doctorate has been but seldom granted by the University of Durham, one of the last to receive this distinction having been the late lamented Dr. Dykes.	Dr. Dykes	Q3269824	person	occupation	"Q36834;Q765778;Q2259532;Q13424456"	"composer; organist; cleric; hymnwriter"
TheQuarterlyMusicalMagazineAndReview__1826-029.txt_3253	M. Choron has however re - embodied the bulk of his examples in his “Principes de Composition.	M. Choron	Q1392901	person	occupation	"Q1231865;Q14915627;Q16031530;Q16145150"	"pedagogue; musicologist; music theorist; music educator"
The Harmonicon_1828-005_ms_1	An unfortunate intrigue with a lady of royal birth, having obliged Jarnowick to quit France @ la sourdine, in the year 1780, his situation was filled by the incomparable Viotti, whom the author of Les Jardins, Delille, used to call the “Pindar of the Violin.”	Delille	Q981922	person	occupation	"Q36180;Q49757;Q121594;Q333634;Q14467526"	"writer; poet; professor; translator; linguist"
The_Quarterly_Musical_Magazine_And_Review_ms_1826-030_4_	Miss Sterling, a young Jady not more than 17 years of age, a pupil of Mr. Neate, played Mr. Moscheles’ fantasia on. the air, “du clair de la lune,” with such uncommon brilliancy of finger and excellence of style as to do equal honour to her own industry, and to the care even of so fine a master as Mr. Neate.	Mr. Neate	Q18526894	person	occupation	"Q36834;Q486748"	"composer; pianist"
The_Musical_Times_ms_1896-646_2_	The foundation of the Church Orchestral Society, by the Honourable Richard Strutt, and the hearty support given it by Sir John Stainer, has furthered i m great measure this desirable movement, and its. progress has been assisted in no small degree by the individual efforts. of organists, whose endeavours deserve cordial: commendation.	the Honourable Richard Strutt	Q75270792	person	occupation	Q36834	composer
The_Musical_Times_ms_1896-646_2_	The foundation of the Church Orchestral Society, by the Honourable Richard Strutt, and the hearty support given it by Sir John Stainer, has furthered i m great measure this desirable movement, and its. progress has been assisted in no small degree by the individual efforts. of organists, whose endeavours deserve cordial: commendation.	Sir John Stainer	Q1388550	person	occupation	"Q36834;Q765778;Q14915627;Q16031530"	"composer; organist; musicologist; music theorist"
The_Musical_Times_ms_1896-646_3_	We advisedly say “our”! distinguished pianist, because forty - five years of residence in this country, and of unbroken hard work in our English schools of music, the Royal Academy, Royal College, Guildhall School, and the tentative National Training School entitle Mr. Pauer to the citizenship of our land as well as the gratitude of all those who know how important and. widespread his influence has been.	Mr. Pauer	Q79183	person	occupation	"Q36834;Q486748;Q1622272;Q16145150"	"composer; pianist; university teacher; music educator"
The_Musical_World_ms_1855-025_1_	John of Procida was among the most active leaders in this revolt, and his name and exploits, forming the theme of many a poem and romance, have now been celebrated by MM. Scribe and Verdi in the opera of Les Vépres Siciliennes.	John of Procida	Q1227361	person	occupation	"Q39631;Q82955;Q193391;Q1622272"	"physician; politician; diplomat; university teacher"
The_Musical_World_ms_1855-025_1_	John of Procida was among the most active leaders in this revolt, and his name and exploits, forming the theme of many a poem and romance, have now been celebrated by MM. Scribe and Verdi in the opera of Les Vépres Siciliennes.	Scribe	Q319261	person	occupation	"Q36180;Q36834;Q214917;Q6625963;Q8178443"	"writer; composer; playwright; novelist; librettist"
The_Musical_World_ms_1855-025_1_	John of Procida was among the most active leaders in this revolt, and his name and exploits, forming the theme of many a poem and romance, have now been celebrated by MM. Scribe and Verdi in the opera of Les Vépres Siciliennes.	Verdi	Q7317	person	occupation	"Q36180;Q36834;Q82955;Q158852"	"writer; composer; politician; conductor"
Dwight's Journal of Music_1857-001_ms_3	Nevertheless, the house was crowded, and the performances, consisting of a miscellaneous concert. by the orchestra, Thalberg, d’Angri, and various German singing societies, (the best of which, however, had withdrawn their servi, ces in view of the above - mentioned condition), and the first act of Fidelio.	Thalberg	Q347871	person	occupation	"Q36834;Q486748"	"composer; pianist"
Dwight's Journal of Music_1857-001_ms_3	Nevertheless, the house was crowded, and the performances, consisting of a miscellaneous concert. by the orchestra, Thalberg, d’Angri, and various German singing societies, (the best of which, however, had withdrawn their servi, ces in view of the above - mentioned condition), and the first act of Fidelio.	d’Angri	Q5358988	person	occupation	"Q36834;Q2865819"	"composer; opera singer"
Dwight's Journal of Music_1855-002_ms_3	"Below Schandau you pass the bold promontory of Schramstein, close sunder the fortified heights of Pfaffenstein, and ‘Konigstein with its impregnable fortress — against whose walls Napoleon battered: in vain — thence on, through a wild country of tale - telling tradition, “thé cradle of gnomes and. kobolds,”’ till, at length, near Dresden you emerge among thriving. Villages and cultivated fields; like the exit, on the. Neckar, from the vallies of Odenwald upon the plains of the Rhine at Heidelberg."	Napoleon	Q517	person	occupation	"Q116;Q39018;Q82955;Q189290;Q372436;Q1402561;Q2304859;Q10732476;Q17010072;Q38239859"	"monarch; Emperor; politician; military officer; statesperson; military leader; sovereign; art collector; militant; army officer"
The_Quarterly_Musical_Magazine_And_Review_ms_1826-030_5_	Until the appearance of Lully’s overtures such a prelude was never thought of, and what is even more singular, by their novelty and excellence, they continued for a long time to hold their place and pre - eminence, and were played before operas composed by Vinci, Leo, and Pergolesi, nearly a century after the date of their original production.	Vinci	Q29577	person	occupation	"Q36834;Q215793"	"composer; chapelmaster"
The_Quarterly_Musical_Magazine_And_Review_ms_1826-030_5_	Until the appearance of Lully’s overtures such a prelude was never thought of, and what is even more singular, by their novelty and excellence, they continued for a long time to hold their place and pre - eminence, and were played before operas composed by Vinci, Leo, and Pergolesi, nearly a century after the date of their original production.	Pergolesi	Q185312	person	occupation	"Q36834;Q765778"	"composer; organist"
Dwight's Journal of Music_1854-002_ms_2	"His brightest years were those divided betwixt London and Paris, < when he formed one of the quartet - with Madame Grisi, Signori Lablache and Tamburini; his most luerdtive | professional’ days were possibly those last ones spent in St. Petersburgh, where H- M. the - Czar, to do him honor, made him Colonel of a regiment."	Czar	Q130734	person	occupation	"Q116;Q1097498"	"monarch; ruler"
The_Musical_World__ms_1844-005_2_	Would the students in the London University be satisfied with Professor Morgan, if, in what he designated a course of lectures on Mathematics, he were content to regale them with a narrative of the life and adventures of Hermogenes — the birth and parentage of Euclid — the amours and idiosyncracies of Cardan the burning alive of Giordano Bruno and Vanini the simplicity and ingenious nature of the moral character of Spinoza — or the interesting peculiarities of Sir Isaac Newton’s dog?	Professor Morgan	Q208448	person	occupation	"Q40348;Q170790;Q1622272;Q4964182;Q14565331"	"lawyer; mathematician; university teacher; philosopher; logician"
The_Musical_World__ms_1844-005_2_	Would the students in the London University be satisfied with Professor Morgan, if, in what he designated a course of lectures on Mathematics, he were content to regale them with a narrative of the life and adventures of Hermogenes — the birth and parentage of Euclid — the amours and idiosyncracies of Cardan the burning alive of Giordano Bruno and Vanini the simplicity and ingenious nature of the moral character of Spinoza — or the interesting peculiarities of Sir Isaac Newton’s dog?	Hermogenes	Q1336424	person	occupation	Q4964182	philosopher
The_Musical_World__ms_1844-005_2_	Would the students in the London University be satisfied with Professor Morgan, if, in what he designated a course of lectures on Mathematics, he were content to regale them with a narrative of the life and adventures of Hermogenes — the birth and parentage of Euclid — the amours and idiosyncracies of Cardan the burning alive of Giordano Bruno and Vanini the simplicity and ingenious nature of the moral character of Spinoza — or the interesting peculiarities of Sir Isaac Newton’s dog?	Euclid	Q8747	person	occupation	"Q36180;Q170790"	"writer; mathematician"
The_Musical_World__ms_1844-005_2_	Would the students in the London University be satisfied with Professor Morgan, if, in what he designated a course of lectures on Mathematics, he were content to regale them with a narrative of the life and adventures of Hermogenes — the birth and parentage of Euclid — the amours and idiosyncracies of Cardan the burning alive of Giordano Bruno and Vanini the simplicity and ingenious nature of the moral character of Spinoza — or the interesting peculiarities of Sir Isaac Newton’s dog?	Cardan	Q184530	person	occupation	"Q39631;Q81096;Q155647;Q170790;Q205375;Q4964182"	"physician; engineer; astrologer; mathematician; inventor; philosopher"
The_Musical_World__ms_1844-005_2_	Would the students in the London University be satisfied with Professor Morgan, if, in what he designated a course of lectures on Mathematics, he were content to regale them with a narrative of the life and adventures of Hermogenes — the birth and parentage of Euclid — the amours and idiosyncracies of Cardan the burning alive of Giordano Bruno and Vanini the simplicity and ingenious nature of the moral character of Spinoza — or the interesting peculiarities of Sir Isaac Newton’s dog?	Giordano Bruno	Q36330	person	occupation	"Q11063;Q36180;Q49757;Q155647;Q170790;Q1469535;Q1622272;Q4964182"	"astronomer; writer; poet; astrologer; mathematician; Latin Catholic priest; university teacher; philosopher"
The_Musical_World__ms_1844-005_2_	Would the students in the London University be satisfied with Professor Morgan, if, in what he designated a course of lectures on Mathematics, he were content to regale them with a narrative of the life and adventures of Hermogenes — the birth and parentage of Euclid — the amours and idiosyncracies of Cardan the burning alive of Giordano Bruno and Vanini the simplicity and ingenious nature of the moral character of Spinoza — or the interesting peculiarities of Sir Isaac Newton’s dog?	Vanini	Q553128	person	occupation	"Q18805;Q36180;Q39631;Q155647;Q4964182"	"naturalist; writer; physician; astrologer; philosopher"
The_Musical_World__ms_1844-005_2_	Would the students in the London University be satisfied with Professor Morgan, if, in what he designated a course of lectures on Mathematics, he were content to regale them with a narrative of the life and adventures of Hermogenes — the birth and parentage of Euclid — the amours and idiosyncracies of Cardan the burning alive of Giordano Bruno and Vanini the simplicity and ingenious nature of the moral character of Spinoza — or the interesting peculiarities of Sir Isaac Newton’s dog?	Spinoza	Q35802	person	occupation	"Q1234713;Q1238570;Q4964182;Q15991187;Q24262584;Q66060374"	"theologian; political scientist; philosopher; grammarian; Bible translator; grinder of lenses"
The_Musical_World__ms_1844-005_2_	Would the students in the London University be satisfied with Professor Morgan, if, in what he designated a course of lectures on Mathematics, he were content to regale them with a narrative of the life and adventures of Hermogenes — the birth and parentage of Euclid — the amours and idiosyncracies of Cardan the burning alive of Giordano Bruno and Vanini the simplicity and ingenious nature of the moral character of Spinoza — or the interesting peculiarities of Sir Isaac Newton’s dog?	Sir Isaac Newton	Q935	person	occupation	"Q170790;Q4964182"	"mathematician; philosopher"
the_Musical_Times_ms_1895-634_3_	The rumour that the Church Choral Society will not sing this season has received recent confirmation, and this, if true, will leave the field in New York for choruses of moderate size open to the Musical Art Society (under Mr. Frank Damrosch), the New York Musical Society (under Mr. Dossert), and the new Harlem Oratorio Society.	Mr. Frank Damrosch	Q962237	person	occupation	"Q158852;Q16145150"	"conductor; music educator"
The Harmonicon_1823-002_ms_3	La Clemenza di Tito was the first, in which‘a French lady, under the riame of Signora Clarini, took the part of Servilia, and a Madame’ Graziani filled the character ef Annio, both of which were massacred in their hands, and the whole opera necessarily partook in the - ruin.	Servilia	Q63534091	person	occupation		
The Harmonicon_1823-002_ms_3	La Clemenza di Tito was the first, in which‘a French lady, under the riame of Signora Clarini, took the part of Servilia, and a Madame’ Graziani filled the character ef Annio, both of which were massacred in their hands, and the whole opera necessarily partook in the - ruin.	Annio	Q63534077	person	occupation		
The_Quarterly_Musical_Magazine_And_Review_ms_1827-022_2_	Both however appeared we believe at last at Dr. Crotch’s, though. but for the very kind assistance of Madame Caradori, the poor Doctor would have had no little difficulty in - getting his Pavestine per- formed, notwithstanding it had been so long separately and specially announced that both Miss Stephens and Miss Paton were engaged to sing in it.	Dr. Crotch	Q718709	person	occupation	"Q36834;Q765778;Q1028181;Q16145150"	"composer; organist; painter; music educator"
the_Musical_Times_ms_1896-635_12_	The principal novelty of the Concert on the 1st ult. was “La Naissance de Venus,’ scéne mythologique, by M. Paul Collin, set to music by M. G. Fauré, an important work carefully scored, but wanting in the charm to which this.graceful composer has accustomed us.	M. Paul Collin	Q3370911	person	occupation	"Q49757;Q8178443"	"poet; librettist"
the_Musical_Times_ms_1896-635_12_	The principal novelty of the Concert on the 1st ult. was “La Naissance de Venus,’ scéne mythologique, by M. Paul Collin, set to music by M. G. Fauré, an important work carefully scored, but wanting in the charm to which this.graceful composer has accustomed us.	M. G. Fauré	Q104919	person	occupation	"Q36834;Q37226;Q215793;Q486748;Q765778;Q1622272;Q14915627;Q16145150"	"composer; teacher; chapelmaster; pianist; organist; university teacher; musicologist; music educator"
The Harmonicon_1827-002_ms_2	The productions of Tallis, Birde, Morley, and Farrant, of Gibbons and Child, of Blow and Purcell, of Croft, Greene, Boyce, Nares, and we might add others, are not only excellent qguoad compositions, but equally perfect as forming a part of our religious worship: they never for a moment lose the true devotional character, though their difference from each other, in many respects, is as wide as the several periods at which they were written.	Tallis	Q207789	person	occupation	Q36834	composer
The Harmonicon_1827-002_ms_2	The productions of Tallis, Birde, Morley, and Farrant, of Gibbons and Child, of Blow and Purcell, of Croft, Greene, Boyce, Nares, and we might add others, are not only excellent qguoad compositions, but equally perfect as forming a part of our religious worship: they never for a moment lose the true devotional character, though their difference from each other, in many respects, is as wide as the several periods at which they were written.	Birde	Q208375	person	occupation	"Q36834;Q765778"	"composer; organist"
The Harmonicon_1827-002_ms_2	The productions of Tallis, Birde, Morley, and Farrant, of Gibbons and Child, of Blow and Purcell, of Croft, Greene, Boyce, Nares, and we might add others, are not only excellent qguoad compositions, but equally perfect as forming a part of our religious worship: they never for a moment lose the true devotional character, though their difference from each other, in many respects, is as wide as the several periods at which they were written.	Morley	Q438141	person	occupation	"Q36834;Q765778;Q14915627;Q16031530"	"composer; organist; musicologist; music theorist"
The Harmonicon_1827-002_ms_2	The productions of Tallis, Birde, Morley, and Farrant, of Gibbons and Child, of Blow and Purcell, of Croft, Greene, Boyce, Nares, and we might add others, are not only excellent qguoad compositions, but equally perfect as forming a part of our religious worship: they never for a moment lose the true devotional character, though their difference from each other, in many respects, is as wide as the several periods at which they were written.	Farrant	Q7325622	person	occupation	"Q36834;Q214917;Q1076502"	"composer; playwright; choir director"
The Harmonicon_1827-002_ms_2	The productions of Tallis, Birde, Morley, and Farrant, of Gibbons and Child, of Blow and Purcell, of Croft, Greene, Boyce, Nares, and we might add others, are not only excellent qguoad compositions, but equally perfect as forming a part of our religious worship: they never for a moment lose the true devotional character, though their difference from each other, in many respects, is as wide as the several periods at which they were written.	Blow	Q311110	person	occupation	"Q36834;Q177220;Q765778;Q16145150"	"composer; singer; organist; music educator"
The Harmonicon_1827-002_ms_2	The productions of Tallis, Birde, Morley, and Farrant, of Gibbons and Child, of Blow and Purcell, of Croft, Greene, Boyce, Nares, and we might add others, are not only excellent qguoad compositions, but equally perfect as forming a part of our religious worship: they never for a moment lose the true devotional character, though their difference from each other, in many respects, is as wide as the several periods at which they were written.	Croft	Q1236164	person	occupation	"Q36834;Q765778"	"composer; organist"
The Harmonicon_1827-002_ms_2	The productions of Tallis, Birde, Morley, and Farrant, of Gibbons and Child, of Blow and Purcell, of Croft, Greene, Boyce, Nares, and we might add others, are not only excellent qguoad compositions, but equally perfect as forming a part of our religious worship: they never for a moment lose the true devotional character, though their difference from each other, in many respects, is as wide as the several periods at which they were written.	Greene	Q615819	person	occupation	"Q36834;Q765778"	"composer; organist"
The Harmonicon_1827-002_ms_2	The productions of Tallis, Birde, Morley, and Farrant, of Gibbons and Child, of Blow and Purcell, of Croft, Greene, Boyce, Nares, and we might add others, are not only excellent qguoad compositions, but equally perfect as forming a part of our religious worship: they never for a moment lose the true devotional character, though their difference from each other, in many respects, is as wide as the several periods at which they were written.	Boyce	Q313152	person	occupation	Q36834	composer
The Harmonicon_1827-002_ms_2	The productions of Tallis, Birde, Morley, and Farrant, of Gibbons and Child, of Blow and Purcell, of Croft, Greene, Boyce, Nares, and we might add others, are not only excellent qguoad compositions, but equally perfect as forming a part of our religious worship: they never for a moment lose the true devotional character, though their difference from each other, in many respects, is as wide as the several periods at which they were written.	Nares	Q463998	person	occupation	"Q36834;Q765778"	"composer; organist"
The_Musical_World__ms_1843-042_3_	The rest of the concert was made up ofan exhibition on the violoncello, during which the “veteran” delighted us with “Polly put the kettle on’ — some sentimentalities by Bellini, Pacini and Zingarelli, and the worn out terzetto from Il Matrimonio Segretto, which by this time I am quite tired of, thongh Miss Marshall, Mrs. Shaw and Mrs. Bushe did it ample justice, as far as singing went — I say nothing about acting.	Zingarelli	Q505202	person	occupation	"Q36834;Q158852;Q215793;Q765778;Q14915627"	"composer; conductor; chapelmaster; organist; musicologist"
The Harmonicon_1832-006_ms_3	In the twenty - fifth number of our new series (January 1830), appeared a review of a work of great science, learning, and merit, under the title of Instructions to my Daughter for Playing on the Enharmonic Guitar, written by Lieutenant - Colonel Perronet.	Lieutenant - Colonel Perronet	Q4670375	person	occupation	Q82955	politician
The_Musical_World__ms_1845-029_2_	"We may mention as a remarkable circumstance, that on the evening of the night on which he was born, his mother, notwithstanding the delicacy of her situation, was induced to go to a concert given by Paganini at the Teatro Santo Augustino in Genoa; when the performance of the great Maestro produced such an effect on her mind and nerves as to precipitate her accouchement, and the young Sivori came into the world somewhat before his time."	Sivori	Q1029423	person	occupation	"Q36834;Q1259917"	"composer; violinist"
the_Musical_Times_ms_1896-635_6_	At a second Advent Service, on the 12th ult., the “Last Judgment” of Spohr was. given, but without an orchestra, its place being filled at the organ as efficiently as it could be by Mr. G. R. Sinclair, the organist of Hereford Cathedral.	Mr. G. R. Sinclair	Q5543957	person	occupation	"Q158852;Q765778"	"conductor; organist"
The Harmonicon_1826-048_ms_4	"Two of these compositions have been published, and are as follows: — Morgengruss an Goethe, & y., (Morning Salutation to Goéthe on his Birth - day); the poetry by F. W. Riemar, the music for two sopranos, tenor and basy by C. Eberwein, with an aceompaniment for the piano, (Bpth in score, andin parts.)"	C. Eberwein	Q216234	person	occupation	"Q36834;Q158852;Q639669;Q1259917"	"composer; conductor; musician; violinist"
The Harmonicon_1830-003_ms_2	"Madame Kraus - Wranisky is a singer superior to Madame Seidler, both in power and expression, although she is occasionally defective in execution; and, spite of a homely look and large person, does every thing with a grace and dignity strongly reminding me of Pasta."	Madame Kraus - Wranisky	Q55895823	person	occupation	Q2865819	opera singer
The Harmonicon_1830-003_ms_2	"Madame Kraus - Wranisky is a singer superior to Madame Seidler, both in power and expression, although she is occasionally defective in execution; and, spite of a homely look and large person, does every thing with a grace and dignity strongly reminding me of Pasta."	Madame Seidler	Q6373188	person	occupation	"Q177220;Q2865819"	"singer; opera singer"
The_Quarterly_Musical_Magazine_And_Review_ms_1827-036_2_	"As a prima donna, Mademoiselle Lalande reminds me of Madame: Ronzi di Begnis in the force andenergy of her style; but, with an equality of talent as a musician and a charming person, as an actress she falls far short in the comparison."	Mademoiselle Lalande	Q3132487	person	occupation	Q2865819	opera singer
The_Musical_Times_ms_1905-754_9_	The Choral Society opened its sixteenth season in the Drill Hall on November 2 with a complete Elgar programme: ‘The Black Knight,’ ‘The Banner of St. George,’ ‘Imperial March,’ ‘In Hammersbach’ (from ‘The Bavarian Highlands’), and the ‘Pomp and Circumstance’ March No. 1.	Elgar	Q179631	person	occupation	"Q36834;Q158852"	"composer; conductor"
Dwight's Journal of Music_1852-019_ms_2	"From evounds ‘of reflection, the Opera Seria; to which he had paid the tribute of - his youth, accompanied by thé most brilliant suc“cess, in Italy, disgusted him; and he began to reflect radically upon the conditions.of lyric I al tragedy, triéd to bring them ‘into application in his Orfeo, and developed them in writing in the { L preface to his Aleeste, which he dedicated to the ii grand * duke of Tuscany."	grand * duke of Tuscany	Q151321	person	occupation	Q82955	politician
The_Musical_World__ms_1844-005_1_	We read, in a cotemporary, some cogent observations in reply to the “Morning Post,” on the subject of the Professorship, which we transfer, in part, to our pages: — were to dilate profusely on the Mystéres de Parts of our worthy friend Eugéne Sue, and the profound morality of Soulié’s Memoires du Diable — what would be the result?	Eugéne Sue	Q315220	person	occupation	"Q36180;Q39631;Q82955;Q6625963"	"writer; physician; politician; novelist"
The_Musical_World__ms_1844-005_1_	We read, in a cotemporary, some cogent observations in reply to the “Morning Post,” on the subject of the Professorship, which we transfer, in part, to our pages: — were to dilate profusely on the Mystéres de Parts of our worthy friend Eugéne Sue, and the profound morality of Soulié’s Memoires du Diable — what would be the result?	Soulié	Q2031275	person	occupation	"Q36180;Q182436;Q214917;Q1930187;Q6625963"	"writer; librarian; playwright; journalist; novelist"
The_Musical_World__ms_1843-042_1_	"Miss Marshall won golden opinions by her charming delivery of Gluck’s “Che faro,” and Miss Birch, sang the superb “Ah perfido” of Beethoven better than I have ever heard it sung, except by Malibran; in the ranting air (with violin obligato) from Paer’s dull opera of Griselda, Miss Birch was no less successful, but, from the inferior nature of the composition, much less agreeable."	Gluck	Q130759	person	occupation	"Q36834;Q158852"	"composer; conductor"
the_Musical_Times_ms_1884-493_1_	"At who think with us that the selection of operatic works for performance in any country should not be bounded by geographical restrictions, can not but feel gratifled that the lessee of the Royal Italian Opera no longer confines himself to the creations of foreign composers; but, welcoming good music wherever it can be found, has chosen Mr. Mackenzie’s highly successful opera ‘Colomba”’ as one of the chief attractions of the coming season."	Mr. Mackenzie	Q674739	person	occupation	"Q36834;Q158852;Q1622272;Q16145150"	"composer; conductor; university teacher; music educator"
The Musical Times_1871-335_ms_3	"The strongest evidence for Carey’s claim should be an argument against it; for it isthe statement of John Christopher Smith, that Carey, unable to harmonize his own tune, asked Smith to write a bass to it; whereas in his Musical Century Carey has left plenty of proof that he was musician enough to put a very good bass to so simple a melody."	Carey	Q1606590	person	occupation	"Q36180;Q36834;Q49757"	"writer; composer; poet"
The Musical Times_1871-335_ms_3	"The strongest evidence for Carey’s claim should be an argument against it; for it isthe statement of John Christopher Smith, that Carey, unable to harmonize his own tune, asked Smith to write a bass to it; whereas in his Musical Century Carey has left plenty of proof that he was musician enough to put a very good bass to so simple a melody."	John Christopher	Q11727869	person	occupation	Q36834	composer
The Harmonicon_1829-002_ms_3	"The rival of Vinci and Porpora in dramatic composition, Leo was also desirous of emulating Durante in sacred music; and as in the former department of his art he had been by turns pathetic and gay, scientific and natural, so in the latter he attained to eminence, and produced numerous compositions of a character imposing, dignified, and sublime."	Durante	Q2286657	person	occupation	Q36834	composer
The Musical Times_1871-335_ms_1	It is a curious coincidence, to say the least of it, that an air with the same rhythmical*peculiarity — a peculiarity which is almost individualexists in a transcript of compositions by Dr. John Bull, the musical professor of Gresham College in the time of James I, and this has given occasion for the setting up in his favour of a claim to the authorship.	James I	Q79972	person	occupation	"Q116;Q36180;Q49757;Q2478141"	"monarch; writer; poet; aristocrat"
The Harmonicon_1824-020_ms_4	Music, learned and ingenicus, like that of Jomelli, abounding in harniony and con trivance, and requiring a careful execution, and the utmost stillness and attention in the audience, would not satisfy the frivolous and depraved taste of the Italians, who used to sav, that the music of Gluck, Jomelli, Hasse, and Bach, was too rough and German.	Jomelli	Q312891	person	occupation	"Q36834;Q14915627"	"composer; musicologist"
The Harmonicon_1824-020_ms_4	Music, learned and ingenicus, like that of Jomelli, abounding in harniony and con trivance, and requiring a careful execution, and the utmost stillness and attention in the audience, would not satisfy the frivolous and depraved taste of the Italians, who used to sav, that the music of Gluck, Jomelli, Hasse, and Bach, was too rough and German.	Hasse	Q164732	person	occupation	"Q36834;Q177220;Q215793;Q16145150"	"composer; singer; chapelmaster; music educator"
The_Musical_Times_ms_1885-505_1_	The following works have been performed in their entirety during the season: Mendelssohn’s ‘Elijah, ‘Hear my Prayer,” * * Loreley,” 98th Psalm, ‘Ave Maria,” and ‘As the Hart pants,” Spohr’s ‘God, Thou art Great,” Gaul’s Sacred Cantata, ‘The Holy City,” and C. ]. Stevens’s Anthem “Sing, O Heavens,” selections having been also given from “The Messiah,” “Israel in Egypt,” ‘The Seasons,” ‘St. Paul,” “Samson,” and the “Song of Miriam.”	Gaul	Q4723319	person	occupation	"Q36834;Q158852"	"composer; conductor"
the_Musical_Times_ms_1884-493_4_	"Besides the artists already mentioried we are promised Madame Adelina Patti, Madame Sembrich, Madame Maria Durand, Mdlle. De Vere (her first appearance at the Royai Italian Opera), Madame Scalchi, Mdlle. Reggiani, and Mdille. Tremelli; Signor Nicolini, Signor Marconi, M. Soulacroix, Signor Mierzwinski, Signor Cotogni, M. Devoyod, Signor De Reszké, Signor Monti, and Signor Novara."	Madame Sembrich	Q265698	person	occupation	"Q486748;Q1259917;Q2865819;Q16145150"	"pianist; violinist; opera singer; music educator"
the_Musical_Times_ms_1884-493_4_	"Besides the artists already mentioried we are promised Madame Adelina Patti, Madame Sembrich, Madame Maria Durand, Mdlle. De Vere (her first appearance at the Royai Italian Opera), Madame Scalchi, Mdlle. Reggiani, and Mdille. Tremelli; Signor Nicolini, Signor Marconi, M. Soulacroix, Signor Mierzwinski, Signor Cotogni, M. Devoyod, Signor De Reszké, Signor Monti, and Signor Novara."	Mdlle . De Vere	Q19998212	person	occupation	Q2865819	opera singer
the_Musical_Times_ms_1884-493_4_	"Besides the artists already mentioried we are promised Madame Adelina Patti, Madame Sembrich, Madame Maria Durand, Mdlle. De Vere (her first appearance at the Royai Italian Opera), Madame Scalchi, Mdlle. Reggiani, and Mdille. Tremelli; Signor Nicolini, Signor Marconi, M. Soulacroix, Signor Mierzwinski, Signor Cotogni, M. Devoyod, Signor De Reszké, Signor Monti, and Signor Novara."	Madame Scalchi	Q7553670	person	occupation	Q2865819	opera singer
the_Musical_Times_ms_1884-493_4_	"Besides the artists already mentioried we are promised Madame Adelina Patti, Madame Sembrich, Madame Maria Durand, Mdlle. De Vere (her first appearance at the Royai Italian Opera), Madame Scalchi, Mdlle. Reggiani, and Mdille. Tremelli; Signor Nicolini, Signor Marconi, M. Soulacroix, Signor Mierzwinski, Signor Cotogni, M. Devoyod, Signor De Reszké, Signor Monti, and Signor Novara."	Signor Nicolini	Q3083329	person	occupation	Q2865819	opera singer
the_Musical_Times_ms_1884-493_4_	"Besides the artists already mentioried we are promised Madame Adelina Patti, Madame Sembrich, Madame Maria Durand, Mdlle. De Vere (her first appearance at the Royai Italian Opera), Madame Scalchi, Mdlle. Reggiani, and Mdille. Tremelli; Signor Nicolini, Signor Marconi, M. Soulacroix, Signor Mierzwinski, Signor Cotogni, M. Devoyod, Signor De Reszké, Signor Monti, and Signor Novara."	Signor Marconi	Q5479431	person	occupation	Q2865819	opera singer
the_Musical_Times_ms_1884-493_4_	"Besides the artists already mentioried we are promised Madame Adelina Patti, Madame Sembrich, Madame Maria Durand, Mdlle. De Vere (her first appearance at the Royai Italian Opera), Madame Scalchi, Mdlle. Reggiani, and Mdille. Tremelli; Signor Nicolini, Signor Marconi, M. Soulacroix, Signor Mierzwinski, Signor Cotogni, M. Devoyod, Signor De Reszké, Signor Monti, and Signor Novara."	M. Soulacroix	Q5515856	person	occupation	Q2865819	opera singer
the_Musical_Times_ms_1884-493_4_	"Besides the artists already mentioried we are promised Madame Adelina Patti, Madame Sembrich, Madame Maria Durand, Mdlle. De Vere (her first appearance at the Royai Italian Opera), Madame Scalchi, Mdlle. Reggiani, and Mdille. Tremelli; Signor Nicolini, Signor Marconi, M. Soulacroix, Signor Mierzwinski, Signor Cotogni, M. Devoyod, Signor De Reszké, Signor Monti, and Signor Novara."	Signor Mierzwinski	Q5986416	person	occupation	Q2865819	opera singer
the_Musical_Times_ms_1884-493_4_	"Besides the artists already mentioried we are promised Madame Adelina Patti, Madame Sembrich, Madame Maria Durand, Mdlle. De Vere (her first appearance at the Royai Italian Opera), Madame Scalchi, Mdlle. Reggiani, and Mdille. Tremelli; Signor Nicolini, Signor Marconi, M. Soulacroix, Signor Mierzwinski, Signor Cotogni, M. Devoyod, Signor De Reszké, Signor Monti, and Signor Novara."	Signor Cotogni	Q2562468	person	occupation	"Q2865819;Q16145150"	"opera singer; music educator"
the_Musical_Times_ms_1884-493_4_	"Besides the artists already mentioried we are promised Madame Adelina Patti, Madame Sembrich, Madame Maria Durand, Mdlle. De Vere (her first appearance at the Royai Italian Opera), Madame Scalchi, Mdlle. Reggiani, and Mdille. Tremelli; Signor Nicolini, Signor Marconi, M. Soulacroix, Signor Mierzwinski, Signor Cotogni, M. Devoyod, Signor De Reszké, Signor Monti, and Signor Novara."	M. Devoyod	Q27928845	person	occupation	Q2865819	opera singer
The_Musical_Times_ms_1885-505_4_	A capital programme on the 23rd drew a full audience, the general public beinz attracted by Beethoven's Rasoumowski Quartet in F, No. 1, and Tartini'’s ‘Trillo del Diavolo,”” and musicians by Grieg’s Sonata in F, for piano and violin, Op. 8.	Grieg	Q80621	person	occupation	"Q36834;Q486748"	"composer; pianist"
The Harmonicon_1827-002_ms_3	After this, we had: Les Néces de Gamache, a comic opera, in three acts, by Mercadante, translated and arranged by Messrs. Sauvage and Dupin, and adapted to the stage by M. Guénée: we suppose it would be unpardonable to omit any of these important particulars, as the authors always show such marked anxiety te bring them befere the world.	M. Guénée	Q23901679	person	occupation	Q214917	playwright
Dwight's Journal of Music_1857-001_ms_1	One man may lived, who ean read the heart, and whose power was not: based upon, his own experience ‘but if so, we may well call William Shakspeare superhuman, THenee it was that whiffe i m ~ Rossint’s “Barber of Seville,” ar Cimarosa’s « Seeret Marriage.”	William Shakspeare	Q692	person	occupation	Q214917	playwright
Dwight's Journal of Music_1857-001_ms_1	One man may lived, who ean read the heart, and whose power was not: based upon, his own experience ‘but if so, we may well call William Shakspeare superhuman, THenee it was that whiffe i m ~ Rossint’s “Barber of Seville,” ar Cimarosa’s « Seeret Marriage.”	Cimarosa	Q191775	person	occupation	Q36834	composer
The_Musical_World_ms_1843-040_1_	"Adolphe Adam, the composer of Le Postillon de Lonjumeau, was the first to apostrophize the acquirements of M. Vivier, ina Jengthened artiele in the France Wusicale; he has been followed by the rest of them, and last week, in the Gazelle AZusicale, we find a paper by Maurice Bourges, which makes M. Vivier something less than a demi - god, and extols his qualifications, in language, which applied to would be M. Bourges melts Paganini himself, nothing short of hyperbolical."	Adolphe Adam	Q189544	person	occupation	"Q36834;Q486748;Q1350157;Q6430706;Q16145150"	"composer; pianist; music critic; critic; music educator"
The_Musical_World_ms_1843-040_1_	"Adolphe Adam, the composer of Le Postillon de Lonjumeau, was the first to apostrophize the acquirements of M. Vivier, ina Jengthened artiele in the France Wusicale; he has been followed by the rest of them, and last week, in the Gazelle AZusicale, we find a paper by Maurice Bourges, which makes M. Vivier something less than a demi - god, and extols his qualifications, in language, which applied to would be M. Bourges melts Paganini himself, nothing short of hyperbolical."	Maurice Bourges	Q73128734	person	occupation	"Q36834;Q1350157;Q21680663"	"composer; music critic; classical composer"
Dwight's Journal of Music_1860-012_ms_1	In 1824 her family was residing at Paris, where she received, musical instruction from M. Fétis, at present: director of the Brussels Conse rratoire, author of the Biographie Universelle de Musiciens, together with many didactic works, and compos at that time prefessor in the Conservatoire of ‘Paris.	M. Fétis	Q523581	person	occupation	"Q36180;Q36834;Q158852;Q182436;Q1002228;Q1231865;Q1350157;Q1622272;Q14915627;Q16031530;Q16145150;Q20198542"	"writer; composer; conductor; librarian; court chapel master; pedagogue; music critic; university teacher; musicologist; music theorist; music educator; music historian"
The Harmonicon_1826-048_ms_3	"With respect to the pieces given, the following seven are new to our theatre: Die sieben Midchen, Das Hausgesinde, Der Unsichibare, Die Ochsenmenuett, Staberls Reise - abentheuer, ‘and Le Macon by Auber; Macbeth in Schiller’s translation, ‘and with Reichardt’s music, is also new to us."	Schiller	Q22670	person	occupation	"Q36180;Q39631;Q49757;Q182436;Q201788;Q214917;Q333634;Q551835;Q1622272;Q1930187;Q4002666;Q4964182;Q6625963;Q21550346"	"writer; physician; poet; librarian; historian; playwright; translator; physician writer; university teacher; journalist; military physician; philosopher; novelist; aesthetician"
The Harmonicon_1826-048_ms_3	"With respect to the pieces given, the following seven are new to our theatre: Die sieben Midchen, Das Hausgesinde, Der Unsichibare, Die Ochsenmenuett, Staberls Reise - abentheuer, ‘and Le Macon by Auber; Macbeth in Schiller’s translation, ‘and with Reichardt’s music, is also new to us."	Reichardt	Q213742	person	occupation	"Q36834;Q1198887;Q1350157;Q14915627"	"composer; music director; music critic; musicologist"
The_Musical_Times_ms_1885-505_3_	"Whether this kind of thing is permissible is open to question; but the audience settled the matter in the affirmative by encoring the performer. Miss Zimmermann gave Mendelssohn’s familiar Caprice in E, Op. 33, and Mr. Santley sang two equally familiar airs by Handel."	Miss Zimmermann	Q4693137	person	occupation	"Q36834;Q486748"	"composer; pianist"
The_Musical_World__ms_1843-042_2_	The above, an air from Handel’s Berenice sensibly rendered by Stretton, a duet from the Zauberflute by Mrs. Shaw and Mr. Phillips, and a droll kind of aria by Salvator Rosa, to which Mr. Manvers gave a life which in itself it lacks, were the only other features of interest.	Salvator Rosa	Q359421	person	occupation	"Q36180;Q49757;Q639669;Q1028181;Q2259451;Q3391743;Q11569986;Q15296811"	"writer; poet; musician; painter; stage actor; visual artist; printmaker; draftsperson"
the_Musical_Times_ms_1896-635_4_	"The Musical Union (Dr. Coward), in the ‘Creation’; the Choral Union (Mr. Suckley), in Verdi’s opera “Ernani”; and the St.-Cecilia Musical Society (Mr. W. Brown), also in the ‘Creation,” have all given evidence oft hat abundant enthusiasm and plentiful supply of good vocal material which have led the supporters of the Festival scheme to foster ambitious hopes as to the future of South Yorkshire choral singing."	Dr. Coward	Q5719907	person	occupation	Q158852	conductor
the_Musical_Times_ms_1896-635_3_	"The principal pieces in the programme were Mendelssohn's String Quintet in B flat (Op. 87) and Svendsen’s String Octet in A (Op. 3), the latter being played by Messrs. Arthur Bent, Wallace Sutcliffe, William Ackroyd, Alfred Wall, Alfred Hobday, Percy Kearne, Paul Ludwig; and Tennyson Werge."	Svendsen	Q336668	person	occupation	"Q36834;Q158852;Q1259917;Q14915627;Q19747285"	"composer; conductor; violinist; musicologist; academic musician"
the_Musical_Times_ms_1896-635_3_	"The principal pieces in the programme were Mendelssohn's String Quintet in B flat (Op. 87) and Svendsen’s String Octet in A (Op. 3), the latter being played by Messrs. Arthur Bent, Wallace Sutcliffe, William Ackroyd, Alfred Wall, Alfred Hobday, Percy Kearne, Paul Ludwig; and Tennyson Werge."	William Ackroyd	Q109120689	person	occupation		
the_Musical_Times_ms_1896-635_3_	"The principal pieces in the programme were Mendelssohn's String Quintet in B flat (Op. 87) and Svendsen’s String Octet in A (Op. 3), the latter being played by Messrs. Arthur Bent, Wallace Sutcliffe, William Ackroyd, Alfred Wall, Alfred Hobday, Percy Kearne, Paul Ludwig; and Tennyson Werge."	Alfred Wall	Q107203434	person	occupation	"Q36834;Q1259917"	"composer; violinist"
the_Musical_Times_ms_1896-635_3_	"The principal pieces in the programme were Mendelssohn's String Quintet in B flat (Op. 87) and Svendsen’s String Octet in A (Op. 3), the latter being played by Messrs. Arthur Bent, Wallace Sutcliffe, William Ackroyd, Alfred Wall, Alfred Hobday, Percy Kearne, Paul Ludwig; and Tennyson Werge."	Alfred Hobday	Q4722438	person	occupation	Q639669	musician
The_Musical_World_ms_1843-040_2_	Queen Victoria, on one of these occasions, had the advantage of hearing this new wonder, and was so delighted as to press M. Vivier to pay England a visit, which, need we say, M. Vivier intends very shortly to do.	Queen Victoria	Q9439	person	occupation	Q116	monarch
The_Musical_World_ms_1843-040_2_	Queen Victoria, on one of these occasions, had the advantage of hearing this new wonder, and was so delighted as to press M. Vivier to pay England a visit, which, need we say, M. Vivier intends very shortly to do.	M. Vivier	Q16947558	person	occupation	"Q36180;Q36834;Q19729565"	"writer; composer; horn player"
The_Musical_Times_ms_1896-646_7_	Perhaps the most interesting piece was Bemberg’s ‘La Ballade du Désespéré” for yoice“and declamation, beautifully rendered by Miss Gertrude Bevan and Miss Ellen M. Bowick, with the accompaniments well played by the Misses Edith Byford, May H. Mukle, and Mabel E. Colyer.	Bemberg	Q3134049	person	occupation	Q36834	composer
The_Musical_Times_ms_1896-646_7_	Perhaps the most interesting piece was Bemberg’s ‘La Ballade du Désespéré” for yoice“and declamation, beautifully rendered by Miss Gertrude Bevan and Miss Ellen M. Bowick, with the accompaniments well played by the Misses Edith Byford, May H. Mukle, and Mabel E. Colyer.	May H. Mukle	Q22312922	person	occupation	Q639669	musician
The Musical Times_1852-098_ms_3	In the course of the late season of morning concerts, we heard one of the best glees of Webbe, which we had not heard for thirty years before, when it was performed by the Vaughans, Knyvetts, & c., at a concert given by a Miss Bonwick, at the London Tavern	Webbe	Q7412899	person	occupation	Q36834	composer
The_Musical_World__ms_1901-705_1_	The Beethoven festival, held from the 5th. to the 7th ult., under the direction of Capellmeister Steinbach, with the Meiningen orchestra and the choir of.the Musik - Verein, was exceedingly well attended, and there is but one voice as to the general excellence of the performances.	Capellmeister Steinbach	Q70648	person	occupation	"Q36834;Q158852;Q1622272"	"composer; conductor; university teacher"
The Harmonicon_1829-002_ms_4	Leo was the founder ofa school in Naples, that very widely spread the fame of his country, and became a nursery for those celebrated singers, who afterwards filled Giovanni Ansani, or Anzani, was an lalian singer and composer of some eminence.	Giovanni Ansani	Q2813673	person	occupation	Q2865819	opera singer
Dwight's Journal of Music_1855-002_ms_1	And in the beautiful galleries of the Prince Es sterhdzy, (that munificent patron | of: Art) one can, at least, recall in imagination some- strains of the choice ¢hamber music. of, Beethoven, to which their walls echoed in the presence of the great master, and in his palmiest days. os se I was much impressed by the fine monument of the Archduchess Christina, by Canova, which stands in the Church of the Augustines.	Prince Es sterhdzy	Q597865	person	occupation	"Q36834;Q82955;Q189290;Q193391"	"composer; politician; military officer; diplomat"
Dwight's Journal of Music_1855-002_ms_1	And in the beautiful galleries of the Prince Es sterhdzy, (that munificent patron | of: Art) one can, at least, recall in imagination some- strains of the choice ¢hamber music. of, Beethoven, to which their walls echoed in the presence of the great master, and in his palmiest days. os se I was much impressed by the fine monument of the Archduchess Christina, by Canova, which stands in the Church of the Augustines.	Canova	Q5547	person	occupation	"Q42973;Q1028181;Q1281618;Q15296811"	"architect; painter; sculptor; draftsperson"
The Musical Times_1853-106_ms_3	This gentleman, whose talents and amiable enjoying disposition still preserve his memory in the lively affection and esteem of his acquaintance, was an admirable chamber singer, and particularly excelled in Mozart’s music, which he sang with the same accent and inflections of tone as Dragonetti on his bass.	Dragonetti	Q504490	person	occupation	"Q36834;Q639669"	"composer; musician"
The_Musical_Times_ms_1896-646_6_	Other pieces by Chopin, Leschetizky, Moszkowski, and Padetewski were rendered with a command of expression and facility of execution that more than once elicited enthusiastic applause from the audience, and necessitated her playing an extra piece at the close of her programme.	Chopin	Q1268	person	occupation	"Q36834;Q214970;Q486748;Q639669;Q1231865;Q16145150"	"composer; virtuoso; pianist; musician; pedagogue; music educator"
The_Musical_Times_ms_1896-646_6_	Other pieces by Chopin, Leschetizky, Moszkowski, and Padetewski were rendered with a command of expression and facility of execution that more than once elicited enthusiastic applause from the audience, and necessitated her playing an extra piece at the close of her programme.	Leschetizky	Q362340	person	occupation	"Q36834;Q486748;Q1622272;Q14915627;Q16145150"	"composer; pianist; university teacher; musicologist; music educator"
The_Musical_Times_ms_1896-646_6_	Other pieces by Chopin, Leschetizky, Moszkowski, and Padetewski were rendered with a command of expression and facility of execution that more than once elicited enthusiastic applause from the audience, and necessitated her playing an extra piece at the close of her programme.	Moszkowski	Q322427	person	occupation	"Q36834;Q158852;Q486748;Q14915627"	"composer; conductor; pianist; musicologist"
The_Musical_Times_ms_1896-646_6_	Other pieces by Chopin, Leschetizky, Moszkowski, and Padetewski were rendered with a command of expression and facility of execution that more than once elicited enthusiastic applause from the audience, and necessitated her playing an extra piece at the close of her programme.	Padetewski	Q191957	person	occupation	"Q36834;Q82955;Q193391;Q486748;Q2285706;Q7330070;Q14915627;Q16145150;Q21680663"	"composer; politician; diplomat; pianist; head of government; foreign minister; musicologist; music educator; classical composer"
The Harmonicon_1826-048_ms_2	It was at this period, as we learn from history, and from' Tinctor himself in one of his treatises, that the Flemish school of music began to form itself on the model of that of France, at that time the most celebrated in Europe.	Tinctor	Q370512	person	occupation	"Q36180;Q36834;Q49757;Q170790;Q14915627;Q16031530"	"writer; composer; poet; mathematician; musicologist; music theorist"
the_Musical_Times_ms_1896-635_8_	At Bradford, too, there has. been more than ordinary musical activity. On November 22 the second of the Subscription Concerts took place, a miscellaneous programme of much more than average interest being sustained by Miss Esther Palliser, Madame Marian McKenzie, Messrs. Ben Davies and Douglas Powell, with Herr Rosenthal as pianist and Mr. W. H. Squire as violoncellist.	Ben Davies	Q4888470	person	occupation	"Q177220;Q639669;Q2865819"	"singer; musician; opera singer"
the_Musical_Times_ms_1896-635_8_	At Bradford, too, there has. been more than ordinary musical activity. On November 22 the second of the Subscription Concerts took place, a miscellaneous programme of much more than average interest being sustained by Miss Esther Palliser, Madame Marian McKenzie, Messrs. Ben Davies and Douglas Powell, with Herr Rosenthal as pianist and Mr. W. H. Squire as violoncellist.	Herr Rosenthal	Q213772	person	occupation	"Q36834;Q486748;Q15980158;Q16145150"	"composer; pianist; non-fiction writer; music educator"
the_Musical_Times_ms_1896-635_8_	At Bradford, too, there has. been more than ordinary musical activity. On November 22 the second of the Subscription Concerts took place, a miscellaneous programme of much more than average interest being sustained by Miss Esther Palliser, Madame Marian McKenzie, Messrs. Ben Davies and Douglas Powell, with Herr Rosenthal as pianist and Mr. W. H. Squire as violoncellist.	Mr. W. H. Squire	Q2377263	person	occupation	"Q36834;Q13219637;Q16145150"	"composer; cellist; music educator"
The Musical Times_1881-455_ms_3	Tor, be it said parenthetically, that in literature also Mr. Pepys was' a sound judge of genuine merit, who, to name but (one instance, in an age of studied politeness was able to appreciate the racy force of the old popular ‘ballads of England and Scotland.	Mr. Pepys	Q106143	person	occupation	"Q16533;Q36180;Q82955;Q329455;Q18939491"	"judge; writer; politician; justice of the peace; diarist"
The Musical Times_1849-066_ms_2	As grace they sung a “Sanctus,” by Orlando Gibbons, upon which the Rev. Conductor made some interesting remarks, and on the excellence of the older English Church Music, congratulating his auditors on the brighter prospects for solid music, man. arising from the production of convenient and cheap copies sting In Inconsistent contrast to the other Psalms at / of the excellent music which had so long lain dormant in Morning Prayer.	Orlando Gibbons	Q311913	person	occupation	"Q36834;Q765778;Q21680663"	"composer; organist; classical composer"
The Musical Times_1852-098_ms_4	Another gratifying circumstance presents itself to ‘our recollection, in the promised production of two new oratorios, by Englishmen, at the approaching Norwich Festival — Mr. Pierson’s Jerusalem, and Dr. Bexfield’s Israel Restored, in regard to both of which we have received very flattering accounts.	Mr. Pierson	Q97011	person	occupation	Q36834	composer
The Musical Times_1852-098_ms_4	Another gratifying circumstance presents itself to ‘our recollection, in the promised production of two new oratorios, by Englishmen, at the approaching Norwich Festival — Mr. Pierson’s Jerusalem, and Dr. Bexfield’s Israel Restored, in regard to both of which we have received very flattering accounts.	Dr. Bexfield	Q18531021	person	occupation	Q36834	composer
the_Musical_Times_ms_1896-635_5_	Despite this drawback, the Concert wasa brilliant success, and Dr. Mackenzie’s abilities as a conductor were watmly recognised. Mr. Brodsky, the new leader of the Hallé band, made a most tavourable impression on his first appearance before a Leeds audience by his highly poetic and technically perfect playing of the Mendelssohn Concerto, and Madame Marian McKenzie contributed several songs with good effect.	Mr. Brodsky	Q365287	person	occupation	"Q36834;Q1259917;Q16145150"	"composer; violinist; music educator"
Dwight's Journal of Music_1856-001_ms_1	“Pwo souls in their essence so entirely kindred must have kneeled before each ether on first meeting, as the chronicle” relates of the first inter tew of Maria ot Burgundy with Masimilian: ot Austria, which adds: tans qJere fille xsé like that exclaim aticr the “Oh, “And qnust they not. merging leur moult grande. beaute et.	Maria ot Burgundy	Q157073	person	occupation	Q82955	politician
Dwight's Journal of Music_1856-001_ms_1	“Pwo souls in their essence so entirely kindred must have kneeled before each ether on first meeting, as the chronicle” relates of the first inter tew of Maria ot Burgundy with Masimilian: ot Austria, which adds: tans qJere fille xsé like that exclaim aticr the “Oh, “And qnust they not. merging leur moult grande. beaute et.	Masimilian : ot Austria	Q150726	person	occupation	Q1097498	ruler
Dwight's Journal of Music_1858-11_BIS_ms_2	"then, instead of stepping forw: urd as a reformer, he ought, as a true disciple of honored and to effect nothing but what Gluck and Mozart; Cimarosa and Pacsicllé, Méhul and Boieldieu, Chert ahint and Spontini, Beethoven and= Weber, Spohr.and Weigl, Meyerbeer and Lortzing, also tried to effect, and which they succeeded more or less in doing. metadata={sent_text:then instead of stepping forw: urd as a reformer he ought as a true disciple of honored and to effect nothing but what Gluck and Mozart; Cimarosa and Pacsicllé Méhul and Boieldieu Chert ahint and Spontini Beethoven and: ""Weber Spohr.and Weigl Meyerbeer and Lortzing also tried to effect and which they succeeded more or less in doing.""}"	Weigl	Q78798	person	occupation	"Q36834;Q158852"	"composer; conductor"
Dwight's Journal of Music_1858-11_BIS_ms_2	"then, instead of stepping forw: urd as a reformer, he ought, as a true disciple of honored and to effect nothing but what Gluck and Mozart; Cimarosa and Pacsicllé, Méhul and Boieldieu, Chert ahint and Spontini, Beethoven and= Weber, Spohr.and Weigl, Meyerbeer and Lortzing, also tried to effect, and which they succeeded more or less in doing. metadata={sent_text:then instead of stepping forw: urd as a reformer he ought as a true disciple of honored and to effect nothing but what Gluck and Mozart; Cimarosa and Pacsicllé Méhul and Boieldieu Chert ahint and Spontini Beethoven and: ""Weber Spohr.and Weigl Meyerbeer and Lortzing also tried to effect and which they succeeded more or less in doing.""}"	Meyerbeer	Q105237	person	occupation	"Q36834;Q158852;Q1198887;Q18814623"	"composer; conductor; music director; autobiographer"
Dwight's Journal of Music_1858-11_BIS_ms_2	"then, instead of stepping forw: urd as a reformer, he ought, as a true disciple of honored and to effect nothing but what Gluck and Mozart; Cimarosa and Pacsicllé, Méhul and Boieldieu, Chert ahint and Spontini, Beethoven and= Weber, Spohr.and Weigl, Meyerbeer and Lortzing, also tried to effect, and which they succeeded more or less in doing. metadata={sent_text:then instead of stepping forw: urd as a reformer he ought as a true disciple of honored and to effect nothing but what Gluck and Mozart; Cimarosa and Pacsicllé Méhul and Boieldieu Chert ahint and Spontini Beethoven and: ""Weber Spohr.and Weigl Meyerbeer and Lortzing also tried to effect and which they succeeded more or less in doing.""}"	Lortzing	Q154203	person	occupation	"Q33999;Q36180;Q36834;Q158852;Q177220;Q2259451;Q2865819;Q8178443"	"actor; writer; composer; conductor; singer; stage actor; opera singer; librettist"
Dwight's Journal of Music_1854-002_ms_4	"Mr. DRESELr was greeted with a spontaneous ani fervent welcome, when he took his seat at the piano, and his exquisitely expressive rendering of the two Songs without Words by Mendelssohn (the “Duet” and “Spring Song”), the striking Etude by Ferdi-: nand Hiller, the Adagio from a Concerto and the Etude by Chopin, held the andience in hushed delight; indeed we know of more than one adverse prejudice that owned itself melted away by that performance."	Mr. DRESELr	Q96415095	person	occupation		
Dwight's Journal of Music_1854-002_ms_4	"Mr. DRESELr was greeted with a spontaneous ani fervent welcome, when he took his seat at the piano, and his exquisitely expressive rendering of the two Songs without Words by Mendelssohn (the “Duet” and “Spring Song”), the striking Etude by Ferdi-: nand Hiller, the Adagio from a Concerto and the Etude by Chopin, held the andience in hushed delight; indeed we know of more than one adverse prejudice that owned itself melted away by that performance."	Ferdi- : nand Hiller	Q213530	person	occupation	"Q36834;Q158852;Q486748;Q1622272;Q6430706"	"composer; conductor; pianist; university teacher; critic"
The Harmonicon_1830-003_ms_4	"On the 28th of December, Madame Fodor appeared, for the first time, in the Barbiere di Siviglia; and the applause of a house crowded in every part testified the delight caused by her performance."	Madame Fodor	Q1002317	person	occupation	Q2865819	opera singer
The Harmonicon_1824-020_ms_2	"The compositions for the former are generally firnished from Parts - and London; for the latter, choice is made of Momrt, Pleyel, Steibeit, and other easy masters."	Pleyel	Q314019	person	occupation	"Q36834;Q222836;Q486748;Q885122"	"composer; music publisher; pianist; piano maker"
The Harmonicon_1824-020_ms_2	"The compositions for the former are generally firnished from Parts - and London; for the latter, choice is made of Momrt, Pleyel, Steibeit, and other easy masters."	Steibeit	Q657464	person	occupation	"Q36834;Q486748"	"composer; pianist"
the_Musical_Times_ms_1895-634_6_	The works selected by the Philharmonic. Society for the forthcoming season include Handel’s “Acis and Galatea,” Villiers Stanford’s fine choral ballad ‘The Revenge,” and Schubert’s cantata' ‘The Song of Miriam.”	Villiers Stanford	Q368264	person	occupation	"Q36834;Q1622272;Q16145150;Q21680663"	"composer; university teacher; music educator; classical composer"
the_Musical_Times_ms_1895-634_6_	The works selected by the Philharmonic. Society for the forthcoming season include Handel’s “Acis and Galatea,” Villiers Stanford’s fine choral ballad ‘The Revenge,” and Schubert’s cantata' ‘The Song of Miriam.”	Schubert	Q7312	person	occupation	"Q36834;Q37226;Q486748"	"composer; teacher; pianist"
the_Musical_Times_ms_1900-690_1_	‘Military Band Organisation’ read before the Royal United Service Institution, on March 25, 1892, -by Colonel T. B. Shaw - Hellier, a former Commandant of Kneller Hall, who is well known in the army for his musical abilities, andwho, during his six years’ tenure of office at Kneller Hall, did a great deal to improve the Institution.	Colonel T. B. Shaw - Hellier	Q98098664	person	occupation		
The_Musical_World__ms_1845-029_1_	On his way to. Germany, through Holland, Vieuxtemps stopped at the Hague, which coming to the knowledge of His Majesty the King of Holland, that illustrious personage immediately sent for the eminent violinist, received him most graciously, and expressed his desire to hear the Concerto which Vieuxtemps has dedicated to him	Vieuxtemps	Q312790	person	occupation	"Q36834;Q1259917;Q1622272;Q16145150"	"composer; violinist; university teacher; music educator"
The_Musical_World__ms_1845-029_1_	On his way to. Germany, through Holland, Vieuxtemps stopped at the Hague, which coming to the knowledge of His Majesty the King of Holland, that illustrious personage immediately sent for the eminent violinist, received him most graciously, and expressed his desire to hear the Concerto which Vieuxtemps has dedicated to him	His Majesty the King of	Q154287	person	occupation	"Q16533;Q47064;Q82955;Q10732476"	"judge; military personnel; politician; art collector"
The_Musical_Times_ms_1901-705_3_	On St. Cecilia’s Day, 1695, the Plan of a Grand Concert of Music — at which some of the works of the forgotten Italian composer, Giovanni Battista Bassani (16571716), said to be the master of Corelli, were presented	St. Cecilia	Q80513	person	occupation	Q639669	musician
The_Musical_Times_ms_1901-705_3_	On St. Cecilia’s Day, 1695, the Plan of a Grand Concert of Music — at which some of the works of the forgotten Italian composer, Giovanni Battista Bassani (16571716), said to be the master of Corelli, were presented	Giovanni Battista Bassani	Q465565	person	occupation	"Q36834;Q355493;Q765778;Q1259917;Q21680731"	"composer; church musician; organist; violinist; opera composer"
The_Musical_Times_ms_1900-692_1_	"The Scottish Orchestra has again been engaged, under its fourth conductor, Mr. Frederic H. Cowen; and the Edinburgh Choral Union, Mr. Kirkhope’s and Mr. Moonie’s choirs (the latter for the first time) will take part in the scheme."	Mr. Frederic H. Cowen	Q1452734	person	occupation	"Q36834;Q158852;Q486748"	"composer; conductor; pianist"
The Harmonicon_1823-002_ms_1	The favourite airs in Rossini’s Opera of La Gazza LapRa, erranged for the Piano - Forte, with an Accompaniment for the Flute. by T. Latour, Pianiste ‘to His Majesty.	T. Latour	Q6171596	person	occupation	"Q36834;Q486748;Q1231865"	"composer; pianist; pedagogue"
The Harmonicon_1823-002_ms_1	The favourite airs in Rossini’s Opera of La Gazza LapRa, erranged for the Piano - Forte, with an Accompaniment for the Flute. by T. Latour, Pianiste ‘to His Majesty.	His Majesty	Q130586	person	occupation	"Q82955;Q1097498;Q10732476;Q15472169"	"politician; ruler; art collector; patron of the arts"
The Harmonicon_1831-004_ms_1	The Rev. Wiliam Gostling, Minor Canon of Canterbury Cathedral, was the son of that Mr. Gostling, Sub - Dean of St. Paul’s, for whom Purcell wrote his celebrated anthem,	Rev. Wiliam Gostling	Q15994466	person	occupation	Q49757	poet
The Harmonicon_1831-004_ms_1	The Rev. Wiliam Gostling, Minor Canon of Canterbury Cathedral, was the son of that Mr. Gostling, Sub - Dean of St. Paul’s, for whom Purcell wrote his celebrated anthem,	Mr. Gostling	Q3181623	person	occupation	Q2865819	opera singer
The_Quarterly_Musical_Magazine_And_Review_ms_1826-030_3_	Madame Vestris is also a reigning favourite, which, strange to say, she becomes by lowering her original Italian ‘style to the light but coarse ballads of the Kuglish comic opera “Cherry ripe’ for example.	Madame Vestris	Q6696635	person	occupation	"Q33999;Q1320883;Q2865819"	"actor; talent manager; opera singer"
the_Musical_Times_ms_1896-635_10_	The Lamoureux Concert of November 24 proved to be particularly interesting, including as it did the first performance of the “Chansons de Miarka’” of M. Alexandre Georges, set to the poetry of M. Richepin	M. Alexandre Georges	Q2833698	person	occupation	"Q36834;Q765778"	"composer; organist"
the_Musical_Times_ms_1896-635_10_	The Lamoureux Concert of November 24 proved to be particularly interesting, including as it did the first performance of the “Chansons de Miarka’” of M. Alexandre Georges, set to the poetry of M. Richepin	M. Richepin	Q551744	person	occupation	"Q36180;Q49757;Q82955;Q214917;Q6625963;Q8178443;Q12144794"	"writer; poet; politician; playwright; novelist; librettist; prose writer"
the_Musical_Times_ms_1895-634_7_	"he programme contained Mendelssohn’s ‘Hear my Prayer,” the solo part of which was effectively sung by Madame San Carolo; Cowen’s ‘Bridal Chorus, ’’ Stewart’s ‘Bells of St. Michael’s Tower,” and Pinsuti’s ‘Good - night, beloved.”"	Stewart	Q4444837	person	occupation	"Q36834;Q158852;Q1076502"	"composer; conductor; choir director"
The_Musical_Times_ms_1900-692_2_	Mr. Cowen will be assisted, when occasion requires, by M. Sons, the capable leader, who acted as conductor last year during Herr Bruch’s temporary indisposition, and Herr Moszkowski will. officiate at the first concert.	Herr Bruch	Q106434	person	occupation	"Q36834;Q37226;Q158852"	"composer; teacher; conductor"
Dwight's Journal of Music_1852-019_ms_4	The names of Grisi, Persiani, and other celebrities who had made - their English: reputation before Mr. Lumley caine info the managemeut, will, of course, occur to all readers, who will also remember in how many brilliant particular school it’ professed to ilus-.	Grisi	Q287812	person	occupation	"Q805221;Q2490358;Q2865819"	"ballet dancer; choreographer; opera singer"
Dwight's Journal of Music_1852-019_ms_4	The names of Grisi, Persiani, and other celebrities who had made - their English: reputation before Mr. Lumley caine info the managemeut, will, of course, occur to all readers, who will also remember in how many brilliant particular school it’ professed to ilus-.	Persiani	Q2280304	person	occupation	Q36834	composer
Dwight's Journal of Music_1852-019_ms_4	The names of Grisi, Persiani, and other celebrities who had made - their English: reputation before Mr. Lumley caine info the managemeut, will, of course, occur to all readers, who will also remember in how many brilliant particular school it’ professed to ilus-.	Mr. Lumley	Q2896159	person	occupation	"Q14284;Q943995;Q3029406;Q39020112"	"solicitor; impresario; opera director; Theaterintendant"
The Harmonicon_1830-003_ms_1	The songs composed for Mrs. Weichsel, many of which were written by C. Bach, show that she had a voice of unusual height, reaching to the in altissimo, and great facility of execution.	Mrs. Weichsel	Q5362421	person	occupation	"Q36834;Q2865819"	"composer; opera singer"
The Harmonicon_1830-003_ms_1	The songs composed for Mrs. Weichsel, many of which were written by C. Bach, show that she had a voice of unusual height, reaching to the in altissimo, and great facility of execution.	C. Bach	Q106641	person	occupation	"Q36834;Q486748;Q1643514"	"composer; pianist; music arranger"
The_Musical_Times_ms_1899-680_3_	Mdlle. Carrozi, a harpist of great ability, whom Mr. Newman has engaged for his orchestra, played her first harp solo at the Queen’s Hall, on the rst ult., and proved herself to be an interesting player	Mr. Newman	Q7348018	person	occupation	Q943995	impresario
The_Musical_Times_ms_1885-505_7_	As usual, Mr. Charles Hallé’s Manchester Orchestra was engaged, and the vocal and instrumental soloists were Signorina Barbi, Mr. Joseph Maas, Madame Norman - Néruda, and Mr. Hallé.	Mr. Charles Hallé	Q65648	person	occupation	"Q36834;Q158852;Q486748;Q1231865"	"composer; conductor; pianist; pedagogue"
The_Musical_Times_ms_1885-505_7_	As usual, Mr. Charles Hallé’s Manchester Orchestra was engaged, and the vocal and instrumental soloists were Signorina Barbi, Mr. Joseph Maas, Madame Norman - Néruda, and Mr. Hallé.	Signorina Barbi	Q3611669	person	occupation	"Q36180;Q36834;Q177220;Q1259917;Q2865819;Q108404711"	"writer; composer; singer; violinist; opera singer; mezzo-soprano"
The_Musical_Times_ms_1885-505_7_	As usual, Mr. Charles Hallé’s Manchester Orchestra was engaged, and the vocal and instrumental soloists were Signorina Barbi, Mr. Joseph Maas, Madame Norman - Néruda, and Mr. Hallé.	Mr. Joseph Maas	Q686719	person	occupation	Q2865819	opera singer
The_Musical_Times_ms_1885-505_7_	As usual, Mr. Charles Hallé’s Manchester Orchestra was engaged, and the vocal and instrumental soloists were Signorina Barbi, Mr. Joseph Maas, Madame Norman - Néruda, and Mr. Hallé.	Madame Norman - Néruda	Q78938	person	occupation	Q1259917	violinist
the_Musical_Times_ms_1884-493_2_	The prospectus announces that this work, translated into Italian, and the principal part sustained by Madame Pauline Lucca, will positively be produced, Mdlle. Gertrude Griswold (who will make her first appearance on the stage in England), being also included in the cast.	Madame Pauline Lucca	Q86422	person	occupation	Q2865819	opera singer
The_Musical_Times_ms_1885-505_8_	Ar the eleventh Subscription Concert of the Choral Union Series, on the 3rd ult., the chief novelty was the late Friedrich Smetana’s ‘Comedy - Overture,’”’ performed last winter at the Philharmonic Concerts at Berlin and at the Crystal Palace Concerts.	Friedrich Smetana	Q48173	person	occupation	"Q36834;Q37226;Q158852;Q486748;Q639669;Q1231865;Q16145150"	"composer; teacher; conductor; pianist; musician; pedagogue; music educator"
The_Quarterly_Musical_Magazine_And_Review_ms_1826-030_1_	Hence Mademoiselle Bonini has been probably underprized from the superiority of those supremely great singers, Catalani and Pasta, whom she has directly succeeded at the King’s Theatre, and with whom she is consequently immediately compared.	Mademoiselle Bonini	Q5479435	person	occupation	Q2865819	opera singer
The_Quarterly_Musical_Magazine_And_Review_ms_1826-030_1_	Hence Mademoiselle Bonini has been probably underprized from the superiority of those supremely great singers, Catalani and Pasta, whom she has directly succeeded at the King’s Theatre, and with whom she is consequently immediately compared.	Catalani	Q263405	person	occupation	Q2865819	opera singer
Dwight's Journal of Music_1860-012_ms_4	"The directors of the famous Gewandhaus Concerts in Leipzig have invited’ FErpinanp Ui1LER, of Cologne, to the post of conductor, vaca: ted by Rietz; but Hiller, probably the- best man ‘in all Germany, unfortunately declines."	Rietz	Q63745	person	occupation	"Q36834;Q158852;Q1622272;Q13219637"	"composer; conductor; university teacher; cellist"
the_Musical_Times_ms_1896-635_9_	The Keighley Musical Union, on the 3rd ult., had distinction conferred upon it by the presence of Professor Prout, who conducted a creditable performance of his cantata ‘Hereward,” the chorus - singing being decidedly its finest feature.	Professor Prout	Q5331730	person	occupation	"Q36180;Q36834;Q1350157;Q14915627;Q16031530;Q16145150"	"writer; composer; music critic; musicologist; music theorist; music educator"
the_Musical_Times_ms_1901-698_2_	Mr. ARTHUR SOMERVELL gave a concert of his own compositions, at St. James's Hail, on the 7th ult.. at which he played, with Mr. Leonard Borwick, a set of Variations for two pianofortes on an original theme.	Mr. ARTHUR SOMERVELL	Q4800330	person	occupation	"Q36834;Q16145150"	"composer; music educator"
the_Musical_Times_ms_1901-698_2_	Mr. ARTHUR SOMERVELL gave a concert of his own compositions, at St. James's Hail, on the 7th ult.. at which he played, with Mr. Leonard Borwick, a set of Variations for two pianofortes on an original theme.	Mr. Leonard Borwick	Q376085	person	occupation	Q486748	pianist
the_Musical_Times_ms_1895-634_4_	On the evening of Sunday, the 3rd ult., a special Service was held in St. George’s Church, Stuyvesant Square, in commemoration of the twenty - fifth anniversary of Mr. George William Warren as organist of St. Thomas’s Church.	Mr. George William Warren	Q20726537	person	occupation	"Q36834;Q765778"	"composer; organist"
The_Musical_World_ms_1856-036_1_	Madame Viardot, too, must be noticed for the extraordinary fluency and fire she displayed in the unheard - of bravura from Graun’s Britannieus, and Herr Reichardt for his graceful and finished singing in Mozart’s “Dalla sua pace.”	Madame Viardot	Q122998	person	occupation	"Q36834;Q486748;Q2350126;Q2865819"	"composer; pianist; opera vocal coach; opera singer"
The_Musical_World_ms_1856-036_1_	Madame Viardot, too, must be noticed for the extraordinary fluency and fire she displayed in the unheard - of bravura from Graun’s Britannieus, and Herr Reichardt for his graceful and finished singing in Mozart’s “Dalla sua pace.”	Graun	Q161208	person	occupation	"Q36834;Q2865819"	"composer; opera singer"
The_Musical_Times_ms_1905-754_4_	Mr. Arthur Bent’s orchestra is also announced to give two concerts on December 7, Tchaikovsky’s Serenade for The third concert by the Choral and Philstrings (Op. 48) and Bach’s Concerto for two violins and orchestra being the chief features.	Tchaikovsky	Q7315	person	occupation	"Q36834;Q158852;Q333634;Q486748;Q1350157;Q1622272;Q2490358;Q8178443;Q16145150;Q18814623;Q18939491"	"composer; conductor; translator; pianist; music critic; university teacher; choreographer; librettist; music educator; autobiographer; diarist"
The_Musical_Times_ms_1905-754_5_	At their first concert, under the direction of Dr. Bates, Mark Ilambourg will be the solo pianist, and the Norwich Choral Society will contribute Hugh Blair’s ‘Trafalgar,’ composed expressly for the Nelson centenary.	Mark Ilambourg	Q1900092	person	occupation	"Q36834;Q486748"	"composer; pianist"
The_Musical_Times_ms_1905-754_5_	At their first concert, under the direction of Dr. Bates, Mark Ilambourg will be the solo pianist, and the Norwich Choral Society will contribute Hugh Blair’s ‘Trafalgar,’ composed expressly for the Nelson centenary.	Hugh Blair	Q5930050	person	occupation	Q36834	composer
The_Musical_Times_ms_1905-754_5_	At their first concert, under the direction of Dr. Bates, Mark Ilambourg will be the solo pianist, and the Norwich Choral Society will contribute Hugh Blair’s ‘Trafalgar,’ composed expressly for the Nelson centenary.	Nelson	Q83235	person	occupation	"Q82955;Q10669499"	"politician; naval officer"
The_Musical_Times_ms_1885-505_5_	The performance of the work in St. James's Hall, under Myr. Otto Goldschmidt, had many good points, and Mr. Parry found no small part of a friendly audience willing to bestow applause.	Myr . Otto Goldschmidt	Q320046	person	occupation	"Q36834;Q158852;Q486748;Q1622272"	"composer; conductor; pianist; university teacher"
The_Musical_Times_ms_1885-505_5_	The performance of the work in St. James's Hall, under Myr. Otto Goldschmidt, had many good points, and Mr. Parry found no small part of a friendly audience willing to bestow applause.	Mr. Parry	Q6251304	person	occupation	"Q36834;Q177220;Q486748;Q2259451"	"composer; singer; pianist; stage actor"
The Musical Times_1853-106_ms_1	Spagnoletti, the leader, the fine Roman lineaments of whose countenance should have been pourtrayed by a Titian or Vandyke, was the animating spirit of the orchestra.	Titian	Q47551	person	occupation	"Q1028181;Q3391743;Q11569986;Q14623005;Q15296811"	"painter; visual artist; printmaker; architectural draftsperson; draftsperson"
The Musical Times_1853-106_ms_1	Spagnoletti, the leader, the fine Roman lineaments of whose countenance should have been pourtrayed by a Titian or Vandyke, was the animating spirit of the orchestra.	Vandyke	Q150679	person	occupation	"Q214917;Q333634;Q487596;Q984276;Q1028181;Q3387717;Q10862983;Q14623005;Q15296811"	"playwright; translator; dramaturge; court painter; painter; theatrical director; etcher; architectural draftsperson; draftsperson"
The_Musical_World_ms_1856-036_2_	The quartets from Rigoletto and Oberon, both excellent specimens of their widely different schools, could hardly have been intrusted to more competent artists than Madame Novello, Miss Dolby, Mr. Sims Reeves, and Mr. Weiss.	Mr. Weiss	Q8022239	person	occupation	"Q36834;Q2865819"	"composer; opera singer"
The Harmonicon_1828-005_ms_2	When Pugnani and Viotti quitted St. Petersburg, where they had been loaded with favours by Catherine the Second, they paid a visit to Berlin, at the time that our violinist was in possession of the public favour.	Catherine the Second	Q36450	person	occupation	"Q116;Q82955;Q2478141;Q10732476"	"monarch; politician; aristocrat; art collector"
the_Quarterly_Musical_Magazine_And_Review_ms_1827-034_4_	"About forty years ago the company of Italian singers, called the company of Monsieur (since Louis 18th), made the Parisians hear the divine accents of Paisiello and Pergolesi; but this company could not obtain the victory unassisted."	Paisiello	Q202303	person	occupation	Q36834	composer
The_Quarterly_Musical_Magazine_And_Review_ms_1826-030_6_	Scarlatti was the next composer of overtures. Then followed the Concerti grossi of Corelli and Vivaldi, and lastly the concertos and overtures of Handel, Bach, Jomelli, Porpora, and Bononcini, with others of less note.	Scarlatti	Q167837	person	occupation	"Q36834;Q765778;Q5371902"	"composer; organist; harpsichordist"
The_Quarterly_Musical_Magazine_And_Review_ms_1826-030_6_	Scarlatti was the next composer of overtures. Then followed the Concerti grossi of Corelli and Vivaldi, and lastly the concertos and overtures of Handel, Bach, Jomelli, Porpora, and Bononcini, with others of less note.	Vivaldi	Q1340	person	occupation	Q36834	composer
The_Quarterly_Musical_Magazine_And_Review_ms_1826-030_6_	Scarlatti was the next composer of overtures. Then followed the Concerti grossi of Corelli and Vivaldi, and lastly the concertos and overtures of Handel, Bach, Jomelli, Porpora, and Bononcini, with others of less note.	Bononcini	Q315241	person	occupation	"Q36834;Q13219637"	"composer; cellist"
The_Musical_World_ms_1855-025_3_	Besides the advantage of Cervetto as a master, our departed friend, Lindley, had also the opportunity, in his youth, of hearing and playing with Crosdill, whose powerful tone excelled that of any previous performer.	Cervetto	Q1364637	person	occupation	Q36834	composer
The_Musical_World_ms_1855-025_3_	Besides the advantage of Cervetto as a master, our departed friend, Lindley, had also the opportunity, in his youth, of hearing and playing with Crosdill, whose powerful tone excelled that of any previous performer.	Lindley	Q18593452	person	occupation	"Q36834;Q13219637;Q16145150"	"composer; cellist; music educator"
The_Musical_World_ms_1855-025_3_	Besides the advantage of Cervetto as a master, our departed friend, Lindley, had also the opportunity, in his youth, of hearing and playing with Crosdill, whose powerful tone excelled that of any previous performer.	Crosdill	Q6227740	person	occupation	Q639669	musician
The_Musical_Times_ms_1901-705_2_	Under the auspices of the Society for the Cultivation of Danish Music, a composition, by Niels W. Gade, entitled ‘Baldur’s Dream,’ for solo voices, chorus, and orchestra, has just been published for the first time.	Niels W. Gade	Q154632	person	occupation	"Q36834;Q158852;Q1259917;Q1622272;Q16145150;Q21680663"	"composer; conductor; violinist; university teacher; music educator; classical composer"
Dwight's Journal of Music_1859-004_ms_3	"At the Opera we have‘had the “Prophet,” the fanchonette,” the ‘Lucia di Lammermoor,” and “the “Muette de Portici;” a night; each, of Mey erbecr, “Clapisson, Donizetti and Auber."	Clapisson	Q1871594	person	occupation	Q36834	composer
The_Quarterly_Musical_Magazine_And_Review_ms_1827-036_1_	Fischer then passed to Italy, and from thence to England, where (in 1769) he formed one of those solo. performers with Abel, Cramer, Crosdill, and Cervetto, for whom John Christian Bach, then in England, wrote solos in his concertos when his - hand was likely to tire or he wanted support.	Fischer	Q820692	person	occupation	"Q36834;Q16003954"	"composer; oboist"
The_Quarterly_Musical_Magazine_And_Review_ms_1827-036_1_	Fischer then passed to Italy, and from thence to England, where (in 1769) he formed one of those solo. performers with Abel, Cramer, Crosdill, and Cervetto, for whom John Christian Bach, then in England, wrote solos in his concertos when his - hand was likely to tire or he wanted support.	Abel	Q168539	person	occupation	"Q36834;Q19760296"	"composer; viol player"
The_Quarterly_Musical_Magazine_And_Review_ms_1827-036_1_	Fischer then passed to Italy, and from thence to England, where (in 1769) he formed one of those solo. performers with Abel, Cramer, Crosdill, and Cervetto, for whom John Christian Bach, then in England, wrote solos in his concertos when his - hand was likely to tire or he wanted support.	Cervetto	Q18529811	person	occupation	"Q36834;Q13219637"	"composer; cellist"
Dwight's Journal of Music_1854-002_ms_3	Inthe year 1720, there appeared a satirical work of ‘Benedetto Marcello, the celebrated author of thé Psalms, which gives a lively -picture of the musical drama at that period.	Benedetto Marcello	Q312784	person	occupation	"Q36180;Q36834;Q37226;Q49757"	"writer; composer; teacher; poet"
The Harmonicon_1832-006_ms_4	I hear with great regret of the sudden death of M. Frederick Kuhlau, of Copenhagen, a composer whose namie is very little known out of Denmark, but who posSessed a very considerable share of talent.	M. Frederick Kuhlau	Q157865	person	occupation	"Q36834;Q486748;Q12902372;Q14915627"	"composer; pianist; flautist; musicologist"
The Musical Times_1881-455_ms_4	It was, indeed, on his extensive collection of such treasures that Bishop Percy drew when.he published his famous ‘Reliques,” and thus prepared a heaithy revolution ‘in English literature against the stiltedness and pom‘pousness of eighteenth century poets.	Percy	Q712930	person	occupation	"Q36180;Q42603;Q49757;Q187865;Q333634;Q3243461;Q14915627"	"writer; priest; poet; antiquarian seller; translator; collector; musicologist"
the_Musical_Times_ms_1895-634_1_	On the 5th ult. the Albert Hall was again crowded to excess on the occasion of Mr. Fould’s miscellaneous Concert, when Madame Albani, Miss Clara Butt, Mr. Norman Salmond, M. Johannes Wolff, M. Hollman, and ‘M. Raoul Pugno appeared.	Madame Albani	Q2503633	person	occupation	"Q36834;Q2865819"	"composer; opera singer"
the_Musical_Times_ms_1895-634_1_	On the 5th ult. the Albert Hall was again crowded to excess on the occasion of Mr. Fould’s miscellaneous Concert, when Madame Albani, Miss Clara Butt, Mr. Norman Salmond, M. Johannes Wolff, M. Hollman, and ‘M. Raoul Pugno appeared.	Miss Clara Butt	Q461921	person	occupation	Q2865819	opera singer
the_Musical_Times_ms_1895-634_1_	On the 5th ult. the Albert Hall was again crowded to excess on the occasion of Mr. Fould’s miscellaneous Concert, when Madame Albani, Miss Clara Butt, Mr. Norman Salmond, M. Johannes Wolff, M. Hollman, and ‘M. Raoul Pugno appeared.	Mr. Norman Salmond	Q5442324	person	occupation	"Q13219637;Q16145150"	"cellist; music educator"
the_Musical_Times_ms_1895-634_1_	On the 5th ult. the Albert Hall was again crowded to excess on the occasion of Mr. Fould’s miscellaneous Concert, when Madame Albani, Miss Clara Butt, Mr. Norman Salmond, M. Johannes Wolff, M. Hollman, and ‘M. Raoul Pugno appeared.	M. Johannes Wolff	Q21129875	person	occupation	Q1259917	violinist
the_Musical_Times_ms_1895-634_1_	On the 5th ult. the Albert Hall was again crowded to excess on the occasion of Mr. Fould’s miscellaneous Concert, when Madame Albani, Miss Clara Butt, Mr. Norman Salmond, M. Johannes Wolff, M. Hollman, and ‘M. Raoul Pugno appeared.	M. Hollman	Q1406368	person	occupation	"Q36834;Q13219637"	"composer; cellist"
the_Musical_Times_ms_1895-634_1_	On the 5th ult. the Albert Hall was again crowded to excess on the occasion of Mr. Fould’s miscellaneous Concert, when Madame Albani, Miss Clara Butt, Mr. Norman Salmond, M. Johannes Wolff, M. Hollman, and ‘M. Raoul Pugno appeared.	M. Raoul Pugno	Q1333281	person	occupation	"Q36834;Q486748;Q765778;Q1076502;Q16145150"	"composer; pianist; organist; choir director; music educator"
The_Musical_Times_ms_1885-505_6_	The choir is steadily improving in precision, delicacy, and refinement, as was shown on this occasion, more particularly in ‘The Silver Swan” of Orlando Gibbons, Wilbye’s “Stay, Corydon,” and Pearsall’s famous ballad dialogue for ten voices, ‘Sir Patrick Spens.’	Wilbye	Q682089	person	occupation	Q36834	composer
The_Musical_Times_ms_1885-505_6_	The choir is steadily improving in precision, delicacy, and refinement, as was shown on this occasion, more particularly in ‘The Silver Swan” of Orlando Gibbons, Wilbye’s “Stay, Corydon,” and Pearsall’s famous ballad dialogue for ten voices, ‘Sir Patrick Spens.’	Pearsall	Q3816877	person	occupation	Q36834	composer
Dwight's Journal of Music_1859-004_ms_2	M.. Lubeck, director of the Royal Conservatory ‘at the Hague, sends us his tuning - fork, which 1s somewhat less high than our own, and ‘at the same. time promises us his adhesion and support.	M .. Lubeck	Q4271413	person	occupation	"Q36834;Q158852;Q1259917"	"composer; conductor; violinist"
the_Musical_Times_ms_1884-493_3_	We are glad also to find that Reyer’s Opera ‘Sigurd,” lately received with so much favour in Brussels, will be given, with Madame Albani in the character of the heroine.	Reyer	Q516937	person	occupation	"Q36834;Q1350157"	"composer; music critic"
the_Quarterly_Musical_Magazine_And_Review_ms_1827-034_3_	"If you doubt the excess of folly to which we have been led, during the last three years in the fine arts by our ridiculous vanity, which our journalists distinguish by the name of national honour, I refer you to that amongst our periodical works which possesses most talent, the Jotirnal des Debats; you will there find, in 1824 or 1823, that M. Monsigny, an excellent man, who produced some operas at the Feydeau, is the musician of Europe, that is to say, he is not only as well known as Mozart’ or Cimarosa in London, Vienna, and Naples, but is reputed to be by far superior to them all."	M. Monsigny	Q705124	person	occupation	Q36834	composer
the_Musical_Times_ms_1902-709_4_	The first chapter in the volume begins by mentioning Emilio del Cavalieri’s ‘Rappresentatione di anima e di corpo,’ with which the new style of music made its entry into Rome in the year 1600, and then he goes on to show how varied melody, choral polyphony, the lied form, the aria, new tonality, and a feeling for unity were. gradually introduced and developed by such composers as Agazzari, Marco da Gagliano, Stefano Landi (whose works show important advance in form, instrumentation, and characterisation), Michelangelo, Rossi, & c.	Agazzari	Q395563	person	occupation	"Q36834;Q765778;Q14915627;Q16031530"	"composer; organist; musicologist; music theorist"
the_Musical_Times_ms_1902-709_4_	The first chapter in the volume begins by mentioning Emilio del Cavalieri’s ‘Rappresentatione di anima e di corpo,’ with which the new style of music made its entry into Rome in the year 1600, and then he goes on to show how varied melody, choral polyphony, the lied form, the aria, new tonality, and a feeling for unity were. gradually introduced and developed by such composers as Agazzari, Marco da Gagliano, Stefano Landi (whose works show important advance in form, instrumentation, and characterisation), Michelangelo, Rossi, & c.	Marco da Gagliano	Q540638	person	occupation	"Q36834;Q158852"	"composer; conductor"
the_Musical_Times_ms_1902-709_4_	The first chapter in the volume begins by mentioning Emilio del Cavalieri’s ‘Rappresentatione di anima e di corpo,’ with which the new style of music made its entry into Rome in the year 1600, and then he goes on to show how varied melody, choral polyphony, the lied form, the aria, new tonality, and a feeling for unity were. gradually introduced and developed by such composers as Agazzari, Marco da Gagliano, Stefano Landi (whose works show important advance in form, instrumentation, and characterisation), Michelangelo, Rossi, & c.	Stefano Landi	Q381943	person	occupation	"Q36834;Q37226;Q177220;Q765778"	"composer; teacher; singer; organist"
the_Musical_Times_ms_1902-709_4_	The first chapter in the volume begins by mentioning Emilio del Cavalieri’s ‘Rappresentatione di anima e di corpo,’ with which the new style of music made its entry into Rome in the year 1600, and then he goes on to show how varied melody, choral polyphony, the lied form, the aria, new tonality, and a feeling for unity were. gradually introduced and developed by such composers as Agazzari, Marco da Gagliano, Stefano Landi (whose works show important advance in form, instrumentation, and characterisation), Michelangelo, Rossi, & c.	Michelangelo , Rossi	Q966250	person	occupation	"Q36834;Q765778"	"composer; organist"
TheHarmonicon__1832-012.txt_1315	We now open the volume, and the presentation - plate immediately attracts our notice — an elegant lithographed design by Hamerton.	Hamerton	Q52498671	person	occupation	"Q644687;Q1028181;Q16947657"	"illustrator; painter; lithographer"
The Musical Times_1871-335_ms_5	"On the Ist of April following, Judas Maccabeus was reproduced, which had been brought out in the previous year as an ode of victory, a musical ovation, to William, Duke of Cumberland, in honour of his success against the unfortunate Charles Edward; and, on its reproduction, the song of triumph was interpolated into it from the other work, for, we may well believe, it had already become popular, although it had been first heard but three weeks before, and it embodied to the very life the people’s feelings; and since that occasion the piece has been integral to both Oratorios."	Charles Edward	Q312581	person	occupation	"Q845929;Q1402561"	"pretender; military leader"
TheQuarterlyMusicalMagazineAndReview__1824-022.txt_3025	The next is a solo for an alto, anda quartet from Naumann.	Naumann	Q213927	person	occupation	"Q36834;Q158852"	"composer; conductor"
The Harmonicon_1832-006_ms_1	In the course of his studies he had composed several masses, motets, hymns, kyries,. magnificats, and other June, 1832. works in the church - style, which were occasionally performed at the chapel at Munich, so greatly to his reputation, that Ernest Augustus, Duke of Brunswick, the father of George I. of England, though a Protestant prince, being a passionate lover of music, invited him to the court of Hanover, conferred on him, it has been said, the appointment of master of his chapel *, and committed to his care the management of the Opera, an entertainment which had then but lately found its way into Germany.	Ernest Augustus , Duke of Brunswick	Q372190	person	occupation	Q611644	Catholic bishop
The Harmonicon_1832-006_ms_1	In the course of his studies he had composed several masses, motets, hymns, kyries,. magnificats, and other June, 1832. works in the church - style, which were occasionally performed at the chapel at Munich, so greatly to his reputation, that Ernest Augustus, Duke of Brunswick, the father of George I. of England, though a Protestant prince, being a passionate lover of music, invited him to the court of Hanover, conferred on him, it has been said, the appointment of master of his chapel *, and committed to his care the management of the Opera, an entertainment which had then but lately found its way into Germany.	George I. of England	Q130805	person	occupation	Q82955	politician
The Harmonicon_1827-002_ms_4	"Among the many that resorted to him for instruction, was Lord Paisley, afterwards Earl of Abercorn; to whom Dr. Pepusch had communicated lessons in writing for his private study, with no other stipulation not to impart them to the world, than is implied in the mutual relation of teacher and scholar: which, however, it seems, was so ill understood, that in the year 1730 the substance of these lessons was by his pupil published, under the following title: A short Treatise on Harmony, containing the chief rules for composing in two, three, and four parts, dedicated to all lovers of music."	Lord Paisley	Q3806590	person	occupation	Q82955	politician
TheMusicalWorld__1844-006.txt_135	, Wilson’s lecture was distinguished, as usual, by its good sense, and his vocal illustrations were exquisite	Wilson	Q6264502	person	occupation	"Q36180;Q40348;Q49757;Q1930187;Q4263842;Q4964182"	"writer; lawyer; poet; journalist; literary critic; philosopher"
The_Musical_Times_ms_1899-680_1_	"In addition to the works already named, Mr. Randegger has composeda scena, ‘Medea,” sung by Madame Rudersdorff at the Leipzig Gewandhaus in 1869, of which the original autograph score is now preserved in the library of the Gewandhaus; “Saffo,” sung by Madame Lemmens Sherrington at the British Orchestral Society’s concert, March 31, 1875; the 150th Psalm, for. soprano solo, chorus, orchestra, and organ, written for the Boston (Mass.) Festival, 1872; and a scena, “The Prayer of Nature” (Byron), for Mr. Edward Lloyd, Philharmonic: Society, June 9, 1887."	Madame Rudersdorff	Q17575680	person	occupation	"Q177220;Q2865819;Q16145150;Q21680731"	"singer; opera singer; music educator; opera composer"
The_Musical_Times_ms_1899-680_1_	"In addition to the works already named, Mr. Randegger has composeda scena, ‘Medea,” sung by Madame Rudersdorff at the Leipzig Gewandhaus in 1869, of which the original autograph score is now preserved in the library of the Gewandhaus; “Saffo,” sung by Madame Lemmens Sherrington at the British Orchestral Society’s concert, March 31, 1875; the 150th Psalm, for. soprano solo, chorus, orchestra, and organ, written for the Boston (Mass.) Festival, 1872; and a scena, “The Prayer of Nature” (Byron), for Mr. Edward Lloyd, Philharmonic: Society, June 9, 1887."	Madame Lemmens Sherrington	Q1027279	person	occupation	Q2865819	opera singer
TheQuarterlyMusicalMagazineAndReview__1825-025.txt_1732	Gavinies published three books of sonatas, and several concertos, which are very highly esteemed by connoisseurs.	Gavinies	Q490205	person	sex or gender	Q6581097	male
TheHarmonicon__1832-012.txt_996	, I believe Have you ever remonstrated or. petitioned the Lord Chamberlain upon the subject?	Lord Chamberlain	Q541755	person	sex or gender	Q6581097	male
TheMusicalTimes__1875-388.txt_2262	Mr. Liddle officiated as leader of the band, Mr. C. Hancock presided at the harmonium, and Sir George Elvey conducted.	Mr. C. Hancock	Q16030597	person	sex or gender	Q6581097	male
TheMusicalTimes__1875-388.txt_2262	Mr. Liddle officiated as leader of the band, Mr. C. Hancock presided at the harmonium, and Sir George Elvey conducted.	Sir George Elvey	Q5541104	person	sex or gender	Q6581097	male
TheHarmonicon__1824-016.txt_50	Mr. Viotti had some share in the management of the King’s Theatre.	Mr. Viotti	Q313188	person	sex or gender	Q6581097	male
TheMusicalWorld__1843-038.txt_147	of Rameau was represented in 1735, it was a balletopera Les Indes galantes.	Rameau	Q1145	person	sex or gender	Q6581097	male
TheHarmonicon__1832-012.txt_4	Benzamin Rogenrs, son of Peter Rogers of St. George's Chapel, Windsor, was born in that town, and after being a chorister, became a lay - clerk, or singing - man, of the choir of which his father was a member.	Benzamin Rogenrs	Q18546476	person	sex or gender	Q6581097	male
TheMusicalTimes__1876-402.txt_2227	The programme contained selections from the works of Bach, Handel, Mendelssohn, Cherubini, and Lefébure - Wély.	Bach	Q1339	person	sex or gender	Q6581097	male
TheMusicalTimes__1876-402.txt_2227	The programme contained selections from the works of Bach, Handel, Mendelssohn, Cherubini, and Lefébure - Wély.	Handel	Q7302	person	sex or gender	Q6581097	male
TheMusicalTimes__1876-402.txt_2227	The programme contained selections from the works of Bach, Handel, Mendelssohn, Cherubini, and Lefébure - Wély.	Mendelssohn	Q46096	person	sex or gender	Q6581097	male
TheMusicalTimes__1876-402.txt_2227	The programme contained selections from the works of Bach, Handel, Mendelssohn, Cherubini, and Lefébure - Wély.	Cherubini	Q20721	person	sex or gender	Q6581097	male
TheMusicalTimes__1876-402.txt_2227	The programme contained selections from the works of Bach, Handel, Mendelssohn, Cherubini, and Lefébure - Wély.	Lefébure - Wély	Q546919	person	sex or gender	Q6581097	male
TheQuarterlyMusicalMagazineAndReview__1824-022.txt_3748	Mr. Mocre is the adaptor of words to this composition, which is a tirana, arranged by Mr. Bishop.	Mr. Mocre	Q315346	person	sex or gender	Q6581097	male
TheQuarterlyMusicalMagazineAndReview__1824-022.txt_3748	Mr. Mocre is the adaptor of words to this composition, which is a tirana, arranged by Mr. Bishop.	Mr. Bishop	Q1200639	person	sex or gender	Q6581097	male
TheMusicalTimes__1876-402.txt_1237	F. J. Amor, H. Lazarus, Walter Pettit, F. Ralph, P. Sainton, J. Thomas, A. White, and the Principal.	H. Lazarus	Q5724751	person	sex or gender	Q6581097	male
TheMusicalTimes__1876-402.txt_1237	F. J. Amor, H. Lazarus, Walter Pettit, F. Ralph, P. Sainton, J. Thomas, A. White, and the Principal.	J. Thomas	Q1701921	person	sex or gender	Q6581097	male
TheMusicalTimes__1876-402.txt_2212	Batiste’s Andante in G, an Offertoire by Lefébure - Wély, 2 Fugue by Mendelssohn, and Gounod’s	Batiste	Q274231	person	sex or gender	Q6581097	male
TheMusicalTimes__1876-402.txt_2212	Batiste’s Andante in G, an Offertoire by Lefébure - Wély, 2 Fugue by Mendelssohn, and Gounod’s	Gounod	Q180278	person	sex or gender	Q6581097	male
TheHarmonicon__1833-005.txt_1306	Under the Direction of the Earl of Cawdor, Wednesday, April 24, 1833.	Earl of Cawdor	Q6224952	person	sex or gender	Q6581097	male
TheHarmonicon__1833-005.txt_274	Of the publication of Volume II. of Dr. Burney’s great work we have the following account:	Dr. Burney	Q547002	person	sex or gender	Q6581097	male
TheHarmonicon__1824-016.txt_3646	On the same occasion, a quintett and chorus from Jerusalem delivered, an oratorio by M. Eberwein, which is still in MS. was received with much applause.	M. Eberwein	Q215521	person	sex or gender	Q6581097	male
TheMusicalTimes__1875-388.txt_580	The Music adapted from SPINDLER’s HUSARENRITT by Louis Dien1.	Louis Dien1	Q19900926	person	sex or gender	Q6581097	male
DwightSJournalOfMusic__1873-016.txt_337	Some think they detect already in Weber's “Preciosa” and	Weber	Q154812	person	sex or gender	Q6581097	male
TheHarmonicon__1824-016.txt_1362	Oakley, Esq., of Tavistock Place, and the late James Perry Esq.,. of the Morning Chronicle.	James Perry	Q15047460	person	sex or gender	Q6581097	male
TheQuarterlyMusicalMagazineAndReview__1828-037.txt_1289	that many composers who lose themselves in the clouds of mannerism and affectation, would imitate thewisdom of Sirletti, Asioli, and Pollini —	Sirletti	Q102283903	person	sex or gender	Q6581097	male
TheQuarterlyMusicalMagazineAndReview__1828-037.txt_1289	that many composers who lose themselves in the clouds of mannerism and affectation, would imitate thewisdom of Sirletti, Asioli, and Pollini —	Asioli	Q892563	person	sex or gender	Q6581097	male
TheQuarterlyMusicalMagazineAndReview__1828-037.txt_1289	that many composers who lose themselves in the clouds of mannerism and affectation, would imitate thewisdom of Sirletti, Asioli, and Pollini —	Pollini	Q1351579	person	sex or gender	Q6581097	male
TheQuarterlyMusicalMagazineAndReview__1826-029.txt_43	"Second Concerto and Di Tanti, 294 Kiallmark, his Le pas de Polichinelle, 1145, Are ye'angry, 238;"	Kiallmark	Q18671297	person	sex or gender	Q6581097	male
TheQuarterlyMusicalMagazineAndReview__1828-037.txt_1246	This enthusiastic composer, rich in talent, of the school of Bartolomeo Felici, wrote in the purest style.	Bartolomeo Felici	Q20757883	person	sex or gender	Q6581097	male
TheQuarterlyMusicalMagazineAndReview__1828-037.txt_255	"Piano Forte ed Arpa da L. Cherubini, » Almen se non possio, Canzonetta; Poetry by Metastasio; Music by"	Metastasio	Q29473	person	sex or gender	Q6581097	male
TheQuarterlyMusicalMagazineAndReview__1828-037.txt_2042	Here examples are given of the psalms of Marot and some of the earliest psalmists, whose compositions were even then considered as impudent innovations.	Marot	Q108926	person	sex or gender	Q6581097	male
TheQuarterlyMusicalMagazineAndReview__1826-029.txt_1274	This will serve to give some idea of the extensive field entered upon by Martini, and the diffuseness of that part which is completed.	Martini	Q283651	person	sex or gender	Q6581097	male
TheHarmonicon__1828-001.txt_1842	the Bacchanalian Song from Spontini’s Danaides, and several other pieces too numerous to particularize.	Spontini	Q168485	person	sex or gender	Q6581097	male
TheMusicalWorld__1844-006.txt_405	Vienna, Jan. 10. _ Donizetti has arrived in this city in perfect health.	Donizetti	Q101698	person	sex or gender	Q6581097	male
TheQuarterlyMusicalMagazineAndReview__1824-022.txt_1692	Nevertheless, to be the rival of Carissimi he must have possessed considerable talent, both as a musician and a composer.	Carissimi	Q312686	person	sex or gender	Q6581097	male
TheQuarterlyMusicalMagazineAndReview__1826-029.txt_1062	Since this note was written, a strong confirmation has been given to my opinion by a perusal of the History of the East Indies, from the French of L’Abbe Guyon.	L’Abbe Guyon	Q2976789	person	sex or gender	Q6581097	male
TheMusicalWorld__1844-006.txt_932	Her Majesty and Prince Albert took a part in ‘Die Elfen Walzer.	Prince Albert	Q152245	person	sex or gender	Q6581097	male
TheMusicalWorld__1843-036.txt_391	Nor let us omit the performance of Grisias the Lady Norina in Pasquale, which was one of the most admirable specimens of comic talent ever seen on any stage.	Grisias	Q287344	person	sex or gender	Q6581072	female
TheQuarterlyMusicalMagazineAndReview__1825-025.txt_1373	Sabadini also composed oratorios, the best of which was “La Divina Sapienza.	Sabadini	Q3638803	person	sex or gender	Q6581097	male
TheMusicalTimes__1873-366.txt_1521	The chair was occupied en the occasion by Sir Thomas Gladstone, Bart.	Sir Thomas Gladstone	Q7529140	person	sex or gender	Q6581097	male
TheMusicalTimes__1876-402.txt_2623	’s 24th Psalm, adapted to the English version, by W. T. Freemantle (and revised by the late Dr. S. S. Wesley).	W. T. Freemantle	Q8019310	person	sex or gender	Q6581097	male
TheMusicalTimes__1876-402.txt_2623	’s 24th Psalm, adapted to the English version, by W. T. Freemantle (and revised by the late Dr. S. S. Wesley).	Dr. S. S. Wesley	Q746420	person	sex or gender	Q6581097	male
TheMusicalTimes__1876-402.txt_1166	, Arthur Sullivan, Mus. D., Cantab., the Conductor, and the Principal — Eaton Faning.	Arthur Sullivan	Q212692	person	sex or gender	Q6581097	male
TheMusicalTimes__1876-402.txt_1166	, Arthur Sullivan, Mus. D., Cantab., the Conductor, and the Principal — Eaton Faning.	Eaton Faning	Q5331349	person	sex or gender	Q6581097	male
TheQuarterlyMusicalMagazineAndReview__1828-037.txt_2268	‘Carron side,” an opera by Signor Liverati, was produced with success.	Signor Liverati	Q3767573	person	sex or gender	Q6581097	male
TheQuarterlyMusicalMagazineAndReview__1825-025.txt_1821	For ten years Jarnowick was in great favour with the public.	Jarnowick	Q1526160	person	sex or gender	Q6581097	male
TheQuarterlyMusicalMagazineAndReview__1826-029.txt_2209	Mr. Kalkbrenner’s inelange displays great taste, both in the selection and treatment. of his subjects.	Mr. Kalkbrenner	Q170270	person	sex or gender	Q6581097	male
TheQuarterlyMusicalMagazineAndReview__1828-037.txt_208	“Qui est Rex Gloriosus,” Canon four in two, composed and dedicated to Thomas Attwood, Esq.	Thomas Attwood	Q2422110	person	sex or gender	Q6581097	male
TheQuarterlyMusicalMagazineAndReview__1826-029.txt_3161	There are few persons in this country, we apprehend, who are not now aware of the splendid donation made by the late Viscount Fitzwilliam to the University of Cambridge.	Viscount Fitzwilliam	Q7325692	person	sex or gender	Q6581097	male
TheMusicalWorld__1844-006.txt_464	The vocal music was scarcely so good as usual — with the exception of the scena of Miss Rainforth.	Miss Rainforth	Q17355767	person	sex or gender	Q6581072	female
TheMusicalWorld__1844-006.txt_48	We can not speak too highly of the manner in which this magnificent burst of grandeur was rendered, by Mr. Sterndale Bennett and his able assistants,	Mr. Sterndale Bennett	Q201164	person	sex or gender	Q6581097	male
TheQuarterlyMusicalMagazineAndReview__1825-025.txt_2506	passage, taken up by the other parts as a round, like Rossini’s	Rossini	Q9726	person	sex or gender	Q6581097	male
TheMusicalTimes__1876-402.txt_1201	G. Benson, Ettore Fiori, Manuel Garcia, P. Goldberg, A. Randegger, T. A. Wallworth, and the Principal.	Ettore Fiori	Q55912552	person	sex or gender	Q6581097	male
TheMusicalTimes__1876-402.txt_1201	G. Benson, Ettore Fiori, Manuel Garcia, P. Goldberg, A. Randegger, T. A. Wallworth, and the Principal.	Manuel Garcia	Q333183	person	sex or gender	Q6581097	male
TheMusicalTimes__1876-402.txt_1201	G. Benson, Ettore Fiori, Manuel Garcia, P. Goldberg, A. Randegger, T. A. Wallworth, and the Principal.	A. Randegger	Q4712167	person	sex or gender	Q6581097	male
TheHarmonicon__1832-012.txt_37	Thornhill drew ail their portraits in pencil, and Prior wrote humorous verses under each.	Thornhill	Q1681192	person	sex or gender	Q6581097	male
TheMusicalTimes__1875-388.txt_1671	The artists engaged were the Misses Agnes Drummond, Josephine Pulham, Marian Haigh, Florence Wydford, and Messrs. Henry Guy, Theodore Distin, E. Stone, and Thurley Beale.	Theodore Distin	Q76098551	person	sex or gender	Q6581097	male
TheMusicalWorld__1843-038.txt_419	Mrs. Shaw sang the next piece, No. 17, with more grace and power of vocalization than she had displayed during her visit.	Mrs. Shaw	Q3291051	person	sex or gender	Q6581072	female
TheMusicalTimes__1876-402.txt_2038	“Lives of the Professors of Gresham College” is a list of musical works in manuscript of Dr. J. Bull, in possession of Dr. Pepusch	Dr. J. Bull	Q511463	person	sex or gender	Q6581097	male
TheMusicalTimes__1876-402.txt_2038	“Lives of the Professors of Gresham College” is a list of musical works in manuscript of Dr. J. Bull, in possession of Dr. Pepusch	Dr. Pepusch	Q371825	person	sex or gender	Q6581097	male
TheQuarterlyMusicalMagazineAndReview__1828-037.txt_387	Air Suisse, with an Introduction and Variations for the Piano Forte, composed by H. Herz.	H. Herz	Q572547	person	sex or gender	Q6581097	male
TheQuarterlyMusicalMagazineAndReview__1824-022.txt_3868	Dr. Anslem Bayly, Sub - Dean of this Majesty’s Chapels Royal.	Dr. Anslem Bayly	Q4770596	person	sex or gender	Q6581097	male
TheQuarterlyMusicalMagazineAndReview__1825-025.txt_1912	Charles Phillippe Lafont, a very distinguished violinist, began to learn the violin with his mother, who was the sister of Berthaume, when yet very young.	Charles Phillippe Lafont	Q517502	person	sex or gender	Q6581097	male
TheHarmonicon__1832-012.txt_1860	Among the pieces were Beethoven’s grand symphony in bp, and the overtures to Don Juan and Reissiger’s Felsenmithle, all of which were exquisitely played.	Beethoven	Q255	person	sex or gender	Q6581097	male
TheHarmonicon__1832-012.txt_1860	Among the pieces were Beethoven’s grand symphony in bp, and the overtures to Don Juan and Reissiger’s Felsenmithle, all of which were exquisitely played.	Reissiger	Q213894	person	sex or gender	Q6581097	male
TheQuarterlyMusicalMagazineAndReview__1825-025.txt_2308	Venice, besides the advantage of having orators destined to educate the singers, had Gasparini and Lotti as directors of the schools..	Gasparini	Q446955	person	sex or gender	Q6581097	male
TheQuarterlyMusicalMagazineAndReview__1825-025.txt_2308	Venice, besides the advantage of having orators destined to educate the singers, had Gasparini and Lotti as directors of the schools..	Lotti	Q168345	person	sex or gender	Q6581097	male
TheQuarterlyMusicalMagazineAndReview__1826-029.txt_3512	the subject of the Air from a French Melody, composed by Pio Glanchettini.	Pio Glanchettini	Q18819786	person	sex or gender	Q6581097	male
TheQuarterlyMusicalMagazineAndReview__1825-025.txt_1788	w ho were accustomed to meet there frequently, such as Pagin, Gavinies, Pugnani, Gi- ardini, Van Malder, Dominico Ferrari, & c.	Pagin	Q516496	person	sex or gender	Q6581097	male
TheQuarterlyMusicalMagazineAndReview__1825-025.txt_1788	w ho were accustomed to meet there frequently, such as Pagin, Gavinies, Pugnani, Gi- ardini, Van Malder, Dominico Ferrari, & c.	Pugnani	Q560926	person	sex or gender	Q6581097	male
TheQuarterlyMusicalMagazineAndReview__1825-025.txt_1788	w ho were accustomed to meet there frequently, such as Pagin, Gavinies, Pugnani, Gi- ardini, Van Malder, Dominico Ferrari, & c.	Van Malder	Q509130	person	sex or gender	Q6581097	male
TheQuarterlyMusicalMagazineAndReview__1825-025.txt_1788	w ho were accustomed to meet there frequently, such as Pagin, Gavinies, Pugnani, Gi- ardini, Van Malder, Dominico Ferrari, & c.	Dominico Ferrari	Q1237139	person	sex or gender	Q6581097	male
TheHarmonicon__1828-001.txt_447	I am marvellously curious to see the violin quartet written by Rossini for Ricordi, the music - dealer, of Milan.	Ricordi	Q1046463	person	sex or gender		
DwightSJournalOfMusic__1873-016.txt_742	When Garibaldi raised the standard of revolt at Marsala, a number of volunteers.	Garibaldi	Q539	person	sex or gender	Q6581097	male
TheQuarterlyMusicalMagazineAndReview__1828-037.txt_3630	the paucity of the English female singers — Miss Stephens and.	Miss Stephens	Q5052928	person	sex or gender	Q6581072	female
TheMusicalTimes__1876-402.txt_22	For further particulars apply to Mr. H. Keeton, “Registered for transmission abroad.	Mr. H. Keeton	Q1438256	person	sex or gender	Q6581097	male
TheQuarterlyMusicalMagazineAndReview__1824-022.txt_3659	They are all tinctured with a certain degree of elegance and expressiveness, particularly these by Mr. Clifton, Mr. Crouch, Mr. Eavestaff, and Mr. Banister.	Mr. Clifton	Q6224338	person	sex or gender	Q6581097	male
TheHarmonicon__1824-016.txt_1800	Since Barbaja seceded from the theatre, San Carlo has thrice been in danger of being burnt down.	Barbaja	Q908235	person	sex or gender	Q6581097	male
TheQuarterlyMusicalMagazineAndReview__1825-025.txt_294	Variations, and an Introductory Prelude on some Passages from: the Incantation Scene, by N.C. Bochsa 4.	N.C. Bochsa	Q251397	person	sex or gender	Q6581097	male
TheHarmonicon__1828-001.txt_1889	Signor Sabastiani, first clarinet at the theatre St. Carlo at Naples, is arrived in Paris.	Signor Sabastiani	Q109802688	person	sex or gender	Q6581097	male
TheMusicalWorld__1843-036.txt_211	The predominant feature of Spohr’s music is a voluptuous monotony — a luxury indeed, but a vicious one.	Spohr	Q57226	person	sex or gender	Q6581097	male
TheHarmonicon__1824-016.txt_1988	but, after all, why not have given a symphony or overture of Haydn or Mozart?	Haydn	Q7349	person	sex or gender	Q6581097	male
TheHarmonicon__1824-016.txt_1988	but, after all, why not have given a symphony or overture of Haydn or Mozart?	Mozart	Q254	person	sex or gender	Q6581097	male
DwightSJournalOfMusic__1868-012.txt_745	Adelina Patti — for that will continue to be her professional.	Adelina Patti	Q234166	person	sex or gender	Q6581072	female
TheMusicalWorld__1843-029.txt_176	These two operas, and also two odes to Anacreon set to the Greek text, are the only fruits of our author's pen in the year 1799.	Anacreon	Q213484	person	sex or gender	Q6581097	male
TheQuarterlyMusicalMagazineAndReview__1828-037.txt_1291	Grazioli (who must not be confounded with the composer of the same name, who died at Venice in 1820). has published several operas and some sacred music.	Grazioli	Q1525873	person	sex or gender	Q6581097	male
TheQuarterlyMusicalMagazineAndReview__1825-025.txt_419	This Edition has been revised, and Passages for the additional Keys arranged for Piano Fortes up to C, by Mr. Moscheles.	Mr. Moscheles	Q159551	person	sex or gender	Q6581097	male
TheMusicalWorld__1843-029.txt_42	The exquisite drollery of Levassor and John Parry were highly relished.	John Parry	Q3399352	person	sex or gender	Q6581097	male
TheMusicalTimes__1875-388.txt_2208	The reception of the work was most enthusiastic, Dr. Bridge receiving quite an ovation at the close of the Oratorio.	Dr. Bridge	Q5497415	person	sex or gender	Q6581097	male
TheHarmonicon__1832-012.txt_1878	The Societa Filodramatica is about to produce Bellini’s opera, I Montecchi e Capuleti.	Bellini	Q170209	person	sex or gender	Q6581097	male
TheQuarterlyMusicalMagazineAndReview__1828-037.txt_720	we are moved only by admiration of the talents of Madame Pasta or Mademoiselle Sontag, displayed in executing the innumerable flights, arpeggios, and cadenzas which are allotted to them.	Madame Pasta	Q240963	person	sex or gender	Q6581072	female
TheQuarterlyMusicalMagazineAndReview__1828-037.txt_720	we are moved only by admiration of the talents of Madame Pasta or Mademoiselle Sontag, displayed in executing the innumerable flights, arpeggios, and cadenzas which are allotted to them.	Mademoiselle Sontag	Q64098	person	sex or gender	Q6581072	female
TheHarmonicon__1828-001.txt_1127	Ramsay was an acute observer of the character and manners of the Scottish peasantry, and has produced many pleasing and humorous sketches of the habits and sentiments peculiar to that race.	Ramsay	Q654775	person	sex or gender	Q6581097	male
TheMusicalTimes__1873-366.txt_1370	To Mr. Willert Beale, the founder of these meetings, 8.	Mr. Willert Beale	Q7795125	person	sex or gender	Q6581097	male
DwightSJournalOfMusic__1873-016.txt_390	Franz Liszt played this piece once with such mighty power and passion, such eloquence and truth, as I never heard before, probably never shall hear again.	Franz Liszt	Q41309	person	sex or gender	Q6581097	male
TheMusicalTimes__1876-397.txt_744	3- SEVEN VOCAL DUETS, by Bellini, S. Glover, Macfarren, Donizetti, & c..	Macfarren	Q1374708	person	sex or gender	Q6581097	male
TheMusicalTimes__1876-397.txt_2289	, Mr. Joseph Skeaf, the president, occupied the chair, Mr. William Laidlaw and Mr. T. Armstrong vicechairmen.	Mr. William Laidlaw	Q8014247	person	sex or gender	Q6581097	male
TheQuarterlyMusicalMagazineAndReview__1825-025.txt_1896	In 1760 he sent him to Paris, and he there took lessons of Capron, and at the same time studied composition under Gossec.	Capron	Q120697	person	sex or gender	Q6581097	male
TheQuarterlyMusicalMagazineAndReview__1825-025.txt_1896	In 1760 he sent him to Paris, and he there took lessons of Capron, and at the same time studied composition under Gossec.	Gossec	Q313667	person	sex or gender	Q6581097	male
TheQuarterlyMusicalMagazineAndReview__1828-037.txt_1189	The church of Santa Maria Maggiore, the third in rank, had as chapel master the Maestro del Fante, who has now been dead some years.	Maestro del Fante	Q18416097	person	sex or gender	Q6581097	male
TheMusicalWorld__1843-038.txt_67	"The vocalists were the Misses C. Novello, Rainforth, and Mrs. Alfred Shaw; Messrs. Braham, Phillips, Bennett, Walton, and J. Isherwood."	C. Novello	Q4322567	person	sex or gender	Q6581072	female
TheMusicalWorld__1843-038.txt_67	"The vocalists were the Misses C. Novello, Rainforth, and Mrs. Alfred Shaw; Messrs. Braham, Phillips, Bennett, Walton, and J. Isherwood."	Braham	Q1699393	person	sex or gender	Q6581097	male
TheQuarterlyMusicalMagazineAndReview__1825-025.txt_1684	Francoeur was born at Paris, in 1698, and is mentioned as having belonged.	Francoeur	Q1396905	person	sex or gender	Q6581097	male
DwightSJournalOfMusic__1875-006.txt_919	Now let our readers take the finale of any opera by Mozart, of the Fidelio by Beethoven, and compare it side by side with the finale by Wagner.	Wagner	Q1511	person	sex or gender	Q6581097	male
TheQuarterlyMusicalMagazineAndReview__1825-025.txt_1686	"Jean Pierre Guignon was born at Turin, in 1702; but as he came to France whilst very young, and established himself there, we shall consider him as a French violinist."	Jean Pierre Guignon	Q337573	person	sex or gender	Q6581097	male
TheHarmonicon__1833-005.txt_173	This, I understand, was the method pursued by _ M. Chelard, the. maestro at the German opera last season at the King’s Theatre.	M. Chelard	Q924686	person	sex or gender	Q6581097	male
TheQuarterlyMusicalMagazineAndReview__1826-029.txt_1733	De Begnis still occupies a place in the King’s Theatre.	De Begnis	Q3770409	person	sex or gender	Q6581097	male
TheMusicalTimes__1876-397.txt_1327	WE regret to have to announce the sudden death, from heart disease, of Dr. H. J. Gauntlett, on the a2ist ult.	Dr. H. J. Gauntlett	Q11925412	person	sex or gender	Q6581097	male
TheHarmonicon__1833-005.txt_1071	"Duet, ‘The streams that wind amid the hills,’ the Poetry by G. Darley, Esq.; the Music composed by Fanny Steers."	G. Darley	Q1450149	person	sex or gender	Q6581097	male
TheHarmonicon__1833-005.txt_1071	"Duet, ‘The streams that wind amid the hills,’ the Poetry by G. Darley, Esq.; the Music composed by Fanny Steers."	Fanny Steers	Q104234927	person	sex or gender	Q6581072	female
TheHarmonicon__1828-001.txt_1478	, Paer’s beautiful little duet, is better in its original form, than in that which is now given to it.	Paer	Q533022	person	sex or gender	Q6581097	male
TheHarmonicon__1832-012.txt_126	Lord Bacon, Addison, Dr. Brown, Dugald Stewart, and many others,. are often betrayed into unconscious absurdities respecting musical effects by their ignorance of the science.	Lord Bacon	Q37388	person	sex or gender	Q6581097	male
TheHarmonicon__1832-012.txt_126	Lord Bacon, Addison, Dr. Brown, Dugald Stewart, and many others,. are often betrayed into unconscious absurdities respecting musical effects by their ignorance of the science.	Addison	Q206384	person	sex or gender	Q6581097	male
TheHarmonicon__1832-012.txt_126	Lord Bacon, Addison, Dr. Brown, Dugald Stewart, and many others,. are often betrayed into unconscious absurdities respecting musical effects by their ignorance of the science.	Dugald Stewart	Q218254	person	sex or gender	Q6581097	male
TheQuarterlyMusicalMagazineAndReview__1826-029.txt_1038	Sir W. Jones, in his Catalogue of Manuscripts, deposited in the library of the Royal Society, gives us the names of some treatises in the Hindustanee language, which of course have never been translated..	Sir W. Jones	Q273969	person	sex or gender	Q6581097	male
TheQuarterlyMusicalMagazineAndReview__1825-025.txt_1806	He quitted Parma, and returned to Tartini, with whom he studied ull the year 1769.	Tartini	Q108555	person	sex or gender	Q6581097	male
TheMusicalTimes__1875-388.txt_2734	, Mrs. Mounsey Bartholomew, J. Barnby, H. Smart, G. A. Macfarren, Brinley Richard, H. S. Irons, Charles Salaman, Alberto Randegger, ].	Mrs. Mounsey Bartholomew	Q4766585	person	sex or gender	Q6581072	female
TheMusicalTimes__1875-388.txt_2734	, Mrs. Mounsey Bartholomew, J. Barnby, H. Smart, G. A. Macfarren, Brinley Richard, H. S. Irons, Charles Salaman, Alberto Randegger, ].	H. Smart	Q466189	person	sex or gender	Q6581097	male
TheMusicalTimes__1875-388.txt_2734	, Mrs. Mounsey Bartholomew, J. Barnby, H. Smart, G. A. Macfarren, Brinley Richard, H. S. Irons, Charles Salaman, Alberto Randegger, ].	Brinley Richard	Q4850963	person	sex or gender	Q6581097	male
TheMusicalTimes__1875-388.txt_2734	, Mrs. Mounsey Bartholomew, J. Barnby, H. Smart, G. A. Macfarren, Brinley Richard, H. S. Irons, Charles Salaman, Alberto Randegger, ].	Charles Salaman	Q2959519	person	sex or gender	Q6581097	male
TheQuarterlyMusicalMagazineAndReview__1825-025.txt_2356	He was born in Naples, where he studied the rudiments of music under Alessandro Scarlatti and Nicolo Porpora.	Alessandro Scarlatti	Q183087	person	sex or gender	Q6581097	male
TheQuarterlyMusicalMagazineAndReview__1825-025.txt_2356	He was born in Naples, where he studied the rudiments of music under Alessandro Scarlatti and Nicolo Porpora.	Nicolo Porpora	Q312788	person	sex or gender	Q6581097	male
TheHarmonicon__1832-012.txt_323	Mr. Linley proposed stating on his. song, that my quartett had been composed first.	Mr. Linley	Q5541748	person	sex or gender	Q6581097	male
TheQuarterlyMusicalMagazineAndReview__1825-025.txt_2112	Luigi Rossi, Arcangelo Corelli, t with other great Italian compesers and imitators of Lulli at Paris, returned to their country with clearer and more distinct ideas of harmony.	Luigi Rossi	Q472714	person	sex or gender	Q6581097	male
TheQuarterlyMusicalMagazineAndReview__1825-025.txt_2112	Luigi Rossi, Arcangelo Corelli, t with other great Italian compesers and imitators of Lulli at Paris, returned to their country with clearer and more distinct ideas of harmony.	Arcangelo Corelli	Q164475	person	sex or gender	Q6581097	male
TheQuarterlyMusicalMagazineAndReview__1825-025.txt_2112	Luigi Rossi, Arcangelo Corelli, t with other great Italian compesers and imitators of Lulli at Paris, returned to their country with clearer and more distinct ideas of harmony.	Lulli	Q1192	person	sex or gender	Q6581097	male
TheMusicalTimes__1876-397.txt_581	A COLLECTION OF ORGAN PIECE, “COMPOSED BY CHARLES JOSEPH FROST.	CHARLES JOSEPH FROST	Q94766323	person	sex or gender	Q6581097	male
TheHarmonicon__1824-016.txt_1821	A new opera has been produced here, entitled Temistocle, from the pen of Paccini.	Paccini	Q357022	person	sex or gender	Q6581097	male
TheQuarterlyMusicalMagazineAndReview__1825-025.txt_1645	When given over by his physicians,: the Chevalier de Lorraine came to seehim.	Chevalier de Lorraine	Q916954	person	sex or gender	Q6581097	male
DwightSJournalOfMusic__1873-016.txt_305	His fugues are indeed ‘superior to those of Spohr, Schneider, Loewe	Schneider	Q213906	person	sex or gender	Q6581097	male
DwightSJournalOfMusic__1873-016.txt_305	His fugues are indeed ‘superior to those of Spohr, Schneider, Loewe	Loewe	Q158899	person	sex or gender	Q6581097	male
TheQuarterlyMusicalMagazineAndReview__1825-025.txt_2407	"Ferri, Matteucci, and Guadagni, were knighted; Farinelli was presented with the cross of Calatrava, in Spain, where, under his direction and management were revived, in theatrical spectacles, all the magnificence and good taste of ancient Athens."	Ferri	Q804749	person	sex or gender	Q6581097	male
TheQuarterlyMusicalMagazineAndReview__1825-025.txt_2407	"Ferri, Matteucci, and Guadagni, were knighted; Farinelli was presented with the cross of Calatrava, in Spain, where, under his direction and management were revived, in theatrical spectacles, all the magnificence and good taste of ancient Athens."	Guadagni	Q3094278	person	sex or gender	Q6581097	male
TheQuarterlyMusicalMagazineAndReview__1825-025.txt_2407	"Ferri, Matteucci, and Guadagni, were knighted; Farinelli was presented with the cross of Calatrava, in Spain, where, under his direction and management were revived, in theatrical spectacles, all the magnificence and good taste of ancient Athens."	Farinelli	Q223744	person	sex or gender	Q6581097	male
TheQuarterlyMusicalMagazineAndReview__1828-037.txt_2164	The season began with Madame Caradori and Mademoiselle Brambilla as principals, Signors Curioni, Pellegrini, and Porto. - Mr. A. Sapio also _ appeared, but only it should seem as an occasional assistant.	Madame Caradori	Q16065895	person	sex or gender	Q6581072	female
TheQuarterlyMusicalMagazineAndReview__1828-037.txt_2164	The season began with Madame Caradori and Mademoiselle Brambilla as principals, Signors Curioni, Pellegrini, and Porto. - Mr. A. Sapio also _ appeared, but only it should seem as an occasional assistant.	Mademoiselle Brambilla	Q3847905	person	sex or gender	Q6581072	female
TheQuarterlyMusicalMagazineAndReview__1828-037.txt_2164	The season began with Madame Caradori and Mademoiselle Brambilla as principals, Signors Curioni, Pellegrini, and Porto. - Mr. A. Sapio also _ appeared, but only it should seem as an occasional assistant.	Signors Curioni	Q87346693	person	sex or gender	Q6581097	male
TheMusicalWorld__1843-036.txt_362	Who ever dreamed of’ an opera season coming to a close without hearing Rubini?	Rubini	Q941040	person	sex or gender	Q6581097	male
TheHarmonicon__1828-001.txt_28	18 Concerts at the Two Universities 18 On the Major and Minor Semitones, and on the Rev. Mr. Liston’s Organ.	Rev. Mr. Liston	Q5724966	person	sex or gender	Q6581097	male
DwightSJournalOfMusic__1868-012.txt_1398	A pleasing ballad, with fine melody, sung by Adelaide Phillips.	Adelaide Phillips	Q4681758	person	sex or gender	Q6581072	female
TheMusicalTimes__1875-388.txt_1053	Varesi has materially strengthened her position since her début in “Rigoletto” especially as the heroine in	Varesi	Q102075928	person	sex or gender	Q6581072	female
TheQuarterlyMusicalMagazineAndReview__1825-025.txt_1679	Michel Richard Lalande, who married the daughter of Rebel, was also a composer and violinist of some fame..	Michel Richard Lalande	Q312979	person	sex or gender	Q6581097	male
TheMusicalTimes__1875-388.txt_1005	The vocalists thus honoured — Miss Edith Wynne, Madame Patey, Mr. Lloyd and Mr. Santley — have every reason to. congratulate themselves upon this.	Miss Edith Wynne	Q7422270	person	sex or gender	Q6581072	female
TheMusicalTimes__1875-388.txt_1005	The vocalists thus honoured — Miss Edith Wynne, Madame Patey, Mr. Lloyd and Mr. Santley — have every reason to. congratulate themselves upon this.	Madame Patey	Q6153509	person	sex or gender	Q6581072	female
TheMusicalTimes__1875-388.txt_1005	The vocalists thus honoured — Miss Edith Wynne, Madame Patey, Mr. Lloyd and Mr. Santley — have every reason to. congratulate themselves upon this.	Mr. Lloyd	Q5344187	person	sex or gender	Q6581097	male
TheMusicalTimes__1875-388.txt_1005	The vocalists thus honoured — Miss Edith Wynne, Madame Patey, Mr. Lloyd and Mr. Santley — have every reason to. congratulate themselves upon this.	Mr. Santley	Q521746	person	sex or gender	Q6581097	male
TheHarmonicon__1828-001.txt_39	39 Improvements in Music Printing, Account of Mr. Cowper’s Lecture on,.	Mr. Cowper	Q315537	person	sex or gender	Q6581097	male
TheHarmonicon__1832-012.txt_1587	The lithographed portrait of Sir W. Scott, in the title - page, is the best part of it.	Sir W. Scott	Q79025	person	sex or gender	Q6581097	male
TheHarmonicon__1824-016.txt_129	In 1728, he ceded his privilege to M. Simard, who appointed M. Mouret the director of the music.	M. Mouret	Q960766	person	sex or gender	Q6581097	male
TheQuarterlyMusicalMagazineAndReview__1824-022.txt_2925	We beg to be understood that we do not allude to Dr. Clarke Whitfield, whose respectability forbids the possibility of any such imputation.	Dr. Clarke Whitfield	Q6226247	person	sex or gender	Q6581097	male
TheQuarterlyMusicalMagazineAndReview__1824-022.txt_1280	Gehring Jean Guillaume became master of the Chapel of Rudolstadt, after the death.of Gebel.	Gebel	Q472371	person	sex or gender	Q6581097	male
TheMusicalTimes__1876-402.txt_1698	On the eve of going to press we have received intelligence of the death of Mr. T. M. Mudie, one of the pupils originally elected on the foundation of the Royal Academy of Music.	Mr. T. M. Mudie	Q18577092	person	sex or gender	Q6581097	male
TheMusicalWorld__1843-036.txt_785	performed at Her Majestvy’s Theatre, dedicated, by special permission, to Her Royal Highness the Duchess of Cambridge.	Her Royal Highness	Q61328	person	sex or gender	Q6581072	female
TheMusicalTimes__1875-388.txt_2737	Baptiste Calkin, Boyton Smith, E. H. Thorne, W. G. Cusins, E. M. Delaborde, E. Silas, John Hullah, E. H. Turpin, Franz Nava, F. E. Gladstone, C. W. Lavington, J. E. Richardson, R. Forsey Brion, and J. Tilleard.	Baptiste Calkin	Q1449465	person	sex or gender	Q6581097	male
TheMusicalTimes__1875-388.txt_2737	Baptiste Calkin, Boyton Smith, E. H. Thorne, W. G. Cusins, E. M. Delaborde, E. Silas, John Hullah, E. H. Turpin, Franz Nava, F. E. Gladstone, C. W. Lavington, J. E. Richardson, R. Forsey Brion, and J. Tilleard.	Boyton Smith	Q110136517	person	sex or gender	Q6581097	male
TheMusicalTimes__1875-388.txt_2737	Baptiste Calkin, Boyton Smith, E. H. Thorne, W. G. Cusins, E. M. Delaborde, E. Silas, John Hullah, E. H. Turpin, Franz Nava, F. E. Gladstone, C. W. Lavington, J. E. Richardson, R. Forsey Brion, and J. Tilleard.	E. H. Thorne	Q5345615	person	sex or gender	Q6581097	male
TheMusicalTimes__1875-388.txt_2737	Baptiste Calkin, Boyton Smith, E. H. Thorne, W. G. Cusins, E. M. Delaborde, E. Silas, John Hullah, E. H. Turpin, Franz Nava, F. E. Gladstone, C. W. Lavington, J. E. Richardson, R. Forsey Brion, and J. Tilleard.	W. G. Cusins	Q4208355	person	sex or gender	Q6581097	male
TheMusicalTimes__1875-388.txt_2737	Baptiste Calkin, Boyton Smith, E. H. Thorne, W. G. Cusins, E. M. Delaborde, E. Silas, John Hullah, E. H. Turpin, Franz Nava, F. E. Gladstone, C. W. Lavington, J. E. Richardson, R. Forsey Brion, and J. Tilleard.	John Hullah	Q6253603	person	sex or gender	Q6581097	male
TheMusicalTimes__1875-388.txt_2737	Baptiste Calkin, Boyton Smith, E. H. Thorne, W. G. Cusins, E. M. Delaborde, E. Silas, John Hullah, E. H. Turpin, Franz Nava, F. E. Gladstone, C. W. Lavington, J. E. Richardson, R. Forsey Brion, and J. Tilleard.	F. E. Gladstone	Q5480836	person	sex or gender	Q6581097	male
TheQuarterlyMusicalMagazineAndReview__1828-037.txt_1669	Crescentini alone has adopted the method of the conservatory of Peris.	Crescentini	Q552124	person	sex or gender	Q6581097	male
DwightSJournalOfMusic__1868-012.txt_711	He was accompanied by the, French Ambassador, Prince de la Tour d’Auvergne, the Dake of Manchester, Mr. Mure, and other friends.	Prince de la Tour d’Auvergne	Q3132295	person	sex or gender	Q6581097	male
DwightSJournalOfMusic__1868-012.txt_711	He was accompanied by the, French Ambassador, Prince de la Tour d’Auvergne, the Dake of Manchester, Mr. Mure, and other friends.	Dake of Manchester	Q860041	person	sex or gender	Q6581097	male
TheHarmonicon__1828-001.txt_1556	The chairman was supported by Messrs. Clementi, J. B. Cramer, Braham and Moscheles.	Messrs. Clementi	Q193673	person	sex or gender	Q6581097	male
TheHarmonicon__1828-001.txt_1556	The chairman was supported by Messrs. Clementi, J. B. Cramer, Braham and Moscheles.	J. B. Cramer	Q455212	person	sex or gender	Q6581097	male
TheHarmonicon__1833-005.txt_1729	The principal new productions, besides Der Templer und die Jiidin, which particularly delighted the Jews, have been Die Fremde (La Straniera), of Bellini, Der Vampyr, of Marschner, and Zampa, of Herold.	Marschner	Q160063	person	sex or gender	Q6581097	male
TheHarmonicon__1833-005.txt_1729	The principal new productions, besides Der Templer und die Jiidin, which particularly delighted the Jews, have been Die Fremde (La Straniera), of Bellini, Der Vampyr, of Marschner, and Zampa, of Herold.	Herold	Q362639	person	sex or gender	Q6581097	male
TheQuarterlyMusicalMagazineAndReview__1828-037.txt_3478	Mr. De Beriot’s concerto had all his beautiful perfection — so smooth, so sweet, 80 brilliant, and in such exquisite taste.	Mr. De Beriot	Q385217	person	sex or gender	Q6581097	male
TheMusicalWorld__1843-029.txt_47	part with his never - failing ability, and M. Tolbeeque led the band.	M. Tolbeeque	Q2871419	person	sex or gender	Q6581097	male
TheHarmonicon__1832-012.txt_421	In the reign of Edward I., it again rose to eminence.	Edward I.	Q57798	person	sex or gender	Q6581097	male
TheQuarterlyMusicalMagazineAndReview__1825-025.txt_1526	Mestrino published twelve concertos for his instrument, which contain extremely beautiful solos..	Mestrino	Q1984708	person	sex or gender	Q6581097	male
TheMusicalTimes__1875-388.txt_1017	I can not thank you sufficiently for this splendid testimonial which you and other friends have just presented to me under this hospitable roof by the hands of Lord Dudley.	Lord Dudley	Q8019995	person	sex or gender	Q6581097	male
TheQuarterlyMusicalMagazineAndReview__1825-025.txt_1927	Cupis, the rival of Leclair, was considered as a very superior chamber violinist.	Cupis	Q1684628	person	sex or gender	Q6581097	male
TheQuarterlyMusicalMagazineAndReview__1825-025.txt_1927	Cupis, the rival of Leclair, was considered as a very superior chamber violinist.	Leclair	Q348875	person	sex or gender	Q6581097	male
DwightSJournalOfMusic__1875-006.txt_394	Anton Stradler, the clarinettist, for whom Mozart wrote his admirable quintet, was not ashamed to take unfair advantage of that generosity.	Anton Stradler	Q78623	person	sex or gender	Q6581097	male
TheQuarterlyMusicalMagazineAndReview__1825-025.txt_4028	Dr. Harington was greatly overcome by the scene, and could only exclaim, ‘She is an angel,’ as he left the room.	Dr. Harington	Q18671401	person	sex or gender	Q6581097	male
DwightSJournalOfMusic__1873-016.txt_1257	A committee of London gentlemen have issued a proposal for the representation of a series of ancient “Italian operas, to be given under the direction of “Signer -Monari	Signer -Monari	Q3680460	person	sex or gender	Q6581097	male
TheQuarterlyMusicalMagazineAndReview__1824-022.txt_1273	Gebauer Francois Réné was born at Veisailles, i in 1775.	Gebauer Francois Réné	Q96558	person	sex or gender	Q6581097	male
TheQuarterlyMusicalMagazineAndReview__1825-025.txt_166	Three Grand Sonatas for the Piano F orte, composed by Charles Ambrose eoeesereeeceens ee 104 XVI.	Charles Ambrose	Q5075106	person	sex or gender	Q6581097	male
TheMusicalTimes__1876-397.txt_1345	"the Duke of Edinburgh publicly announced that there was no intention, in founding this Institution, of interfering with the operations of the Royal Academy of Music; and that many other speakers, including Sir Julius Benedict, expressed their intention of supporting the new school as an ally, and not as a rival, of the older one."	Duke of Edinburgh	Q158143	person	sex or gender	Q6581097	male
TheMusicalTimes__1876-397.txt_1345	"the Duke of Edinburgh publicly announced that there was no intention, in founding this Institution, of interfering with the operations of the Royal Academy of Music; and that many other speakers, including Sir Julius Benedict, expressed their intention of supporting the new school as an ally, and not as a rival, of the older one."	Sir Julius Benedict	Q510435	person	sex or gender	Q6581097	male
TheMusicalWorld__1843-038.txt_641	The programme will contain a new piano - forte and violoncello sonata by Mendelssohn, to be performed by Bennett and Lucas.	Lucas	Q5080372	person	sex or gender	Q6581097	male
TheMusicalTimes__1876-402.txt_1207	Sir J. Goss, Mus. D., Cantab., C. Steggall, Mus. D., Cantab., and the Principal.	Sir J. Goss	Q345870	person	sex or gender	Q6581097	male
TheMusicalTimes__1876-402.txt_1207	Sir J. Goss, Mus. D., Cantab., C. Steggall, Mus. D., Cantab., and the Principal.	C. Steggall	Q5082654	person	sex or gender	Q6581097	male
DwightSJournalOfMusic__1873-016.txt_1105	who would insist upon the mountain's coming to Mahomet.	Mahomet	Q9458	person	sex or gender	Q6581097	male
TheMusicalTimes__1875-388.txt_1126	’s performance of the first Allegro and Andante of Rubinstein’s Violin Concerto in G, at the third concert, was in every respect admirable.	Rubinstein	Q87567	person	sex or gender	Q6581097	male
TheHarmonicon__1824-016.txt_1884	Wis Royal Highness the Duke of Cumberland, Thursday, March 4th, 1824.	Duke of Cumberland	Q162302	person	sex or gender	Q6581097	male
TheHarmonicon__1824-016.txt_2237	"Under the direction of His Grace the Archbishop of York, Wednesday, March 24th; 1824."	Archbishop of	Q3048710	person	sex or gender	Q6581097	male
TheMusicalTimes__1876-397.txt_2284	Mr. H. W. George presided at the harmonium, and Mr. J. Lunn conducted.	Mr. J. Lunn	Q16198956	person	sex or gender	Q6581097	male
TheMusicalWorld__1843-029.txt_43	The concert began with Auber’s pretty and sparkling overture to Les Diamans de la Cou-.	Auber	Q157672	person	sex or gender	Q6581097	male
DwightSJournalOfMusic__1873-016.txt_615	The conversation turned upon Gnecco’s comic duet, which Malibran sang so frequently and charmingly with Lablache.	Gnecco	Q1121021	person	sex or gender	Q6581097	male
DwightSJournalOfMusic__1873-016.txt_615	The conversation turned upon Gnecco’s comic duet, which Malibran sang so frequently and charmingly with Lablache.	Malibran	Q232783	person	sex or gender	Q6581072	female
DwightSJournalOfMusic__1873-016.txt_615	The conversation turned upon Gnecco’s comic duet, which Malibran sang so frequently and charmingly with Lablache.	Lablache	Q477681	person	sex or gender	Q6581097	male
TheMusicalTimes__1876-397.txt_3380	National Hymn, (with chorus), to celebrate the return of the Prince of Wales.	Prince of Wales	Q20875	person	sex or gender	Q6581097	male
TheMusicalTimes__1873-366.txt_350	This pointing of the Canticles is authorised by His Grace the Archbishop of York.	His Grace the Archbishop	Q377308	person	sex or gender	Q6581097	male
TheQuarterlyMusicalMagazineAndReview__1828-037.txt_1586	We also heard a superb Magnificat i in A minor by L. Leo, which seemed to us worthy of the composer..	L. Leo	Q316735	person	sex or gender	Q6581097	male
TheHarmonicon__1833-005.txt_1620	This was never heard of after the retreat of Mr. Waters to Calais.	Mr. Waters	Q16859200	person	sex or gender	Q6581097	male
TheMusicalTimes__1876-402.txt_423	For terms, apply to Mr. E. J. Bilton, Trinity College, Cambridge.	Mr. E. J. Bilton	Q110966934	person	sex or gender	Q6581097	male
TheQuarterlyMusicalMagazineAndReview__1825-025.txt_54	[ i Crociato, 373 Mayseder’s Compositions, 360, 310 Mazurka, 236 Melographicon, 409 Mengozzi, 345 Mestrino, 40.	Mayseder	Q672225	person	sex or gender	Q6581097	male
TheQuarterlyMusicalMagazineAndReview__1824-022.txt_1793	Fabio Constantini flourished about the year 1630, and ultimately became maestro at the chapel of Loretto.	Fabio Constantini	Q3737659	person	sex or gender	Q6581097	male
TheQuarterlyMusicalMagazineAndReview__1824-022.txt_3016	Book 8 opens witha composition in four parts, by Mr. Novello, of which the combined elegance and learning	Mr. Novello	Q2526705	person	sex or gender	Q6581097	male
TheMusicalWorld__1843-029.txt_472	M. Le- vassor will, moreover, sing two of his most popular chansonettes.	M. Le- vassor	Q3385954	person	sex or gender	Q6581097	male
TheQuarterlyMusicalMagazineAndReview__1825-025.txt_3429	"The Banks of Allan Water, arranged with an Introduction and Coda for the Piano Forte; by Cipriani Potter."	Cipriani Potter	Q1092737	person	sex or gender	Q6581097	male
TheMusicalTimes__1876-397.txt_1352	Mr. W. H.- Cummings, a most zealous musical antiquarian, as	W. H.- Cummings	Q3827349	person	sex or gender	Q6581097	male
TheQuarterlyMusicalMagazineAndReview__1828-037.txt_313	Three Easy Duets for Two Violoncellos, by F. W. Crouch -.... 254 XV.	F. W. Crouch	Q5497599	person	sex or gender	Q6581097	male
TheMusicalTimes__1875-388.txt_2219	Ebdon’s Magnificat and Nunc dimittis in C were admirably sung.	Ebdon	Q3525084	person	sex or gender	Q6581097	male
TheQuarterlyMusicalMagazineAndReview__1824-022.txt_1349	In 1763 he composed a grand cantata for the chapel of Sonderhausen, which was performed at a féte on the birth - day of the Prince of Swartzburg.	Prince of Swartzburg	Q832878	person	sex or gender	Q6581097	male
TheQuarterlyMusicalMagazineAndReview__1825-025.txt_1463	"He afterwards received further instructions from Saratelli, the predecessor of Galuppi;, as Chapel Master of St. Mark at Venice."	Saratelli	Q1522112	person	sex or gender	Q6581097	male
TheQuarterlyMusicalMagazineAndReview__1825-025.txt_1463	"He afterwards received further instructions from Saratelli, the predecessor of Galuppi;, as Chapel Master of St. Mark at Venice."	Galuppi	Q208338	person	sex or gender	Q6581097	male
TheMusicalTimes__1876-397.txt_1383	Mr. Manns deserves much credit for the introduction of this interesting composition.	Mr. Manns	Q4820769	person	sex or gender	Q6581097	male
TheQuarterlyMusicalMagazineAndReview__1826-029.txt_1158	These extracts are from Sir John Malcolm’ s Memoir of Central India.	Sir John Malcolm	Q1700959	person	sex or gender	Q6581097	male
TheMusicalWorld__1843-038.txt_822	Composed and Dedicated to MISS DOLBY, BY FELIX MENDELLSOAN BARTHOLDY.	MISS DOLBY	Q4164386	person	sex or gender	Q6581072	female
TheQuarterlyMusicalMagazineAndReview__1828-037.txt_2288	Subsequently, in consequence of Miss Paton’s illness, Madame Caradori Allan, Mademoiselle Brambilla, and Signor de Begnis.	Miss Paton	Q16888398	person	sex or gender	Q6581072	female
TheQuarterlyMusicalMagazineAndReview__1828-037.txt_2288	Subsequently, in consequence of Miss Paton’s illness, Madame Caradori Allan, Mademoiselle Brambilla, and Signor de Begnis.	Mademoiselle Brambilla	Q3984276	person	sex or gender	Q6581072	female
TheHarmonicon__1824-016.txt_1690	_ Salieri, the composer, is so seriously indisposed, that great doubts are entertained of his recovery.	Salieri	Q51088	person	sex or gender	Q6581097	male
TheHarmonicon__1832-012.txt_44	kins remarks, with more liberality, that Tudway was studious in his profession, and left behind him, in a letter to his son, an account of the music and musicians of his time, containing ‘many very curious particulars, and some facts which, but for him, must have been buried in oblivion.	Tudway	Q16704153	person	sex or gender	Q6581097	male
TheQuarterlyMusicalMagazineAndReview__1825-025.txt_567	The Sun on the Lake shines serene, composed by John Davy' 3.	John Davy	Q11928224	person	sex or gender	Q6581097	male
TheMusicalWorld__1843-038.txt_29	Braham gives an impressive example to all young aspirants after fame in his conduct in the orchestra.	Braham	Q5231664	person	sex or gender	Q6581097	male
TheQuarterlyMusicalMagazineAndReview__1826-029.txt_3485	"The Rose and the Lil ly; Trio, by Sir Fohn Stevenson, Mus."	Sir Fohn Stevenson	Q4442571	person	sex or gender	Q6581097	male
DwightSJournalOfMusic__1875-006.txt_414	"re;plied the old man, overwhelmed with confusion ‘ey the presence of the Chapeltaster of his Majesty the Emperor,"	his Majesty the Emperor	Q76555	person	sex or gender	Q6581097	male
TheQuarterlyMusicalMagazineAndReview__1824-022.txt_1267	Eichner died at the beginning a of the year 1777.	Eichner	Q473837	person	sex or gender	Q6581097	male
TheHarmonicon__1833-005.txt_38	His - next drama was Angelica, of which the plot is taken from Ariosto.	Ariosto	Q48900	person	sex or gender	Q6581097	male
TheHarmonicon__1824-016.txt_1731	Mehul's opera of Joseph and his Brethren, was lately given here, an opera that has now kept its place on the stage above fifteen years.	Mehul	Q364020	person	sex or gender	Q6581097	male
TheQuarterlyMusicalMagazineAndReview__1828-037.txt_3647	and an extra sum of (we believe) ten guineas for the aid of Mr. Pixis, her accompanist.	Mr. Pixis	Q571716	person	sex or gender	Q6581097	male
TheQuarterlyMusicalMagazineAndReview__1828-037.txt_353	"Songs from Fairy Land; the Poetry by Thomas Haynes CONTENTS No. XXXIX."	Thomas Haynes	Q7790528	person	sex or gender	Q6581097	male
DwightSJournalOfMusic__1873-016.txt_1056	Clara Schumann seems to have died of age, and not of sickness.	Clara Schumann	Q132232	person	sex or gender	Q6581072	female
TheHarmonicon__1828-001.txt_1179	"The work is also graced with several of the elegant songs of Thomas Campbell, and Lord Byron; and it contains the best songs of the olden time, and of Ramsay, Hamilton; Thomson, Smollett, Skinner, Macneill, Hogg, Cunningham, and many others."	Thomas Campbell	Q1361189	person	sex or gender	Q6581097	male
TheHarmonicon__1828-001.txt_1179	"The work is also graced with several of the elegant songs of Thomas Campbell, and Lord Byron; and it contains the best songs of the olden time, and of Ramsay, Hamilton; Thomson, Smollett, Skinner, Macneill, Hogg, Cunningham, and many others."	Lord Byron	Q5679	person	sex or gender	Q6581097	male
TheHarmonicon__1828-001.txt_1179	"The work is also graced with several of the elegant songs of Thomas Campbell, and Lord Byron; and it contains the best songs of the olden time, and of Ramsay, Hamilton; Thomson, Smollett, Skinner, Macneill, Hogg, Cunningham, and many others."	Hamilton	Q18671568	person	sex or gender	Q6581097	male
TheHarmonicon__1828-001.txt_1179	"The work is also graced with several of the elegant songs of Thomas Campbell, and Lord Byron; and it contains the best songs of the olden time, and of Ramsay, Hamilton; Thomson, Smollett, Skinner, Macneill, Hogg, Cunningham, and many others."	Thomson	Q5545192	person	sex or gender	Q6581097	male
TheHarmonicon__1828-001.txt_1179	"The work is also graced with several of the elegant songs of Thomas Campbell, and Lord Byron; and it contains the best songs of the olden time, and of Ramsay, Hamilton; Thomson, Smollett, Skinner, Macneill, Hogg, Cunningham, and many others."	Smollett	Q356283	person	sex or gender	Q6581097	male
TheHarmonicon__1828-001.txt_1179	"The work is also graced with several of the elegant songs of Thomas Campbell, and Lord Byron; and it contains the best songs of the olden time, and of Ramsay, Hamilton; Thomson, Smollett, Skinner, Macneill, Hogg, Cunningham, and many others."	Macneill	Q5696799	person	sex or gender	Q6581097	male
TheHarmonicon__1828-001.txt_1179	"The work is also graced with several of the elegant songs of Thomas Campbell, and Lord Byron; and it contains the best songs of the olden time, and of Ramsay, Hamilton; Thomson, Smollett, Skinner, Macneill, Hogg, Cunningham, and many others."	Hogg	Q941810	person	sex or gender	Q6581097	male
TheQuarterlyMusicalMagazineAndReview__1825-025.txt_22	"Ebers takes the King’s Theatre, 187; Letters to Garcia, 191 Emdin’s Duet, 258: English and Italian Tone,"	Ebers	Q6231101	person	sex or gender	Q6581097	male
TheQuarterlyMusicalMagazineAndReview__1825-025.txt_1910	M. Barriere has published four sets of quartets, and several Symphonies, concertos, trios, and duets.	M. Barriere	Q726908	person	sex or gender	Q6581097	male
DwightSJournalOfMusic__1873-016.txt_1073	Schumann came from the gymnasium to Leipzig in 1828, to study Jurisprudence	Schumann	Q7351	person	sex or gender	Q6581097	male
TheQuarterlyMusicalMagazineAndReview__1828-037.txt_655	it was accompanied ‘on the oboe (obligato) by N Mr. Parke..	Mr. Parke	Q18757223	person	sex or gender	Q6581097	male
TheHarmonicon__1824-016.txt_127	Philidor afterwards obtained permission to give this Concert Spirituel in the palace of the Tuileries, in the private theatre of which it continued to take place annually for many years.	Philidor	Q362339	person	sex or gender	Q6581097	male
TheMusicalWorld__1843-029.txt_175	La Prisonniere, another comic opera in one act, of which Boieldieu had written the greater part, had a better fate: this work was plaved at the Theatre Montausier, on the 12th of September of the same year.	Boieldieu	Q109875	person	sex or gender	Q6581097	male
TheMusicalWorld__1843-029.txt_477	Mr. Joseph Calkin made his debut in public very successfully, and sang a poor song by Mercadante with much energy and. taste.	Mercadante	Q313980	person	sex or gender	Q6581097	male
TheHarmonicon__1824-016.txt_232	Extract of a Letter from M. Siismayer, Kapelmeister at Vienna, to Messrs. Breitkopf and Haertel, dated Sept. 8, 1800..	M. Siismayer	Q310518	person	sex or gender	Q6581097	male
TheHarmonicon__1824-016.txt_232	Extract of a Letter from M. Siismayer, Kapelmeister at Vienna, to Messrs. Breitkopf and Haertel, dated Sept. 8, 1800..	Breitkopf	Q55902416	person	sex or gender	Q6581097	male
TheHarmonicon__1824-016.txt_232	Extract of a Letter from M. Siismayer, Kapelmeister at Vienna, to Messrs. Breitkopf and Haertel, dated Sept. 8, 1800..	Haertel	Q1419801	person	sex or gender	Q6581097	male
TheQuarterlyMusicalMagazineAndReview__1826-029.txt_776	We may now quit I Purcell and come » down toa period a little later.	Purcell	Q9695	person	sex or gender	Q6581097	male
TheQuarterlyMusicalMagazineAndReview__1828-037.txt_1532	In the soirees of the Princess Belmonte Spinelli, which take place.	Princess Belmonte Spinelli	Q23010905	person	sex or gender	Q6581072	female
TheMusicalTimes__1875-388.txt_1115	Mr. Sims Reeves made a genuine hit in Arthur Sullivan’s song,	Mr. Sims Reeves	Q7521239	person	sex or gender	Q6581097	male
TheMusicalWorld__1844-006.txt_980	"Mr. Sams, St. James's Street; and at M. Jullien’s office, 3, Maddox Street, Bond Street."	M. Jullien	Q660539	person	sex or gender	Q6581097	male
TheHarmonicon__1828-001.txt_1782	We have had a French opera, at the head of which was M. ‘Nourrit, first tenor of the Academie Royale de Musique.	M. ‘ Nourrit	Q634623	person	sex or gender	Q6581097	male
TheHarmonicon__1833-005.txt_383	In short, we may say, that to hear such an opera as La Gazza Ladra performed by such singers as Rubini, Tamburini, Lablache, Graziani, Malibran, and Mariano, is the perfection of dramatic music.	Tamburini	Q605376	person	sex or gender	Q6581097	male
TheHarmonicon__1828-001.txt_1069	adapted to the Airs, including upwards of ONE Hunprep Sones dy Burns.	Burns	Q81960	person	sex or gender	Q6581097	male
TheQuarterlyMusicalMagazineAndReview__1824-022.txt_1252	At some concerts, at the Feydeau, i in 1794, he executed some concerted symphonies of Devienne’s Sy with M. Huguot, Frederic and Charles Duvernoy.	Charles Duvernoy	Q1064184	person	sex or gender	Q6581097	male
TheMusicalTimes__1876-397.txt_2165	The programme included some favourite songs, and Balfe’s duet	Balfe	Q434171	person	sex or gender	Q6581097	male
TheMusicalWorld__1844-006.txt_843	I composed these variations to a Theme which had already been varied by Paganini, I had no intention of publishing them.	Paganini	Q66075	person	sex or gender	Q6581097	male
TheMusicalTimes__1876-402.txt_1235	H. R. Eyers, Walter Fitton, S. Kemp, Arthur O’ Leary, Harold Thomas, Brinley Richards, Frederick Westlake, T. Wingham, and the Principal.	Arthur O’ Leary	Q17984779	person	sex or gender	Q6581097	male
TheMusicalTimes__1876-402.txt_1235	H. R. Eyers, Walter Fitton, S. Kemp, Arthur O’ Leary, Harold Thomas, Brinley Richards, Frederick Westlake, T. Wingham, and the Principal.	Frederick Westlake	Q18546502	person	sex or gender	Q6581097	male
TheMusicalTimes__1873-366.txt_1044	In one of her most eloquent passages, Charlotte Bronté said: —	Charlotte Bronté	Q127332	person	sex or gender	Q6581072	female
DwightSJournalOfMusic__1873-016.txt_1086	Schumann was giving concerts there in Dresden with Joachim, the great. violinist.	Joachim	Q159976	person	sex or gender	Q6581097	male
TheHarmonicon__1828-001.txt_969	It is copied from the original, in the hand - writing of the composer, and which, if we are rightly informed, is now - in the possession- of M. Schlesinger, the wellknown music - seller, at Paris.	M. Schlesinger	Q70457	person	sex or gender	Q6581097	male
TheQuarterlyMusicalMagazineAndReview__1825-025.txt_1509	This is the most important of Cimador’s Ss arrarigements.	Cimador	Q3762403	person	sex or gender	Q6581097	male
TheQuarterlyMusicalMagazineAndReview__1825-025.txt_1934	Antoine Barthelemi Bruni was born at Coni, in Piedmont, in 1752, and was a very distinguished violinist.	Antoine Barthelemi Bruni	Q599823	person	sex or gender	Q6581097	male
TheMusicalWorld__1844-006.txt_54	— though it was excellently well performed by Phillips, Hill, and Severn.	Phillips	Q18671452	person	sex or gender	Q6581097	male
TheQuarterlyMusicalMagazineAndReview__1824-022.txt_1561	Perluigi da Palestrina was born in the year 1529, at Palestrina, the Preeneste of the antients: he is stated by.	Perluigi da Palestrina	Q179277	person	sex or gender	Q6581097	male
TheMusicalTimes__1876-397.txt_2270	The musical arrangements were under the direction of the organist and choirmaster of the parish church, Mr. J. V, Roberts, Mus, Bac.	Mr. J. V , Roberts	Q56183619	person	sex or gender	Q6581097	male
TheQuarterlyMusicalMagazineAndReview__1824-022.txt_2537	* Sento oh Dio” — Madame Ronzi de Begnis, Miss Stephens, Signor Garcia, Signor de Begnis, and Mr. oo Phillips	Madame Ronzi de Begnis	Q3266332	person	sex or gender	Q6581072	female
TheHarmonicon__1828-001.txt_195	- Dittersdorf’s music to the Doctor and Apothecary, a drama translated and prepared for the stage by Mr. Cobb.	Dittersdorf	Q78522	person	sex or gender	Q6581097	male
TheHarmonicon__1828-001.txt_195	- Dittersdorf’s music to the Doctor and Apothecary, a drama translated and prepared for the stage by Mr. Cobb.	Mr. Cobb	Q6131504	person	sex or gender	Q6581097	male
TheHarmonicon__1828-001.txt_186	In March 1787, Storace, with his sister, returned to England.	Storace	Q2369747	person	sex or gender	Q6581097	male
TheMusicalTimes__1875-388.txt_2146	-The programme comprised selections from the works of Bach, Haydn, Mendelssohn, Bennett, Guilmant, Martini, & c., all of which were excellently	Guilmant	Q350359	person	sex or gender	Q6581097	male
TheQuarterlyMusicalMagazineAndReview__1828-037.txt_1714	Louis Capotorti — who passes for a harmonist of Durante’ Ss.	Louis Capotorti	Q17992489	person	sex or gender	Q6581097	male
TheQuarterlyMusicalMagazineAndReview__1828-037.txt_1714	Louis Capotorti — who passes for a harmonist of Durante’ Ss.	Durante	Q314221	person	sex or gender	Q6581097	male
TheQuarterlyMusicalMagazineAndReview__1826-029.txt_2202	Mr. Hummel’s rondo is a spirited piece, completely in the German style of composition.	Mr. Hummel	Q151953	person	sex or gender	Q6581097	male
TheQuarterlyMusicalMagazineAndReview__1828-037.txt_1638	Furno, who fills this post, is equally active and skilful.	Furno	Q555808	person	sex or gender	Q6581097	male
TheMusicalTimes__1876-397.txt_1014	On this point, we learn a curious fact from Dr. Chrysander.	Dr. Chrysander	Q65274	person	sex or gender	Q6581097	male
TheMusicalTimes__1876-402.txt_1109	Out of the 626 works given in Kéchel’s Catalogue, about 540 will be included in this edition, the remainder being either lost, not quite com - plete, or of doubtful authenticity.	Kéchel	Q78529	person	sex or gender	Q6581097	male
TheMusicalWorld__1843-029.txt_350	"Miss Groom, Miss Flower, and Miss Cubitt; Mr. White, Mr. Giubilei, and Mr. John Parry."	Mr. John Parry	Q6251987	person	sex or gender	Q6581097	male
TheQuarterlyMusicalMagazineAndReview__1826-029.txt_514	"Song, composed by Signor de Beguis; the words by Eugenius Roche Esq."	Eugenius Roche	Q17015704	person	sex or gender	Q6581097	male
TheMusicalTimes__1876-402.txt_2241	"The programme consisted of Mozart's String Quintett in C major; Haydn's Variations on the Austrian Hymn; Regondi’s us."	Regondi	Q981612	person	sex or gender	Q6581097	male
TheMusicalTimes__1876-402.txt_1158	The concert was conducted by Mr. Walter Macfarren with his usual judgment and precision.	Mr. Walter Macfarren	Q18954633	person	sex or gender	Q6581097	male
TheQuarterlyMusicalMagazineAndReview__1825-025.txt_2008	It is written in Italian, by Stefano Arteaga, a Spaniard and an ex - Jesuit.	Stefano Arteaga	Q3972360	person	sex or gender	Q6581097	male
TheMusicalWorld__1843-036.txt_571	M. Danjou, organist of Notre Dame, at Paris, has recently discovered in the church of Soliez Ville, in the department of the Var, an organ built so far back as the year 1450.	M. Danjou	Q444728	person	sex or gender	Q6581097	male
TheQuarterlyMusicalMagazineAndReview__1824-022.txt_1755	Since that period, Dr. Burney obtained two copies of it while in Italy — one from the Padre Martini, who possessed one himself, and the other from Signor Santar elli.	Signor Santar elli	Q5565524	person	sex or gender	Q6581097	male
TheMusicalTimes__1873-366.txt_1780	He was for many years the usical eptor of the family of the late King Louis ippe, of France.	King Louis ippe	Q7771	person	sex or gender	Q6581097	male
TheQuarterlyMusicalMagazineAndReview__1825-025.txt_528	Books 1 and 2 of Cottage Divertimentos for the Piano Forte, by P. A. Corri 3.	P. A. Corri	Q7183128	person	sex or gender	Q6581097	male
TheQuarterlyMusicalMagazineAndReview__1824-022.txt_1251	Delcambre Thomas, pupil of M. Ozi, professor of the bassoon ce2	Delcambre Thomas	Q55836534	person	sex or gender	Q6581097	male
TheQuarterlyMusicalMagazineAndReview__1824-022.txt_1251	Delcambre Thomas, pupil of M. Ozi, professor of the bassoon ce2	M.	Q289996	person	sex or gender	Q6581097	male
TheQuarterlyMusicalMagazineAndReview__1825-025.txt_2117	Immediately in their footsteps appeared those great harmonists Gaetano Greco, Albinoni Caldara,	Gaetano Greco	Q1339827	person	sex or gender	Q6581097	male
TheQuarterlyMusicalMagazineAndReview__1825-025.txt_2117	Immediately in their footsteps appeared those great harmonists Gaetano Greco, Albinoni Caldara,	Albinoni	Q174606	person	sex or gender	Q6581097	male
TheQuarterlyMusicalMagazineAndReview__1825-025.txt_2117	Immediately in their footsteps appeared those great harmonists Gaetano Greco, Albinoni Caldara,	Caldara	Q311571	person	sex or gender	Q6581097	male
TheMusicalTimes__1876-402.txt_1680	The honour of a musical doctorate has been but seldom granted by the University of Durham, one of the last to receive this distinction having been the late lamented Dr. Dykes.	Dr. Dykes	Q3269824	person	sex or gender	Q6581097	male
TheQuarterlyMusicalMagazineAndReview__1826-029.txt_3253	M. Choron has however re - embodied the bulk of his examples in his “Principes de Composition.	M. Choron	Q1392901	person	sex or gender	Q6581097	male
The Harmonicon_1828-005_ms_1	An unfortunate intrigue with a lady of royal birth, having obliged Jarnowick to quit France @ la sourdine, in the year 1780, his situation was filled by the incomparable Viotti, whom the author of Les Jardins, Delille, used to call the “Pindar of the Violin.”	Delille	Q981922	person	sex or gender	Q6581097	male
The_Quarterly_Musical_Magazine_And_Review_ms_1826-030_4_	Miss Sterling, a young Jady not more than 17 years of age, a pupil of Mr. Neate, played Mr. Moscheles’ fantasia on. the air, “du clair de la lune,” with such uncommon brilliancy of finger and excellence of style as to do equal honour to her own industry, and to the care even of so fine a master as Mr. Neate.	Mr. Neate	Q18526894	person	sex or gender	Q6581097	male
The_Musical_Times_ms_1896-646_2_	The foundation of the Church Orchestral Society, by the Honourable Richard Strutt, and the hearty support given it by Sir John Stainer, has furthered i m great measure this desirable movement, and its. progress has been assisted in no small degree by the individual efforts. of organists, whose endeavours deserve cordial: commendation.	the Honourable Richard Strutt	Q75270792	person	sex or gender	Q6581097	male
The_Musical_Times_ms_1896-646_2_	The foundation of the Church Orchestral Society, by the Honourable Richard Strutt, and the hearty support given it by Sir John Stainer, has furthered i m great measure this desirable movement, and its. progress has been assisted in no small degree by the individual efforts. of organists, whose endeavours deserve cordial: commendation.	Sir John Stainer	Q1388550	person	sex or gender	Q6581097	male
The_Musical_Times_ms_1896-646_3_	We advisedly say “our”! distinguished pianist, because forty - five years of residence in this country, and of unbroken hard work in our English schools of music, the Royal Academy, Royal College, Guildhall School, and the tentative National Training School entitle Mr. Pauer to the citizenship of our land as well as the gratitude of all those who know how important and. widespread his influence has been.	Mr. Pauer	Q79183	person	sex or gender	Q6581097	male
The_Musical_World_ms_1855-025_1_	John of Procida was among the most active leaders in this revolt, and his name and exploits, forming the theme of many a poem and romance, have now been celebrated by MM. Scribe and Verdi in the opera of Les Vépres Siciliennes.	John of Procida	Q1227361	person	sex or gender	Q6581097	male
The_Musical_World_ms_1855-025_1_	John of Procida was among the most active leaders in this revolt, and his name and exploits, forming the theme of many a poem and romance, have now been celebrated by MM. Scribe and Verdi in the opera of Les Vépres Siciliennes.	Scribe	Q319261	person	sex or gender	Q6581097	male
The_Musical_World_ms_1855-025_1_	John of Procida was among the most active leaders in this revolt, and his name and exploits, forming the theme of many a poem and romance, have now been celebrated by MM. Scribe and Verdi in the opera of Les Vépres Siciliennes.	Verdi	Q7317	person	sex or gender	Q6581097	male
Dwight's Journal of Music_1857-001_ms_3	Nevertheless, the house was crowded, and the performances, consisting of a miscellaneous concert. by the orchestra, Thalberg, d’Angri, and various German singing societies, (the best of which, however, had withdrawn their servi, ces in view of the above - mentioned condition), and the first act of Fidelio.	Thalberg	Q347871	person	sex or gender	Q6581097	male
Dwight's Journal of Music_1857-001_ms_3	Nevertheless, the house was crowded, and the performances, consisting of a miscellaneous concert. by the orchestra, Thalberg, d’Angri, and various German singing societies, (the best of which, however, had withdrawn their servi, ces in view of the above - mentioned condition), and the first act of Fidelio.	d’Angri	Q5358988	person	sex or gender	Q6581072	female
Dwight's Journal of Music_1855-002_ms_3	"Below Schandau you pass the bold promontory of Schramstein, close sunder the fortified heights of Pfaffenstein, and ‘Konigstein with its impregnable fortress — against whose walls Napoleon battered: in vain — thence on, through a wild country of tale - telling tradition, “thé cradle of gnomes and. kobolds,”’ till, at length, near Dresden you emerge among thriving. Villages and cultivated fields; like the exit, on the. Neckar, from the vallies of Odenwald upon the plains of the Rhine at Heidelberg."	Napoleon	Q517	person	sex or gender	Q6581097	male
The_Quarterly_Musical_Magazine_And_Review_ms_1826-030_5_	Until the appearance of Lully’s overtures such a prelude was never thought of, and what is even more singular, by their novelty and excellence, they continued for a long time to hold their place and pre - eminence, and were played before operas composed by Vinci, Leo, and Pergolesi, nearly a century after the date of their original production.	Vinci	Q29577	person	sex or gender	Q6581097	male
The_Quarterly_Musical_Magazine_And_Review_ms_1826-030_5_	Until the appearance of Lully’s overtures such a prelude was never thought of, and what is even more singular, by their novelty and excellence, they continued for a long time to hold their place and pre - eminence, and were played before operas composed by Vinci, Leo, and Pergolesi, nearly a century after the date of their original production.	Pergolesi	Q185312	person	sex or gender	Q6581097	male
Dwight's Journal of Music_1854-002_ms_2	"His brightest years were those divided betwixt London and Paris, < when he formed one of the quartet - with Madame Grisi, Signori Lablache and Tamburini; his most luerdtive | professional’ days were possibly those last ones spent in St. Petersburgh, where H- M. the - Czar, to do him honor, made him Colonel of a regiment."	Czar	Q130734	person	sex or gender	Q6581097	male
The_Musical_World__ms_1844-005_2_	Would the students in the London University be satisfied with Professor Morgan, if, in what he designated a course of lectures on Mathematics, he were content to regale them with a narrative of the life and adventures of Hermogenes — the birth and parentage of Euclid — the amours and idiosyncracies of Cardan the burning alive of Giordano Bruno and Vanini the simplicity and ingenious nature of the moral character of Spinoza — or the interesting peculiarities of Sir Isaac Newton’s dog?	Professor Morgan	Q208448	person	sex or gender	Q6581097	male
The_Musical_World__ms_1844-005_2_	Would the students in the London University be satisfied with Professor Morgan, if, in what he designated a course of lectures on Mathematics, he were content to regale them with a narrative of the life and adventures of Hermogenes — the birth and parentage of Euclid — the amours and idiosyncracies of Cardan the burning alive of Giordano Bruno and Vanini the simplicity and ingenious nature of the moral character of Spinoza — or the interesting peculiarities of Sir Isaac Newton’s dog?	Hermogenes	Q1336424	person	sex or gender	Q6581097	male
The_Musical_World__ms_1844-005_2_	Would the students in the London University be satisfied with Professor Morgan, if, in what he designated a course of lectures on Mathematics, he were content to regale them with a narrative of the life and adventures of Hermogenes — the birth and parentage of Euclid — the amours and idiosyncracies of Cardan the burning alive of Giordano Bruno and Vanini the simplicity and ingenious nature of the moral character of Spinoza — or the interesting peculiarities of Sir Isaac Newton’s dog?	Euclid	Q8747	person	sex or gender	Q6581097	male
The_Musical_World__ms_1844-005_2_	Would the students in the London University be satisfied with Professor Morgan, if, in what he designated a course of lectures on Mathematics, he were content to regale them with a narrative of the life and adventures of Hermogenes — the birth and parentage of Euclid — the amours and idiosyncracies of Cardan the burning alive of Giordano Bruno and Vanini the simplicity and ingenious nature of the moral character of Spinoza — or the interesting peculiarities of Sir Isaac Newton’s dog?	Cardan	Q184530	person	sex or gender	Q6581097	male
The_Musical_World__ms_1844-005_2_	Would the students in the London University be satisfied with Professor Morgan, if, in what he designated a course of lectures on Mathematics, he were content to regale them with a narrative of the life and adventures of Hermogenes — the birth and parentage of Euclid — the amours and idiosyncracies of Cardan the burning alive of Giordano Bruno and Vanini the simplicity and ingenious nature of the moral character of Spinoza — or the interesting peculiarities of Sir Isaac Newton’s dog?	Giordano Bruno	Q36330	person	sex or gender	Q6581097	male
The_Musical_World__ms_1844-005_2_	Would the students in the London University be satisfied with Professor Morgan, if, in what he designated a course of lectures on Mathematics, he were content to regale them with a narrative of the life and adventures of Hermogenes — the birth and parentage of Euclid — the amours and idiosyncracies of Cardan the burning alive of Giordano Bruno and Vanini the simplicity and ingenious nature of the moral character of Spinoza — or the interesting peculiarities of Sir Isaac Newton’s dog?	Vanini	Q553128	person	sex or gender	Q6581097	male
The_Musical_World__ms_1844-005_2_	Would the students in the London University be satisfied with Professor Morgan, if, in what he designated a course of lectures on Mathematics, he were content to regale them with a narrative of the life and adventures of Hermogenes — the birth and parentage of Euclid — the amours and idiosyncracies of Cardan the burning alive of Giordano Bruno and Vanini the simplicity and ingenious nature of the moral character of Spinoza — or the interesting peculiarities of Sir Isaac Newton’s dog?	Spinoza	Q35802	person	sex or gender	Q6581097	male
The_Musical_World__ms_1844-005_2_	Would the students in the London University be satisfied with Professor Morgan, if, in what he designated a course of lectures on Mathematics, he were content to regale them with a narrative of the life and adventures of Hermogenes — the birth and parentage of Euclid — the amours and idiosyncracies of Cardan the burning alive of Giordano Bruno and Vanini the simplicity and ingenious nature of the moral character of Spinoza — or the interesting peculiarities of Sir Isaac Newton’s dog?	Sir Isaac Newton	Q935	person	sex or gender	Q6581097	male
the_Musical_Times_ms_1895-634_3_	The rumour that the Church Choral Society will not sing this season has received recent confirmation, and this, if true, will leave the field in New York for choruses of moderate size open to the Musical Art Society (under Mr. Frank Damrosch), the New York Musical Society (under Mr. Dossert), and the new Harlem Oratorio Society.	Mr. Frank Damrosch	Q962237	person	sex or gender	Q6581097	male
The Harmonicon_1823-002_ms_3	La Clemenza di Tito was the first, in which‘a French lady, under the riame of Signora Clarini, took the part of Servilia, and a Madame’ Graziani filled the character ef Annio, both of which were massacred in their hands, and the whole opera necessarily partook in the - ruin.	Servilia	Q63534091	person	sex or gender	Q6581072	female
The Harmonicon_1823-002_ms_3	La Clemenza di Tito was the first, in which‘a French lady, under the riame of Signora Clarini, took the part of Servilia, and a Madame’ Graziani filled the character ef Annio, both of which were massacred in their hands, and the whole opera necessarily partook in the - ruin.	Annio	Q63534077	person	sex or gender	Q6581097	male
The_Quarterly_Musical_Magazine_And_Review_ms_1827-022_2_	Both however appeared we believe at last at Dr. Crotch’s, though. but for the very kind assistance of Madame Caradori, the poor Doctor would have had no little difficulty in - getting his Pavestine per- formed, notwithstanding it had been so long separately and specially announced that both Miss Stephens and Miss Paton were engaged to sing in it.	Dr. Crotch	Q718709	person	sex or gender	Q6581097	male
the_Musical_Times_ms_1896-635_12_	The principal novelty of the Concert on the 1st ult. was “La Naissance de Venus,’ scéne mythologique, by M. Paul Collin, set to music by M. G. Fauré, an important work carefully scored, but wanting in the charm to which this.graceful composer has accustomed us.	M. Paul Collin	Q3370911	person	sex or gender	Q6581097	male
the_Musical_Times_ms_1896-635_12_	The principal novelty of the Concert on the 1st ult. was “La Naissance de Venus,’ scéne mythologique, by M. Paul Collin, set to music by M. G. Fauré, an important work carefully scored, but wanting in the charm to which this.graceful composer has accustomed us.	M. G. Fauré	Q104919	person	sex or gender	Q6581097	male
The Harmonicon_1827-002_ms_2	The productions of Tallis, Birde, Morley, and Farrant, of Gibbons and Child, of Blow and Purcell, of Croft, Greene, Boyce, Nares, and we might add others, are not only excellent qguoad compositions, but equally perfect as forming a part of our religious worship: they never for a moment lose the true devotional character, though their difference from each other, in many respects, is as wide as the several periods at which they were written.	Tallis	Q207789	person	sex or gender	Q6581097	male
The Harmonicon_1827-002_ms_2	The productions of Tallis, Birde, Morley, and Farrant, of Gibbons and Child, of Blow and Purcell, of Croft, Greene, Boyce, Nares, and we might add others, are not only excellent qguoad compositions, but equally perfect as forming a part of our religious worship: they never for a moment lose the true devotional character, though their difference from each other, in many respects, is as wide as the several periods at which they were written.	Birde	Q208375	person	sex or gender	Q6581097	male
The Harmonicon_1827-002_ms_2	The productions of Tallis, Birde, Morley, and Farrant, of Gibbons and Child, of Blow and Purcell, of Croft, Greene, Boyce, Nares, and we might add others, are not only excellent qguoad compositions, but equally perfect as forming a part of our religious worship: they never for a moment lose the true devotional character, though their difference from each other, in many respects, is as wide as the several periods at which they were written.	Morley	Q438141	person	sex or gender	Q6581097	male
The Harmonicon_1827-002_ms_2	The productions of Tallis, Birde, Morley, and Farrant, of Gibbons and Child, of Blow and Purcell, of Croft, Greene, Boyce, Nares, and we might add others, are not only excellent qguoad compositions, but equally perfect as forming a part of our religious worship: they never for a moment lose the true devotional character, though their difference from each other, in many respects, is as wide as the several periods at which they were written.	Farrant	Q7325622	person	sex or gender	Q6581097	male
The Harmonicon_1827-002_ms_2	The productions of Tallis, Birde, Morley, and Farrant, of Gibbons and Child, of Blow and Purcell, of Croft, Greene, Boyce, Nares, and we might add others, are not only excellent qguoad compositions, but equally perfect as forming a part of our religious worship: they never for a moment lose the true devotional character, though their difference from each other, in many respects, is as wide as the several periods at which they were written.	Blow	Q311110	person	sex or gender	Q6581097	male
The Harmonicon_1827-002_ms_2	The productions of Tallis, Birde, Morley, and Farrant, of Gibbons and Child, of Blow and Purcell, of Croft, Greene, Boyce, Nares, and we might add others, are not only excellent qguoad compositions, but equally perfect as forming a part of our religious worship: they never for a moment lose the true devotional character, though their difference from each other, in many respects, is as wide as the several periods at which they were written.	Croft	Q1236164	person	sex or gender	Q6581097	male
The Harmonicon_1827-002_ms_2	The productions of Tallis, Birde, Morley, and Farrant, of Gibbons and Child, of Blow and Purcell, of Croft, Greene, Boyce, Nares, and we might add others, are not only excellent qguoad compositions, but equally perfect as forming a part of our religious worship: they never for a moment lose the true devotional character, though their difference from each other, in many respects, is as wide as the several periods at which they were written.	Greene	Q615819	person	sex or gender	Q6581097	male
The Harmonicon_1827-002_ms_2	The productions of Tallis, Birde, Morley, and Farrant, of Gibbons and Child, of Blow and Purcell, of Croft, Greene, Boyce, Nares, and we might add others, are not only excellent qguoad compositions, but equally perfect as forming a part of our religious worship: they never for a moment lose the true devotional character, though their difference from each other, in many respects, is as wide as the several periods at which they were written.	Boyce	Q313152	person	sex or gender	Q6581097	male
The Harmonicon_1827-002_ms_2	The productions of Tallis, Birde, Morley, and Farrant, of Gibbons and Child, of Blow and Purcell, of Croft, Greene, Boyce, Nares, and we might add others, are not only excellent qguoad compositions, but equally perfect as forming a part of our religious worship: they never for a moment lose the true devotional character, though their difference from each other, in many respects, is as wide as the several periods at which they were written.	Nares	Q463998	person	sex or gender	Q6581097	male
The_Musical_World__ms_1843-042_3_	The rest of the concert was made up ofan exhibition on the violoncello, during which the “veteran” delighted us with “Polly put the kettle on’ — some sentimentalities by Bellini, Pacini and Zingarelli, and the worn out terzetto from Il Matrimonio Segretto, which by this time I am quite tired of, thongh Miss Marshall, Mrs. Shaw and Mrs. Bushe did it ample justice, as far as singing went — I say nothing about acting.	Zingarelli	Q505202	person	sex or gender	Q6581097	male
The Harmonicon_1832-006_ms_3	In the twenty - fifth number of our new series (January 1830), appeared a review of a work of great science, learning, and merit, under the title of Instructions to my Daughter for Playing on the Enharmonic Guitar, written by Lieutenant - Colonel Perronet.	Lieutenant - Colonel Perronet	Q4670375	person	sex or gender	Q6581097	male
The_Musical_World__ms_1845-029_2_	"We may mention as a remarkable circumstance, that on the evening of the night on which he was born, his mother, notwithstanding the delicacy of her situation, was induced to go to a concert given by Paganini at the Teatro Santo Augustino in Genoa; when the performance of the great Maestro produced such an effect on her mind and nerves as to precipitate her accouchement, and the young Sivori came into the world somewhat before his time."	Sivori	Q1029423	person	sex or gender	Q6581097	male
the_Musical_Times_ms_1896-635_6_	At a second Advent Service, on the 12th ult., the “Last Judgment” of Spohr was. given, but without an orchestra, its place being filled at the organ as efficiently as it could be by Mr. G. R. Sinclair, the organist of Hereford Cathedral.	Mr. G. R. Sinclair	Q5543957	person	sex or gender	Q6581097	male
The Harmonicon_1826-048_ms_4	"Two of these compositions have been published, and are as follows: — Morgengruss an Goethe, & y., (Morning Salutation to Goéthe on his Birth - day); the poetry by F. W. Riemar, the music for two sopranos, tenor and basy by C. Eberwein, with an aceompaniment for the piano, (Bpth in score, andin parts.)"	C. Eberwein	Q216234	person	sex or gender	Q6581097	male
The Harmonicon_1830-003_ms_2	"Madame Kraus - Wranisky is a singer superior to Madame Seidler, both in power and expression, although she is occasionally defective in execution; and, spite of a homely look and large person, does every thing with a grace and dignity strongly reminding me of Pasta."	Madame Kraus - Wranisky	Q55895823	person	sex or gender	Q6581072	female
The Harmonicon_1830-003_ms_2	"Madame Kraus - Wranisky is a singer superior to Madame Seidler, both in power and expression, although she is occasionally defective in execution; and, spite of a homely look and large person, does every thing with a grace and dignity strongly reminding me of Pasta."	Madame Seidler	Q6373188	person	sex or gender	Q6581072	female
The_Quarterly_Musical_Magazine_And_Review_ms_1827-036_2_	"As a prima donna, Mademoiselle Lalande reminds me of Madame: Ronzi di Begnis in the force andenergy of her style; but, with an equality of talent as a musician and a charming person, as an actress she falls far short in the comparison."	Mademoiselle Lalande	Q3132487	person	sex or gender	Q6581072	female
The_Musical_Times_ms_1905-754_9_	The Choral Society opened its sixteenth season in the Drill Hall on November 2 with a complete Elgar programme: ‘The Black Knight,’ ‘The Banner of St. George,’ ‘Imperial March,’ ‘In Hammersbach’ (from ‘The Bavarian Highlands’), and the ‘Pomp and Circumstance’ March No. 1.	Elgar	Q179631	person	sex or gender	Q6581097	male
Dwight's Journal of Music_1852-019_ms_2	"From evounds ‘of reflection, the Opera Seria; to which he had paid the tribute of - his youth, accompanied by thé most brilliant suc“cess, in Italy, disgusted him; and he began to reflect radically upon the conditions.of lyric I al tragedy, triéd to bring them ‘into application in his Orfeo, and developed them in writing in the { L preface to his Aleeste, which he dedicated to the ii grand * duke of Tuscany."	grand * duke of Tuscany	Q151321	person	sex or gender	Q6581097	male
The_Musical_World__ms_1844-005_1_	We read, in a cotemporary, some cogent observations in reply to the “Morning Post,” on the subject of the Professorship, which we transfer, in part, to our pages: — were to dilate profusely on the Mystéres de Parts of our worthy friend Eugéne Sue, and the profound morality of Soulié’s Memoires du Diable — what would be the result?	Eugéne Sue	Q315220	person	sex or gender	Q6581097	male
The_Musical_World__ms_1844-005_1_	We read, in a cotemporary, some cogent observations in reply to the “Morning Post,” on the subject of the Professorship, which we transfer, in part, to our pages: — were to dilate profusely on the Mystéres de Parts of our worthy friend Eugéne Sue, and the profound morality of Soulié’s Memoires du Diable — what would be the result?	Soulié	Q2031275	person	sex or gender	Q6581097	male
The_Musical_World__ms_1843-042_1_	"Miss Marshall won golden opinions by her charming delivery of Gluck’s “Che faro,” and Miss Birch, sang the superb “Ah perfido” of Beethoven better than I have ever heard it sung, except by Malibran; in the ranting air (with violin obligato) from Paer’s dull opera of Griselda, Miss Birch was no less successful, but, from the inferior nature of the composition, much less agreeable."	Gluck	Q130759	person	sex or gender	Q6581097	male
the_Musical_Times_ms_1884-493_1_	"At who think with us that the selection of operatic works for performance in any country should not be bounded by geographical restrictions, can not but feel gratifled that the lessee of the Royal Italian Opera no longer confines himself to the creations of foreign composers; but, welcoming good music wherever it can be found, has chosen Mr. Mackenzie’s highly successful opera ‘Colomba”’ as one of the chief attractions of the coming season."	Mr. Mackenzie	Q674739	person	sex or gender	Q6581097	male
The Musical Times_1871-335_ms_3	"The strongest evidence for Carey’s claim should be an argument against it; for it isthe statement of John Christopher Smith, that Carey, unable to harmonize his own tune, asked Smith to write a bass to it; whereas in his Musical Century Carey has left plenty of proof that he was musician enough to put a very good bass to so simple a melody."	Carey	Q1606590	person	sex or gender	Q6581097	male
The Musical Times_1871-335_ms_3	"The strongest evidence for Carey’s claim should be an argument against it; for it isthe statement of John Christopher Smith, that Carey, unable to harmonize his own tune, asked Smith to write a bass to it; whereas in his Musical Century Carey has left plenty of proof that he was musician enough to put a very good bass to so simple a melody."	John Christopher	Q11727869	person	sex or gender	Q6581097	male
The Harmonicon_1829-002_ms_3	"The rival of Vinci and Porpora in dramatic composition, Leo was also desirous of emulating Durante in sacred music; and as in the former department of his art he had been by turns pathetic and gay, scientific and natural, so in the latter he attained to eminence, and produced numerous compositions of a character imposing, dignified, and sublime."	Durante	Q2286657	person	sex or gender	Q6581097	male
The Musical Times_1871-335_ms_1	It is a curious coincidence, to say the least of it, that an air with the same rhythmical*peculiarity — a peculiarity which is almost individualexists in a transcript of compositions by Dr. John Bull, the musical professor of Gresham College in the time of James I, and this has given occasion for the setting up in his favour of a claim to the authorship.	James I	Q79972	person	sex or gender	Q6581097	male
The Harmonicon_1824-020_ms_4	Music, learned and ingenicus, like that of Jomelli, abounding in harniony and con trivance, and requiring a careful execution, and the utmost stillness and attention in the audience, would not satisfy the frivolous and depraved taste of the Italians, who used to sav, that the music of Gluck, Jomelli, Hasse, and Bach, was too rough and German.	Jomelli	Q312891	person	sex or gender	Q6581097	male
The Harmonicon_1824-020_ms_4	Music, learned and ingenicus, like that of Jomelli, abounding in harniony and con trivance, and requiring a careful execution, and the utmost stillness and attention in the audience, would not satisfy the frivolous and depraved taste of the Italians, who used to sav, that the music of Gluck, Jomelli, Hasse, and Bach, was too rough and German.	Hasse	Q164732	person	sex or gender	Q6581097	male
The_Musical_Times_ms_1885-505_1_	The following works have been performed in their entirety during the season: Mendelssohn’s ‘Elijah, ‘Hear my Prayer,” * * Loreley,” 98th Psalm, ‘Ave Maria,” and ‘As the Hart pants,” Spohr’s ‘God, Thou art Great,” Gaul’s Sacred Cantata, ‘The Holy City,” and C. ]. Stevens’s Anthem “Sing, O Heavens,” selections having been also given from “The Messiah,” “Israel in Egypt,” ‘The Seasons,” ‘St. Paul,” “Samson,” and the “Song of Miriam.”	Gaul	Q4723319	person	sex or gender	Q6581097	male
the_Musical_Times_ms_1884-493_4_	"Besides the artists already mentioried we are promised Madame Adelina Patti, Madame Sembrich, Madame Maria Durand, Mdlle. De Vere (her first appearance at the Royai Italian Opera), Madame Scalchi, Mdlle. Reggiani, and Mdille. Tremelli; Signor Nicolini, Signor Marconi, M. Soulacroix, Signor Mierzwinski, Signor Cotogni, M. Devoyod, Signor De Reszké, Signor Monti, and Signor Novara."	Madame Sembrich	Q265698	person	sex or gender	Q6581072	female
the_Musical_Times_ms_1884-493_4_	"Besides the artists already mentioried we are promised Madame Adelina Patti, Madame Sembrich, Madame Maria Durand, Mdlle. De Vere (her first appearance at the Royai Italian Opera), Madame Scalchi, Mdlle. Reggiani, and Mdille. Tremelli; Signor Nicolini, Signor Marconi, M. Soulacroix, Signor Mierzwinski, Signor Cotogni, M. Devoyod, Signor De Reszké, Signor Monti, and Signor Novara."	Mdlle . De Vere	Q19998212	person	sex or gender	Q6581072	female
the_Musical_Times_ms_1884-493_4_	"Besides the artists already mentioried we are promised Madame Adelina Patti, Madame Sembrich, Madame Maria Durand, Mdlle. De Vere (her first appearance at the Royai Italian Opera), Madame Scalchi, Mdlle. Reggiani, and Mdille. Tremelli; Signor Nicolini, Signor Marconi, M. Soulacroix, Signor Mierzwinski, Signor Cotogni, M. Devoyod, Signor De Reszké, Signor Monti, and Signor Novara."	Madame Scalchi	Q7553670	person	sex or gender	Q6581072	female
the_Musical_Times_ms_1884-493_4_	"Besides the artists already mentioried we are promised Madame Adelina Patti, Madame Sembrich, Madame Maria Durand, Mdlle. De Vere (her first appearance at the Royai Italian Opera), Madame Scalchi, Mdlle. Reggiani, and Mdille. Tremelli; Signor Nicolini, Signor Marconi, M. Soulacroix, Signor Mierzwinski, Signor Cotogni, M. Devoyod, Signor De Reszké, Signor Monti, and Signor Novara."	Signor Nicolini	Q3083329	person	sex or gender	Q6581097	male
the_Musical_Times_ms_1884-493_4_	"Besides the artists already mentioried we are promised Madame Adelina Patti, Madame Sembrich, Madame Maria Durand, Mdlle. De Vere (her first appearance at the Royai Italian Opera), Madame Scalchi, Mdlle. Reggiani, and Mdille. Tremelli; Signor Nicolini, Signor Marconi, M. Soulacroix, Signor Mierzwinski, Signor Cotogni, M. Devoyod, Signor De Reszké, Signor Monti, and Signor Novara."	Signor Marconi	Q5479431	person	sex or gender	Q6581097	male
the_Musical_Times_ms_1884-493_4_	"Besides the artists already mentioried we are promised Madame Adelina Patti, Madame Sembrich, Madame Maria Durand, Mdlle. De Vere (her first appearance at the Royai Italian Opera), Madame Scalchi, Mdlle. Reggiani, and Mdille. Tremelli; Signor Nicolini, Signor Marconi, M. Soulacroix, Signor Mierzwinski, Signor Cotogni, M. Devoyod, Signor De Reszké, Signor Monti, and Signor Novara."	M. Soulacroix	Q5515856	person	sex or gender	Q6581097	male
the_Musical_Times_ms_1884-493_4_	"Besides the artists already mentioried we are promised Madame Adelina Patti, Madame Sembrich, Madame Maria Durand, Mdlle. De Vere (her first appearance at the Royai Italian Opera), Madame Scalchi, Mdlle. Reggiani, and Mdille. Tremelli; Signor Nicolini, Signor Marconi, M. Soulacroix, Signor Mierzwinski, Signor Cotogni, M. Devoyod, Signor De Reszké, Signor Monti, and Signor Novara."	Signor Mierzwinski	Q5986416	person	sex or gender	Q6581097	male
the_Musical_Times_ms_1884-493_4_	"Besides the artists already mentioried we are promised Madame Adelina Patti, Madame Sembrich, Madame Maria Durand, Mdlle. De Vere (her first appearance at the Royai Italian Opera), Madame Scalchi, Mdlle. Reggiani, and Mdille. Tremelli; Signor Nicolini, Signor Marconi, M. Soulacroix, Signor Mierzwinski, Signor Cotogni, M. Devoyod, Signor De Reszké, Signor Monti, and Signor Novara."	Signor Cotogni	Q2562468	person	sex or gender	Q6581097	male
the_Musical_Times_ms_1884-493_4_	"Besides the artists already mentioried we are promised Madame Adelina Patti, Madame Sembrich, Madame Maria Durand, Mdlle. De Vere (her first appearance at the Royai Italian Opera), Madame Scalchi, Mdlle. Reggiani, and Mdille. Tremelli; Signor Nicolini, Signor Marconi, M. Soulacroix, Signor Mierzwinski, Signor Cotogni, M. Devoyod, Signor De Reszké, Signor Monti, and Signor Novara."	M. Devoyod	Q27928845	person	sex or gender	Q6581097	male
The_Musical_Times_ms_1885-505_4_	A capital programme on the 23rd drew a full audience, the general public beinz attracted by Beethoven's Rasoumowski Quartet in F, No. 1, and Tartini'’s ‘Trillo del Diavolo,”” and musicians by Grieg’s Sonata in F, for piano and violin, Op. 8.	Grieg	Q80621	person	sex or gender	Q6581097	male
The Harmonicon_1827-002_ms_3	After this, we had: Les Néces de Gamache, a comic opera, in three acts, by Mercadante, translated and arranged by Messrs. Sauvage and Dupin, and adapted to the stage by M. Guénée: we suppose it would be unpardonable to omit any of these important particulars, as the authors always show such marked anxiety te bring them befere the world.	M. Guénée	Q23901679	person	sex or gender	Q6581097	male
Dwight's Journal of Music_1857-001_ms_1	One man may lived, who ean read the heart, and whose power was not: based upon, his own experience ‘but if so, we may well call William Shakspeare superhuman, THenee it was that whiffe i m ~ Rossint’s “Barber of Seville,” ar Cimarosa’s « Seeret Marriage.”	William Shakspeare	Q692	person	sex or gender	Q6581097	male
Dwight's Journal of Music_1857-001_ms_1	One man may lived, who ean read the heart, and whose power was not: based upon, his own experience ‘but if so, we may well call William Shakspeare superhuman, THenee it was that whiffe i m ~ Rossint’s “Barber of Seville,” ar Cimarosa’s « Seeret Marriage.”	Cimarosa	Q191775	person	sex or gender	Q6581097	male
The_Musical_World_ms_1843-040_1_	"Adolphe Adam, the composer of Le Postillon de Lonjumeau, was the first to apostrophize the acquirements of M. Vivier, ina Jengthened artiele in the France Wusicale; he has been followed by the rest of them, and last week, in the Gazelle AZusicale, we find a paper by Maurice Bourges, which makes M. Vivier something less than a demi - god, and extols his qualifications, in language, which applied to would be M. Bourges melts Paganini himself, nothing short of hyperbolical."	Adolphe Adam	Q189544	person	sex or gender	Q6581097	male
The_Musical_World_ms_1843-040_1_	"Adolphe Adam, the composer of Le Postillon de Lonjumeau, was the first to apostrophize the acquirements of M. Vivier, ina Jengthened artiele in the France Wusicale; he has been followed by the rest of them, and last week, in the Gazelle AZusicale, we find a paper by Maurice Bourges, which makes M. Vivier something less than a demi - god, and extols his qualifications, in language, which applied to would be M. Bourges melts Paganini himself, nothing short of hyperbolical."	Maurice Bourges	Q73128734	person	sex or gender	Q6581097	male
Dwight's Journal of Music_1860-012_ms_1	In 1824 her family was residing at Paris, where she received, musical instruction from M. Fétis, at present: director of the Brussels Conse rratoire, author of the Biographie Universelle de Musiciens, together with many didactic works, and compos at that time prefessor in the Conservatoire of ‘Paris.	M. Fétis	Q523581	person	sex or gender	Q6581097	male
The Harmonicon_1826-048_ms_3	"With respect to the pieces given, the following seven are new to our theatre: Die sieben Midchen, Das Hausgesinde, Der Unsichibare, Die Ochsenmenuett, Staberls Reise - abentheuer, ‘and Le Macon by Auber; Macbeth in Schiller’s translation, ‘and with Reichardt’s music, is also new to us."	Schiller	Q22670	person	sex or gender	Q6581097	male
The Harmonicon_1826-048_ms_3	"With respect to the pieces given, the following seven are new to our theatre: Die sieben Midchen, Das Hausgesinde, Der Unsichibare, Die Ochsenmenuett, Staberls Reise - abentheuer, ‘and Le Macon by Auber; Macbeth in Schiller’s translation, ‘and with Reichardt’s music, is also new to us."	Reichardt	Q213742	person	sex or gender	Q6581097	male
The_Musical_Times_ms_1885-505_3_	"Whether this kind of thing is permissible is open to question; but the audience settled the matter in the affirmative by encoring the performer. Miss Zimmermann gave Mendelssohn’s familiar Caprice in E, Op. 33, and Mr. Santley sang two equally familiar airs by Handel."	Miss Zimmermann	Q4693137	person	sex or gender	Q6581072	female
The_Musical_World__ms_1843-042_2_	The above, an air from Handel’s Berenice sensibly rendered by Stretton, a duet from the Zauberflute by Mrs. Shaw and Mr. Phillips, and a droll kind of aria by Salvator Rosa, to which Mr. Manvers gave a life which in itself it lacks, were the only other features of interest.	Salvator Rosa	Q359421	person	sex or gender	Q6581097	male
the_Musical_Times_ms_1896-635_4_	"The Musical Union (Dr. Coward), in the ‘Creation’; the Choral Union (Mr. Suckley), in Verdi’s opera “Ernani”; and the St.-Cecilia Musical Society (Mr. W. Brown), also in the ‘Creation,” have all given evidence oft hat abundant enthusiasm and plentiful supply of good vocal material which have led the supporters of the Festival scheme to foster ambitious hopes as to the future of South Yorkshire choral singing."	Dr. Coward	Q5719907	person	sex or gender	Q6581097	male
the_Musical_Times_ms_1896-635_3_	"The principal pieces in the programme were Mendelssohn's String Quintet in B flat (Op. 87) and Svendsen’s String Octet in A (Op. 3), the latter being played by Messrs. Arthur Bent, Wallace Sutcliffe, William Ackroyd, Alfred Wall, Alfred Hobday, Percy Kearne, Paul Ludwig; and Tennyson Werge."	Svendsen	Q336668	person	sex or gender	Q6581097	male
the_Musical_Times_ms_1896-635_3_	"The principal pieces in the programme were Mendelssohn's String Quintet in B flat (Op. 87) and Svendsen’s String Octet in A (Op. 3), the latter being played by Messrs. Arthur Bent, Wallace Sutcliffe, William Ackroyd, Alfred Wall, Alfred Hobday, Percy Kearne, Paul Ludwig; and Tennyson Werge."	William Ackroyd	Q109120689	person	sex or gender	Q6581097	male
the_Musical_Times_ms_1896-635_3_	"The principal pieces in the programme were Mendelssohn's String Quintet in B flat (Op. 87) and Svendsen’s String Octet in A (Op. 3), the latter being played by Messrs. Arthur Bent, Wallace Sutcliffe, William Ackroyd, Alfred Wall, Alfred Hobday, Percy Kearne, Paul Ludwig; and Tennyson Werge."	Alfred Wall	Q107203434	person	sex or gender	Q6581097	male
the_Musical_Times_ms_1896-635_3_	"The principal pieces in the programme were Mendelssohn's String Quintet in B flat (Op. 87) and Svendsen’s String Octet in A (Op. 3), the latter being played by Messrs. Arthur Bent, Wallace Sutcliffe, William Ackroyd, Alfred Wall, Alfred Hobday, Percy Kearne, Paul Ludwig; and Tennyson Werge."	Alfred Hobday	Q4722438	person	sex or gender	Q6581097	male
The_Musical_World_ms_1843-040_2_	Queen Victoria, on one of these occasions, had the advantage of hearing this new wonder, and was so delighted as to press M. Vivier to pay England a visit, which, need we say, M. Vivier intends very shortly to do.	Queen Victoria	Q9439	person	sex or gender	Q6581072	female
The_Musical_World_ms_1843-040_2_	Queen Victoria, on one of these occasions, had the advantage of hearing this new wonder, and was so delighted as to press M. Vivier to pay England a visit, which, need we say, M. Vivier intends very shortly to do.	M. Vivier	Q16947558	person	sex or gender	Q6581097	male
The_Musical_Times_ms_1896-646_7_	Perhaps the most interesting piece was Bemberg’s ‘La Ballade du Désespéré” for yoice“and declamation, beautifully rendered by Miss Gertrude Bevan and Miss Ellen M. Bowick, with the accompaniments well played by the Misses Edith Byford, May H. Mukle, and Mabel E. Colyer.	Bemberg	Q3134049	person	sex or gender	Q6581097	male
The_Musical_Times_ms_1896-646_7_	Perhaps the most interesting piece was Bemberg’s ‘La Ballade du Désespéré” for yoice“and declamation, beautifully rendered by Miss Gertrude Bevan and Miss Ellen M. Bowick, with the accompaniments well played by the Misses Edith Byford, May H. Mukle, and Mabel E. Colyer.	May H. Mukle	Q22312922	person	sex or gender	Q6581072	female
The Musical Times_1852-098_ms_3	In the course of the late season of morning concerts, we heard one of the best glees of Webbe, which we had not heard for thirty years before, when it was performed by the Vaughans, Knyvetts, & c., at a concert given by a Miss Bonwick, at the London Tavern	Webbe	Q7412899	person	sex or gender	Q6581097	male
The_Musical_World__ms_1901-705_1_	The Beethoven festival, held from the 5th. to the 7th ult., under the direction of Capellmeister Steinbach, with the Meiningen orchestra and the choir of.the Musik - Verein, was exceedingly well attended, and there is but one voice as to the general excellence of the performances.	Capellmeister Steinbach	Q70648	person	sex or gender	Q6581097	male
The Harmonicon_1829-002_ms_4	Leo was the founder ofa school in Naples, that very widely spread the fame of his country, and became a nursery for those celebrated singers, who afterwards filled Giovanni Ansani, or Anzani, was an lalian singer and composer of some eminence.	Giovanni Ansani	Q2813673	person	sex or gender	Q6581097	male
Dwight's Journal of Music_1855-002_ms_1	And in the beautiful galleries of the Prince Es sterhdzy, (that munificent patron | of: Art) one can, at least, recall in imagination some- strains of the choice ¢hamber music. of, Beethoven, to which their walls echoed in the presence of the great master, and in his palmiest days. os se I was much impressed by the fine monument of the Archduchess Christina, by Canova, which stands in the Church of the Augustines.	Prince Es sterhdzy	Q597865	person	sex or gender	Q6581097	male
Dwight's Journal of Music_1855-002_ms_1	And in the beautiful galleries of the Prince Es sterhdzy, (that munificent patron | of: Art) one can, at least, recall in imagination some- strains of the choice ¢hamber music. of, Beethoven, to which their walls echoed in the presence of the great master, and in his palmiest days. os se I was much impressed by the fine monument of the Archduchess Christina, by Canova, which stands in the Church of the Augustines.	Canova	Q5547	person	sex or gender	Q6581097	male
The Musical Times_1853-106_ms_3	This gentleman, whose talents and amiable enjoying disposition still preserve his memory in the lively affection and esteem of his acquaintance, was an admirable chamber singer, and particularly excelled in Mozart’s music, which he sang with the same accent and inflections of tone as Dragonetti on his bass.	Dragonetti	Q504490	person	sex or gender	Q6581097	male
The_Musical_Times_ms_1896-646_6_	Other pieces by Chopin, Leschetizky, Moszkowski, and Padetewski were rendered with a command of expression and facility of execution that more than once elicited enthusiastic applause from the audience, and necessitated her playing an extra piece at the close of her programme.	Chopin	Q1268	person	sex or gender	Q6581097	male
The_Musical_Times_ms_1896-646_6_	Other pieces by Chopin, Leschetizky, Moszkowski, and Padetewski were rendered with a command of expression and facility of execution that more than once elicited enthusiastic applause from the audience, and necessitated her playing an extra piece at the close of her programme.	Leschetizky	Q362340	person	sex or gender	Q6581097	male
The_Musical_Times_ms_1896-646_6_	Other pieces by Chopin, Leschetizky, Moszkowski, and Padetewski were rendered with a command of expression and facility of execution that more than once elicited enthusiastic applause from the audience, and necessitated her playing an extra piece at the close of her programme.	Moszkowski	Q322427	person	sex or gender	Q6581097	male
The_Musical_Times_ms_1896-646_6_	Other pieces by Chopin, Leschetizky, Moszkowski, and Padetewski were rendered with a command of expression and facility of execution that more than once elicited enthusiastic applause from the audience, and necessitated her playing an extra piece at the close of her programme.	Padetewski	Q191957	person	sex or gender	Q6581097	male
The Harmonicon_1826-048_ms_2	It was at this period, as we learn from history, and from' Tinctor himself in one of his treatises, that the Flemish school of music began to form itself on the model of that of France, at that time the most celebrated in Europe.	Tinctor	Q370512	person	sex or gender	Q6581097	male
the_Musical_Times_ms_1896-635_8_	At Bradford, too, there has. been more than ordinary musical activity. On November 22 the second of the Subscription Concerts took place, a miscellaneous programme of much more than average interest being sustained by Miss Esther Palliser, Madame Marian McKenzie, Messrs. Ben Davies and Douglas Powell, with Herr Rosenthal as pianist and Mr. W. H. Squire as violoncellist.	Ben Davies	Q4888470	person	sex or gender	Q6581097	male
the_Musical_Times_ms_1896-635_8_	At Bradford, too, there has. been more than ordinary musical activity. On November 22 the second of the Subscription Concerts took place, a miscellaneous programme of much more than average interest being sustained by Miss Esther Palliser, Madame Marian McKenzie, Messrs. Ben Davies and Douglas Powell, with Herr Rosenthal as pianist and Mr. W. H. Squire as violoncellist.	Herr Rosenthal	Q213772	person	sex or gender	Q6581097	male
the_Musical_Times_ms_1896-635_8_	At Bradford, too, there has. been more than ordinary musical activity. On November 22 the second of the Subscription Concerts took place, a miscellaneous programme of much more than average interest being sustained by Miss Esther Palliser, Madame Marian McKenzie, Messrs. Ben Davies and Douglas Powell, with Herr Rosenthal as pianist and Mr. W. H. Squire as violoncellist.	Mr. W. H. Squire	Q2377263	person	sex or gender	Q6581097	male
The Musical Times_1881-455_ms_3	Tor, be it said parenthetically, that in literature also Mr. Pepys was' a sound judge of genuine merit, who, to name but (one instance, in an age of studied politeness was able to appreciate the racy force of the old popular ‘ballads of England and Scotland.	Mr. Pepys	Q106143	person	sex or gender	Q6581097	male
The Musical Times_1849-066_ms_2	As grace they sung a “Sanctus,” by Orlando Gibbons, upon which the Rev. Conductor made some interesting remarks, and on the excellence of the older English Church Music, congratulating his auditors on the brighter prospects for solid music, man. arising from the production of convenient and cheap copies sting In Inconsistent contrast to the other Psalms at / of the excellent music which had so long lain dormant in Morning Prayer.	Orlando Gibbons	Q311913	person	sex or gender	Q6581097	male
The Musical Times_1852-098_ms_4	Another gratifying circumstance presents itself to ‘our recollection, in the promised production of two new oratorios, by Englishmen, at the approaching Norwich Festival — Mr. Pierson’s Jerusalem, and Dr. Bexfield’s Israel Restored, in regard to both of which we have received very flattering accounts.	Mr. Pierson	Q97011	person	sex or gender	Q6581097	male
The Musical Times_1852-098_ms_4	Another gratifying circumstance presents itself to ‘our recollection, in the promised production of two new oratorios, by Englishmen, at the approaching Norwich Festival — Mr. Pierson’s Jerusalem, and Dr. Bexfield’s Israel Restored, in regard to both of which we have received very flattering accounts.	Dr. Bexfield	Q18531021	person	sex or gender	Q6581097	male
the_Musical_Times_ms_1896-635_5_	Despite this drawback, the Concert wasa brilliant success, and Dr. Mackenzie’s abilities as a conductor were watmly recognised. Mr. Brodsky, the new leader of the Hallé band, made a most tavourable impression on his first appearance before a Leeds audience by his highly poetic and technically perfect playing of the Mendelssohn Concerto, and Madame Marian McKenzie contributed several songs with good effect.	Mr. Brodsky	Q365287	person	sex or gender	Q6581097	male
Dwight's Journal of Music_1856-001_ms_1	“Pwo souls in their essence so entirely kindred must have kneeled before each ether on first meeting, as the chronicle” relates of the first inter tew of Maria ot Burgundy with Masimilian: ot Austria, which adds: tans qJere fille xsé like that exclaim aticr the “Oh, “And qnust they not. merging leur moult grande. beaute et.	Maria ot Burgundy	Q157073	person	sex or gender	Q6581072	female
Dwight's Journal of Music_1856-001_ms_1	“Pwo souls in their essence so entirely kindred must have kneeled before each ether on first meeting, as the chronicle” relates of the first inter tew of Maria ot Burgundy with Masimilian: ot Austria, which adds: tans qJere fille xsé like that exclaim aticr the “Oh, “And qnust they not. merging leur moult grande. beaute et.	Masimilian : ot Austria	Q150726	person	sex or gender	Q6581097	male
Dwight's Journal of Music_1858-11_BIS_ms_2	"then, instead of stepping forw: urd as a reformer, he ought, as a true disciple of honored and to effect nothing but what Gluck and Mozart; Cimarosa and Pacsicllé, Méhul and Boieldieu, Chert ahint and Spontini, Beethoven and= Weber, Spohr.and Weigl, Meyerbeer and Lortzing, also tried to effect, and which they succeeded more or less in doing. metadata={sent_text:then instead of stepping forw: urd as a reformer he ought as a true disciple of honored and to effect nothing but what Gluck and Mozart; Cimarosa and Pacsicllé Méhul and Boieldieu Chert ahint and Spontini Beethoven and: ""Weber Spohr.and Weigl Meyerbeer and Lortzing also tried to effect and which they succeeded more or less in doing.""}"	Weigl	Q78798	person	sex or gender	Q6581097	male
Dwight's Journal of Music_1858-11_BIS_ms_2	"then, instead of stepping forw: urd as a reformer, he ought, as a true disciple of honored and to effect nothing but what Gluck and Mozart; Cimarosa and Pacsicllé, Méhul and Boieldieu, Chert ahint and Spontini, Beethoven and= Weber, Spohr.and Weigl, Meyerbeer and Lortzing, also tried to effect, and which they succeeded more or less in doing. metadata={sent_text:then instead of stepping forw: urd as a reformer he ought as a true disciple of honored and to effect nothing but what Gluck and Mozart; Cimarosa and Pacsicllé Méhul and Boieldieu Chert ahint and Spontini Beethoven and: ""Weber Spohr.and Weigl Meyerbeer and Lortzing also tried to effect and which they succeeded more or less in doing.""}"	Meyerbeer	Q105237	person	sex or gender	Q6581097	male
Dwight's Journal of Music_1858-11_BIS_ms_2	"then, instead of stepping forw: urd as a reformer, he ought, as a true disciple of honored and to effect nothing but what Gluck and Mozart; Cimarosa and Pacsicllé, Méhul and Boieldieu, Chert ahint and Spontini, Beethoven and= Weber, Spohr.and Weigl, Meyerbeer and Lortzing, also tried to effect, and which they succeeded more or less in doing. metadata={sent_text:then instead of stepping forw: urd as a reformer he ought as a true disciple of honored and to effect nothing but what Gluck and Mozart; Cimarosa and Pacsicllé Méhul and Boieldieu Chert ahint and Spontini Beethoven and: ""Weber Spohr.and Weigl Meyerbeer and Lortzing also tried to effect and which they succeeded more or less in doing.""}"	Lortzing	Q154203	person	sex or gender	Q6581097	male
Dwight's Journal of Music_1854-002_ms_4	"Mr. DRESELr was greeted with a spontaneous ani fervent welcome, when he took his seat at the piano, and his exquisitely expressive rendering of the two Songs without Words by Mendelssohn (the “Duet” and “Spring Song”), the striking Etude by Ferdi-: nand Hiller, the Adagio from a Concerto and the Etude by Chopin, held the andience in hushed delight; indeed we know of more than one adverse prejudice that owned itself melted away by that performance."	Mr. DRESELr	Q96415095	person	sex or gender	Q6581097	male
Dwight's Journal of Music_1854-002_ms_4	"Mr. DRESELr was greeted with a spontaneous ani fervent welcome, when he took his seat at the piano, and his exquisitely expressive rendering of the two Songs without Words by Mendelssohn (the “Duet” and “Spring Song”), the striking Etude by Ferdi-: nand Hiller, the Adagio from a Concerto and the Etude by Chopin, held the andience in hushed delight; indeed we know of more than one adverse prejudice that owned itself melted away by that performance."	Ferdi- : nand Hiller	Q213530	person	sex or gender	Q6581097	male
The Harmonicon_1830-003_ms_4	"On the 28th of December, Madame Fodor appeared, for the first time, in the Barbiere di Siviglia; and the applause of a house crowded in every part testified the delight caused by her performance."	Madame Fodor	Q1002317	person	sex or gender	Q6581072	female
The Harmonicon_1824-020_ms_2	"The compositions for the former are generally firnished from Parts - and London; for the latter, choice is made of Momrt, Pleyel, Steibeit, and other easy masters."	Pleyel	Q314019	person	sex or gender	Q6581097	male
The Harmonicon_1824-020_ms_2	"The compositions for the former are generally firnished from Parts - and London; for the latter, choice is made of Momrt, Pleyel, Steibeit, and other easy masters."	Steibeit	Q657464	person	sex or gender	Q6581097	male
the_Musical_Times_ms_1895-634_6_	The works selected by the Philharmonic. Society for the forthcoming season include Handel’s “Acis and Galatea,” Villiers Stanford’s fine choral ballad ‘The Revenge,” and Schubert’s cantata' ‘The Song of Miriam.”	Villiers Stanford	Q368264	person	sex or gender	Q6581097	male
the_Musical_Times_ms_1895-634_6_	The works selected by the Philharmonic. Society for the forthcoming season include Handel’s “Acis and Galatea,” Villiers Stanford’s fine choral ballad ‘The Revenge,” and Schubert’s cantata' ‘The Song of Miriam.”	Schubert	Q7312	person	sex or gender	Q6581097	male
the_Musical_Times_ms_1900-690_1_	‘Military Band Organisation’ read before the Royal United Service Institution, on March 25, 1892, -by Colonel T. B. Shaw - Hellier, a former Commandant of Kneller Hall, who is well known in the army for his musical abilities, andwho, during his six years’ tenure of office at Kneller Hall, did a great deal to improve the Institution.	Colonel T. B. Shaw - Hellier	Q98098664	person	sex or gender	Q6581097	male
The_Musical_World__ms_1845-029_1_	On his way to. Germany, through Holland, Vieuxtemps stopped at the Hague, which coming to the knowledge of His Majesty the King of Holland, that illustrious personage immediately sent for the eminent violinist, received him most graciously, and expressed his desire to hear the Concerto which Vieuxtemps has dedicated to him	Vieuxtemps	Q312790	person	sex or gender	Q6581097	male
The_Musical_World__ms_1845-029_1_	On his way to. Germany, through Holland, Vieuxtemps stopped at the Hague, which coming to the knowledge of His Majesty the King of Holland, that illustrious personage immediately sent for the eminent violinist, received him most graciously, and expressed his desire to hear the Concerto which Vieuxtemps has dedicated to him	His Majesty the King of	Q154287	person	sex or gender	Q6581097	male
The_Musical_Times_ms_1901-705_3_	On St. Cecilia’s Day, 1695, the Plan of a Grand Concert of Music — at which some of the works of the forgotten Italian composer, Giovanni Battista Bassani (16571716), said to be the master of Corelli, were presented	St. Cecilia	Q80513	person	sex or gender	Q6581072	female
The_Musical_Times_ms_1901-705_3_	On St. Cecilia’s Day, 1695, the Plan of a Grand Concert of Music — at which some of the works of the forgotten Italian composer, Giovanni Battista Bassani (16571716), said to be the master of Corelli, were presented	Giovanni Battista Bassani	Q465565	person	sex or gender	Q6581097	male
The_Musical_Times_ms_1900-692_1_	"The Scottish Orchestra has again been engaged, under its fourth conductor, Mr. Frederic H. Cowen; and the Edinburgh Choral Union, Mr. Kirkhope’s and Mr. Moonie’s choirs (the latter for the first time) will take part in the scheme."	Mr. Frederic H. Cowen	Q1452734	person	sex or gender	Q6581097	male
The Harmonicon_1823-002_ms_1	The favourite airs in Rossini’s Opera of La Gazza LapRa, erranged for the Piano - Forte, with an Accompaniment for the Flute. by T. Latour, Pianiste ‘to His Majesty.	T. Latour	Q6171596	person	sex or gender	Q6581097	male
The Harmonicon_1823-002_ms_1	The favourite airs in Rossini’s Opera of La Gazza LapRa, erranged for the Piano - Forte, with an Accompaniment for the Flute. by T. Latour, Pianiste ‘to His Majesty.	His Majesty	Q130586	person	sex or gender	Q6581097	male
The Harmonicon_1831-004_ms_1	The Rev. Wiliam Gostling, Minor Canon of Canterbury Cathedral, was the son of that Mr. Gostling, Sub - Dean of St. Paul’s, for whom Purcell wrote his celebrated anthem,	Rev. Wiliam Gostling	Q15994466	person	sex or gender	Q6581097	male
The Harmonicon_1831-004_ms_1	The Rev. Wiliam Gostling, Minor Canon of Canterbury Cathedral, was the son of that Mr. Gostling, Sub - Dean of St. Paul’s, for whom Purcell wrote his celebrated anthem,	Mr. Gostling	Q3181623	person	sex or gender	Q6581097	male
The_Quarterly_Musical_Magazine_And_Review_ms_1826-030_3_	Madame Vestris is also a reigning favourite, which, strange to say, she becomes by lowering her original Italian ‘style to the light but coarse ballads of the Kuglish comic opera “Cherry ripe’ for example.	Madame Vestris	Q6696635	person	sex or gender	Q6581072	female
the_Musical_Times_ms_1896-635_10_	The Lamoureux Concert of November 24 proved to be particularly interesting, including as it did the first performance of the “Chansons de Miarka’” of M. Alexandre Georges, set to the poetry of M. Richepin	M. Alexandre Georges	Q2833698	person	sex or gender	Q6581097	male
the_Musical_Times_ms_1896-635_10_	The Lamoureux Concert of November 24 proved to be particularly interesting, including as it did the first performance of the “Chansons de Miarka’” of M. Alexandre Georges, set to the poetry of M. Richepin	M. Richepin	Q551744	person	sex or gender	Q6581097	male
the_Musical_Times_ms_1895-634_7_	"he programme contained Mendelssohn’s ‘Hear my Prayer,” the solo part of which was effectively sung by Madame San Carolo; Cowen’s ‘Bridal Chorus, ’’ Stewart’s ‘Bells of St. Michael’s Tower,” and Pinsuti’s ‘Good - night, beloved.”"	Stewart	Q4444837	person	sex or gender	Q6581097	male
The_Musical_Times_ms_1900-692_2_	Mr. Cowen will be assisted, when occasion requires, by M. Sons, the capable leader, who acted as conductor last year during Herr Bruch’s temporary indisposition, and Herr Moszkowski will. officiate at the first concert.	Herr Bruch	Q106434	person	sex or gender	Q6581097	male
Dwight's Journal of Music_1852-019_ms_4	The names of Grisi, Persiani, and other celebrities who had made - their English: reputation before Mr. Lumley caine info the managemeut, will, of course, occur to all readers, who will also remember in how many brilliant particular school it’ professed to ilus-.	Grisi	Q287812	person	sex or gender	Q6581072	female
Dwight's Journal of Music_1852-019_ms_4	The names of Grisi, Persiani, and other celebrities who had made - their English: reputation before Mr. Lumley caine info the managemeut, will, of course, occur to all readers, who will also remember in how many brilliant particular school it’ professed to ilus-.	Persiani	Q2280304	person	sex or gender	Q6581097	male
Dwight's Journal of Music_1852-019_ms_4	The names of Grisi, Persiani, and other celebrities who had made - their English: reputation before Mr. Lumley caine info the managemeut, will, of course, occur to all readers, who will also remember in how many brilliant particular school it’ professed to ilus-.	Mr. Lumley	Q2896159	person	sex or gender	Q6581097	male
The Harmonicon_1830-003_ms_1	The songs composed for Mrs. Weichsel, many of which were written by C. Bach, show that she had a voice of unusual height, reaching to the in altissimo, and great facility of execution.	Mrs. Weichsel	Q5362421	person	sex or gender	Q6581072	female
The Harmonicon_1830-003_ms_1	The songs composed for Mrs. Weichsel, many of which were written by C. Bach, show that she had a voice of unusual height, reaching to the in altissimo, and great facility of execution.	C. Bach	Q106641	person	sex or gender	Q6581097	male
The_Musical_Times_ms_1899-680_3_	Mdlle. Carrozi, a harpist of great ability, whom Mr. Newman has engaged for his orchestra, played her first harp solo at the Queen’s Hall, on the rst ult., and proved herself to be an interesting player	Mr. Newman	Q7348018	person	sex or gender	Q6581097	male
The_Musical_Times_ms_1885-505_7_	As usual, Mr. Charles Hallé’s Manchester Orchestra was engaged, and the vocal and instrumental soloists were Signorina Barbi, Mr. Joseph Maas, Madame Norman - Néruda, and Mr. Hallé.	Mr. Charles Hallé	Q65648	person	sex or gender	Q6581097	male
The_Musical_Times_ms_1885-505_7_	As usual, Mr. Charles Hallé’s Manchester Orchestra was engaged, and the vocal and instrumental soloists were Signorina Barbi, Mr. Joseph Maas, Madame Norman - Néruda, and Mr. Hallé.	Signorina Barbi	Q3611669	person	sex or gender	Q6581072	female
The_Musical_Times_ms_1885-505_7_	As usual, Mr. Charles Hallé’s Manchester Orchestra was engaged, and the vocal and instrumental soloists were Signorina Barbi, Mr. Joseph Maas, Madame Norman - Néruda, and Mr. Hallé.	Mr. Joseph Maas	Q686719	person	sex or gender	Q6581097	male
The_Musical_Times_ms_1885-505_7_	As usual, Mr. Charles Hallé’s Manchester Orchestra was engaged, and the vocal and instrumental soloists were Signorina Barbi, Mr. Joseph Maas, Madame Norman - Néruda, and Mr. Hallé.	Madame Norman - Néruda	Q78938	person	sex or gender	Q6581072	female
the_Musical_Times_ms_1884-493_2_	The prospectus announces that this work, translated into Italian, and the principal part sustained by Madame Pauline Lucca, will positively be produced, Mdlle. Gertrude Griswold (who will make her first appearance on the stage in England), being also included in the cast.	Madame Pauline Lucca	Q86422	person	sex or gender	Q6581072	female
The_Musical_Times_ms_1885-505_8_	Ar the eleventh Subscription Concert of the Choral Union Series, on the 3rd ult., the chief novelty was the late Friedrich Smetana’s ‘Comedy - Overture,’”’ performed last winter at the Philharmonic Concerts at Berlin and at the Crystal Palace Concerts.	Friedrich Smetana	Q48173	person	sex or gender	Q6581097	male
The_Quarterly_Musical_Magazine_And_Review_ms_1826-030_1_	Hence Mademoiselle Bonini has been probably underprized from the superiority of those supremely great singers, Catalani and Pasta, whom she has directly succeeded at the King’s Theatre, and with whom she is consequently immediately compared.	Mademoiselle Bonini	Q5479435	person	sex or gender	Q6581097	male
The_Quarterly_Musical_Magazine_And_Review_ms_1826-030_1_	Hence Mademoiselle Bonini has been probably underprized from the superiority of those supremely great singers, Catalani and Pasta, whom she has directly succeeded at the King’s Theatre, and with whom she is consequently immediately compared.	Catalani	Q263405	person	sex or gender	Q6581072	female
Dwight's Journal of Music_1860-012_ms_4	"The directors of the famous Gewandhaus Concerts in Leipzig have invited’ FErpinanp Ui1LER, of Cologne, to the post of conductor, vaca: ted by Rietz; but Hiller, probably the- best man ‘in all Germany, unfortunately declines."	Rietz	Q63745	person	sex or gender	Q6581097	male
the_Musical_Times_ms_1896-635_9_	The Keighley Musical Union, on the 3rd ult., had distinction conferred upon it by the presence of Professor Prout, who conducted a creditable performance of his cantata ‘Hereward,” the chorus - singing being decidedly its finest feature.	Professor Prout	Q5331730	person	sex or gender	Q6581097	male
the_Musical_Times_ms_1901-698_2_	Mr. ARTHUR SOMERVELL gave a concert of his own compositions, at St. James's Hail, on the 7th ult.. at which he played, with Mr. Leonard Borwick, a set of Variations for two pianofortes on an original theme.	Mr. ARTHUR SOMERVELL	Q4800330	person	sex or gender	Q6581097	male
the_Musical_Times_ms_1901-698_2_	Mr. ARTHUR SOMERVELL gave a concert of his own compositions, at St. James's Hail, on the 7th ult.. at which he played, with Mr. Leonard Borwick, a set of Variations for two pianofortes on an original theme.	Mr. Leonard Borwick	Q376085	person	sex or gender	Q6581097	male
the_Musical_Times_ms_1895-634_4_	On the evening of Sunday, the 3rd ult., a special Service was held in St. George’s Church, Stuyvesant Square, in commemoration of the twenty - fifth anniversary of Mr. George William Warren as organist of St. Thomas’s Church.	Mr. George William Warren	Q20726537	person	sex or gender	Q6581097	male
The_Musical_World_ms_1856-036_1_	Madame Viardot, too, must be noticed for the extraordinary fluency and fire she displayed in the unheard - of bravura from Graun’s Britannieus, and Herr Reichardt for his graceful and finished singing in Mozart’s “Dalla sua pace.”	Madame Viardot	Q122998	person	sex or gender	Q6581072	female
The_Musical_World_ms_1856-036_1_	Madame Viardot, too, must be noticed for the extraordinary fluency and fire she displayed in the unheard - of bravura from Graun’s Britannieus, and Herr Reichardt for his graceful and finished singing in Mozart’s “Dalla sua pace.”	Graun	Q161208	person	sex or gender	Q6581097	male
The_Musical_Times_ms_1905-754_4_	Mr. Arthur Bent’s orchestra is also announced to give two concerts on December 7, Tchaikovsky’s Serenade for The third concert by the Choral and Philstrings (Op. 48) and Bach’s Concerto for two violins and orchestra being the chief features.	Tchaikovsky	Q7315	person	sex or gender	Q6581097	male
The_Musical_Times_ms_1905-754_5_	At their first concert, under the direction of Dr. Bates, Mark Ilambourg will be the solo pianist, and the Norwich Choral Society will contribute Hugh Blair’s ‘Trafalgar,’ composed expressly for the Nelson centenary.	Mark Ilambourg	Q1900092	person	sex or gender	Q6581097	male
The_Musical_Times_ms_1905-754_5_	At their first concert, under the direction of Dr. Bates, Mark Ilambourg will be the solo pianist, and the Norwich Choral Society will contribute Hugh Blair’s ‘Trafalgar,’ composed expressly for the Nelson centenary.	Hugh Blair	Q5930050	person	sex or gender	Q6581097	male
The_Musical_Times_ms_1905-754_5_	At their first concert, under the direction of Dr. Bates, Mark Ilambourg will be the solo pianist, and the Norwich Choral Society will contribute Hugh Blair’s ‘Trafalgar,’ composed expressly for the Nelson centenary.	Nelson	Q83235	person	sex or gender	Q6581097	male
The_Musical_Times_ms_1885-505_5_	The performance of the work in St. James's Hall, under Myr. Otto Goldschmidt, had many good points, and Mr. Parry found no small part of a friendly audience willing to bestow applause.	Myr . Otto Goldschmidt	Q320046	person	sex or gender	Q6581097	male
The_Musical_Times_ms_1885-505_5_	The performance of the work in St. James's Hall, under Myr. Otto Goldschmidt, had many good points, and Mr. Parry found no small part of a friendly audience willing to bestow applause.	Mr. Parry	Q6251304	person	sex or gender	Q6581097	male
The Musical Times_1853-106_ms_1	Spagnoletti, the leader, the fine Roman lineaments of whose countenance should have been pourtrayed by a Titian or Vandyke, was the animating spirit of the orchestra.	Titian	Q47551	person	sex or gender	Q6581097	male
The Musical Times_1853-106_ms_1	Spagnoletti, the leader, the fine Roman lineaments of whose countenance should have been pourtrayed by a Titian or Vandyke, was the animating spirit of the orchestra.	Vandyke	Q150679	person	sex or gender	Q6581097	male
The_Musical_World_ms_1856-036_2_	The quartets from Rigoletto and Oberon, both excellent specimens of their widely different schools, could hardly have been intrusted to more competent artists than Madame Novello, Miss Dolby, Mr. Sims Reeves, and Mr. Weiss.	Mr. Weiss	Q8022239	person	sex or gender	Q6581097	male
The Harmonicon_1828-005_ms_2	When Pugnani and Viotti quitted St. Petersburg, where they had been loaded with favours by Catherine the Second, they paid a visit to Berlin, at the time that our violinist was in possession of the public favour.	Catherine the Second	Q36450	person	sex or gender	Q6581072	female
the_Quarterly_Musical_Magazine_And_Review_ms_1827-034_4_	"About forty years ago the company of Italian singers, called the company of Monsieur (since Louis 18th), made the Parisians hear the divine accents of Paisiello and Pergolesi; but this company could not obtain the victory unassisted."	Paisiello	Q202303	person	sex or gender	Q6581097	male
The_Quarterly_Musical_Magazine_And_Review_ms_1826-030_6_	Scarlatti was the next composer of overtures. Then followed the Concerti grossi of Corelli and Vivaldi, and lastly the concertos and overtures of Handel, Bach, Jomelli, Porpora, and Bononcini, with others of less note.	Scarlatti	Q167837	person	sex or gender	Q6581097	male
The_Quarterly_Musical_Magazine_And_Review_ms_1826-030_6_	Scarlatti was the next composer of overtures. Then followed the Concerti grossi of Corelli and Vivaldi, and lastly the concertos and overtures of Handel, Bach, Jomelli, Porpora, and Bononcini, with others of less note.	Vivaldi	Q1340	person	sex or gender	Q6581097	male
The_Quarterly_Musical_Magazine_And_Review_ms_1826-030_6_	Scarlatti was the next composer of overtures. Then followed the Concerti grossi of Corelli and Vivaldi, and lastly the concertos and overtures of Handel, Bach, Jomelli, Porpora, and Bononcini, with others of less note.	Bononcini	Q315241	person	sex or gender	Q6581097	male
The_Musical_World_ms_1855-025_3_	Besides the advantage of Cervetto as a master, our departed friend, Lindley, had also the opportunity, in his youth, of hearing and playing with Crosdill, whose powerful tone excelled that of any previous performer.	Cervetto	Q1364637	person	sex or gender	Q6581097	male
The_Musical_World_ms_1855-025_3_	Besides the advantage of Cervetto as a master, our departed friend, Lindley, had also the opportunity, in his youth, of hearing and playing with Crosdill, whose powerful tone excelled that of any previous performer.	Lindley	Q18593452	person	sex or gender	Q6581097	male
The_Musical_World_ms_1855-025_3_	Besides the advantage of Cervetto as a master, our departed friend, Lindley, had also the opportunity, in his youth, of hearing and playing with Crosdill, whose powerful tone excelled that of any previous performer.	Crosdill	Q6227740	person	sex or gender	Q6581097	male
The_Musical_Times_ms_1901-705_2_	Under the auspices of the Society for the Cultivation of Danish Music, a composition, by Niels W. Gade, entitled ‘Baldur’s Dream,’ for solo voices, chorus, and orchestra, has just been published for the first time.	Niels W. Gade	Q154632	person	sex or gender	Q6581097	male
Dwight's Journal of Music_1859-004_ms_3	"At the Opera we have‘had the “Prophet,” the fanchonette,” the ‘Lucia di Lammermoor,” and “the “Muette de Portici;” a night; each, of Mey erbecr, “Clapisson, Donizetti and Auber."	Clapisson	Q1871594	person	sex or gender	Q6581097	male
The_Quarterly_Musical_Magazine_And_Review_ms_1827-036_1_	Fischer then passed to Italy, and from thence to England, where (in 1769) he formed one of those solo. performers with Abel, Cramer, Crosdill, and Cervetto, for whom John Christian Bach, then in England, wrote solos in his concertos when his - hand was likely to tire or he wanted support.	Fischer	Q820692	person	sex or gender	Q6581097	male
The_Quarterly_Musical_Magazine_And_Review_ms_1827-036_1_	Fischer then passed to Italy, and from thence to England, where (in 1769) he formed one of those solo. performers with Abel, Cramer, Crosdill, and Cervetto, for whom John Christian Bach, then in England, wrote solos in his concertos when his - hand was likely to tire or he wanted support.	Abel	Q168539	person	sex or gender	Q6581097	male
The_Quarterly_Musical_Magazine_And_Review_ms_1827-036_1_	Fischer then passed to Italy, and from thence to England, where (in 1769) he formed one of those solo. performers with Abel, Cramer, Crosdill, and Cervetto, for whom John Christian Bach, then in England, wrote solos in his concertos when his - hand was likely to tire or he wanted support.	Cervetto	Q18529811	person	sex or gender	Q6581097	male
Dwight's Journal of Music_1854-002_ms_3	Inthe year 1720, there appeared a satirical work of ‘Benedetto Marcello, the celebrated author of thé Psalms, which gives a lively -picture of the musical drama at that period.	Benedetto Marcello	Q312784	person	sex or gender	Q6581097	male
The Harmonicon_1832-006_ms_4	I hear with great regret of the sudden death of M. Frederick Kuhlau, of Copenhagen, a composer whose namie is very little known out of Denmark, but who posSessed a very considerable share of talent.	M. Frederick Kuhlau	Q157865	person	sex or gender	Q6581097	male
The Musical Times_1881-455_ms_4	It was, indeed, on his extensive collection of such treasures that Bishop Percy drew when.he published his famous ‘Reliques,” and thus prepared a heaithy revolution ‘in English literature against the stiltedness and pom‘pousness of eighteenth century poets.	Percy	Q712930	person	sex or gender	Q6581097	male
the_Musical_Times_ms_1895-634_1_	On the 5th ult. the Albert Hall was again crowded to excess on the occasion of Mr. Fould’s miscellaneous Concert, when Madame Albani, Miss Clara Butt, Mr. Norman Salmond, M. Johannes Wolff, M. Hollman, and ‘M. Raoul Pugno appeared.	Madame Albani	Q2503633	person	sex or gender	Q6581072	female
the_Musical_Times_ms_1895-634_1_	On the 5th ult. the Albert Hall was again crowded to excess on the occasion of Mr. Fould’s miscellaneous Concert, when Madame Albani, Miss Clara Butt, Mr. Norman Salmond, M. Johannes Wolff, M. Hollman, and ‘M. Raoul Pugno appeared.	Miss Clara Butt	Q461921	person	sex or gender	Q6581072	female
the_Musical_Times_ms_1895-634_1_	On the 5th ult. the Albert Hall was again crowded to excess on the occasion of Mr. Fould’s miscellaneous Concert, when Madame Albani, Miss Clara Butt, Mr. Norman Salmond, M. Johannes Wolff, M. Hollman, and ‘M. Raoul Pugno appeared.	Mr. Norman Salmond	Q5442324	person	sex or gender	Q6581097	male
the_Musical_Times_ms_1895-634_1_	On the 5th ult. the Albert Hall was again crowded to excess on the occasion of Mr. Fould’s miscellaneous Concert, when Madame Albani, Miss Clara Butt, Mr. Norman Salmond, M. Johannes Wolff, M. Hollman, and ‘M. Raoul Pugno appeared.	M. Johannes Wolff	Q21129875	person	sex or gender	Q6581097	male
the_Musical_Times_ms_1895-634_1_	On the 5th ult. the Albert Hall was again crowded to excess on the occasion of Mr. Fould’s miscellaneous Concert, when Madame Albani, Miss Clara Butt, Mr. Norman Salmond, M. Johannes Wolff, M. Hollman, and ‘M. Raoul Pugno appeared.	M. Hollman	Q1406368	person	sex or gender	Q6581097	male
the_Musical_Times_ms_1895-634_1_	On the 5th ult. the Albert Hall was again crowded to excess on the occasion of Mr. Fould’s miscellaneous Concert, when Madame Albani, Miss Clara Butt, Mr. Norman Salmond, M. Johannes Wolff, M. Hollman, and ‘M. Raoul Pugno appeared.	M. Raoul Pugno	Q1333281	person	sex or gender	Q6581097	male
The_Musical_Times_ms_1885-505_6_	The choir is steadily improving in precision, delicacy, and refinement, as was shown on this occasion, more particularly in ‘The Silver Swan” of Orlando Gibbons, Wilbye’s “Stay, Corydon,” and Pearsall’s famous ballad dialogue for ten voices, ‘Sir Patrick Spens.’	Wilbye	Q682089	person	sex or gender	Q6581097	male
The_Musical_Times_ms_1885-505_6_	The choir is steadily improving in precision, delicacy, and refinement, as was shown on this occasion, more particularly in ‘The Silver Swan” of Orlando Gibbons, Wilbye’s “Stay, Corydon,” and Pearsall’s famous ballad dialogue for ten voices, ‘Sir Patrick Spens.’	Pearsall	Q3816877	person	sex or gender	Q6581097	male
Dwight's Journal of Music_1859-004_ms_2	M.. Lubeck, director of the Royal Conservatory ‘at the Hague, sends us his tuning - fork, which 1s somewhat less high than our own, and ‘at the same. time promises us his adhesion and support.	M .. Lubeck	Q4271413	person	sex or gender	Q6581097	male
the_Musical_Times_ms_1884-493_3_	We are glad also to find that Reyer’s Opera ‘Sigurd,” lately received with so much favour in Brussels, will be given, with Madame Albani in the character of the heroine.	Reyer	Q516937	person	sex or gender	Q6581097	male
the_Quarterly_Musical_Magazine_And_Review_ms_1827-034_3_	"If you doubt the excess of folly to which we have been led, during the last three years in the fine arts by our ridiculous vanity, which our journalists distinguish by the name of national honour, I refer you to that amongst our periodical works which possesses most talent, the Jotirnal des Debats; you will there find, in 1824 or 1823, that M. Monsigny, an excellent man, who produced some operas at the Feydeau, is the musician of Europe, that is to say, he is not only as well known as Mozart’ or Cimarosa in London, Vienna, and Naples, but is reputed to be by far superior to them all."	M. Monsigny	Q705124	person	sex or gender	Q6581097	male
the_Musical_Times_ms_1902-709_4_	The first chapter in the volume begins by mentioning Emilio del Cavalieri’s ‘Rappresentatione di anima e di corpo,’ with which the new style of music made its entry into Rome in the year 1600, and then he goes on to show how varied melody, choral polyphony, the lied form, the aria, new tonality, and a feeling for unity were. gradually introduced and developed by such composers as Agazzari, Marco da Gagliano, Stefano Landi (whose works show important advance in form, instrumentation, and characterisation), Michelangelo, Rossi, & c.	Agazzari	Q395563	person	sex or gender	Q6581097	male
the_Musical_Times_ms_1902-709_4_	The first chapter in the volume begins by mentioning Emilio del Cavalieri’s ‘Rappresentatione di anima e di corpo,’ with which the new style of music made its entry into Rome in the year 1600, and then he goes on to show how varied melody, choral polyphony, the lied form, the aria, new tonality, and a feeling for unity were. gradually introduced and developed by such composers as Agazzari, Marco da Gagliano, Stefano Landi (whose works show important advance in form, instrumentation, and characterisation), Michelangelo, Rossi, & c.	Marco da Gagliano	Q540638	person	sex or gender	Q6581097	male
the_Musical_Times_ms_1902-709_4_	The first chapter in the volume begins by mentioning Emilio del Cavalieri’s ‘Rappresentatione di anima e di corpo,’ with which the new style of music made its entry into Rome in the year 1600, and then he goes on to show how varied melody, choral polyphony, the lied form, the aria, new tonality, and a feeling for unity were. gradually introduced and developed by such composers as Agazzari, Marco da Gagliano, Stefano Landi (whose works show important advance in form, instrumentation, and characterisation), Michelangelo, Rossi, & c.	Stefano Landi	Q381943	person	sex or gender	Q6581097	male
the_Musical_Times_ms_1902-709_4_	The first chapter in the volume begins by mentioning Emilio del Cavalieri’s ‘Rappresentatione di anima e di corpo,’ with which the new style of music made its entry into Rome in the year 1600, and then he goes on to show how varied melody, choral polyphony, the lied form, the aria, new tonality, and a feeling for unity were. gradually introduced and developed by such composers as Agazzari, Marco da Gagliano, Stefano Landi (whose works show important advance in form, instrumentation, and characterisation), Michelangelo, Rossi, & c.	Michelangelo , Rossi	Q966250	person	sex or gender	Q6581097	male
TheHarmonicon__1832-012.txt_1315	We now open the volume, and the presentation - plate immediately attracts our notice — an elegant lithographed design by Hamerton.	Hamerton	Q52498671	person	sex or gender	Q6581097	male
The Musical Times_1871-335_ms_5	"On the Ist of April following, Judas Maccabeus was reproduced, which had been brought out in the previous year as an ode of victory, a musical ovation, to William, Duke of Cumberland, in honour of his success against the unfortunate Charles Edward; and, on its reproduction, the song of triumph was interpolated into it from the other work, for, we may well believe, it had already become popular, although it had been first heard but three weeks before, and it embodied to the very life the people’s feelings; and since that occasion the piece has been integral to both Oratorios."	Charles Edward	Q312581	person	sex or gender	Q6581097	male
TheQuarterlyMusicalMagazineAndReview__1824-022.txt_3025	The next is a solo for an alto, anda quartet from Naumann.	Naumann	Q213927	person	sex or gender	Q6581097	male
The Harmonicon_1832-006_ms_1	In the course of his studies he had composed several masses, motets, hymns, kyries,. magnificats, and other June, 1832. works in the church - style, which were occasionally performed at the chapel at Munich, so greatly to his reputation, that Ernest Augustus, Duke of Brunswick, the father of George I. of England, though a Protestant prince, being a passionate lover of music, invited him to the court of Hanover, conferred on him, it has been said, the appointment of master of his chapel *, and committed to his care the management of the Opera, an entertainment which had then but lately found its way into Germany.	Ernest Augustus , Duke of Brunswick	Q372190	person	sex or gender	Q6581097	male
The Harmonicon_1832-006_ms_1	In the course of his studies he had composed several masses, motets, hymns, kyries,. magnificats, and other June, 1832. works in the church - style, which were occasionally performed at the chapel at Munich, so greatly to his reputation, that Ernest Augustus, Duke of Brunswick, the father of George I. of England, though a Protestant prince, being a passionate lover of music, invited him to the court of Hanover, conferred on him, it has been said, the appointment of master of his chapel *, and committed to his care the management of the Opera, an entertainment which had then but lately found its way into Germany.	George I. of England	Q130805	person	sex or gender	Q6581097	male
The Harmonicon_1827-002_ms_4	"Among the many that resorted to him for instruction, was Lord Paisley, afterwards Earl of Abercorn; to whom Dr. Pepusch had communicated lessons in writing for his private study, with no other stipulation not to impart them to the world, than is implied in the mutual relation of teacher and scholar: which, however, it seems, was so ill understood, that in the year 1730 the substance of these lessons was by his pupil published, under the following title: A short Treatise on Harmony, containing the chief rules for composing in two, three, and four parts, dedicated to all lovers of music."	Lord Paisley	Q3806590	person	sex or gender	Q6581097	male
TheMusicalWorld__1844-006.txt_135	, Wilson’s lecture was distinguished, as usual, by its good sense, and his vocal illustrations were exquisite	Wilson	Q6264502	person	sex or gender	Q6581097	male
The_Musical_Times_ms_1899-680_1_	"In addition to the works already named, Mr. Randegger has composeda scena, ‘Medea,” sung by Madame Rudersdorff at the Leipzig Gewandhaus in 1869, of which the original autograph score is now preserved in the library of the Gewandhaus; “Saffo,” sung by Madame Lemmens Sherrington at the British Orchestral Society’s concert, March 31, 1875; the 150th Psalm, for. soprano solo, chorus, orchestra, and organ, written for the Boston (Mass.) Festival, 1872; and a scena, “The Prayer of Nature” (Byron), for Mr. Edward Lloyd, Philharmonic: Society, June 9, 1887."	Madame Rudersdorff	Q17575680	person	sex or gender	Q6581072	female
The_Musical_Times_ms_1899-680_1_	"In addition to the works already named, Mr. Randegger has composeda scena, ‘Medea,” sung by Madame Rudersdorff at the Leipzig Gewandhaus in 1869, of which the original autograph score is now preserved in the library of the Gewandhaus; “Saffo,” sung by Madame Lemmens Sherrington at the British Orchestral Society’s concert, March 31, 1875; the 150th Psalm, for. soprano solo, chorus, orchestra, and organ, written for the Boston (Mass.) Festival, 1872; and a scena, “The Prayer of Nature” (Byron), for Mr. Edward Lloyd, Philharmonic: Society, June 9, 1887."	Madame Lemmens Sherrington	Q1027279	person	sex or gender	Q6581072	female